date,close_raw
2013-02-08,6.0
2013-02-18,6.3
2013-02-19,6.62
2013-02-20,6.58
2013-02-21,6.91
2013-02-22,7.01
2013-02-25,7.02
2013-08-19,7.72
2013-08-20,8.49
2013-08-21,9.34
2013-08-22,10.27
2013-08-23,11.3
2013-08-26,12.43
2013-08-27,13.67
2013-08-28,15.0
2013-08-29,14.75
2013-08-30,13.28
2013-09-02,13.04
2013-09-03,13.64
2013-09-04,13.82
2013-09-05,14.0
2013-09-06,14.7
2013-09-09,16.0
2013-09-10,16.95
2013-09-11,16.93
2013-09-12,15.46
2013-09-13,15.99
2013-09-16,15.26
2013-09-17,14.48
2013-09-18,14.86
2013-09-23,15.18
2013-09-24,15.9
2013-09-25,16.69
2013-09-26,15.31
2013-09-27,15.65
2013-09-30,17.22
2013-10-08,18.94
2013-10-09,19.49
2013-10-10,18.42
2013-10-11,18.82
2013-10-14,18.92
2013-10-15,18.68
2013-10-16,16.94
2013-10-17,15.89
2013-10-18,15.5
2013-10-21,15.73
2013-10-22,14.16
2013-10-23,14.43
2013-10-24,14.15
2013-10-25,13.89
2013-10-28,13.91
2013-10-29,13.36
2013-10-30,13.21
2013-10-31,12.96
2013-11-01,12.73
2013-11-04,12.76
2013-11-05,13.13
2013-11-06,12.58
2013-11-07,12.18
2013-11-08,12.0
2013-11-11,12.0
2013-11-12,12.32
2013-11-13,12.07
2013-11-14,12.28
2013-11-15,12.51
2013-11-18,12.9
2013-11-19,13.02
2013-11-20,13.0
2013-11-21,13.17
2013-11-22,12.9
2013-11-25,12.37
2013-11-26,11.72
2013-11-27,12.3
2013-11-28,12.14
2013-11-29,13.23
2013-12-02,11.91
2013-12-03,11.68
2013-12-04,12.16
2013-12-05,11.85
2013-12-06,12.06
2013-12-09,12.04
2013-12-10,12.2
2013-12-11,12.54
2013-12-12,12.45
2013-12-13,12.11
2013-12-16,12.06
2013-12-17,11.66
2013-12-18,11.69
2013-12-19,11.31
2013-12-20,11.04
2013-12-23,10.88
2013-12-24,11.09
2013-12-25,11.71
2013-12-26,11.4
2013-12-27,11.79
2013-12-30,12.45
2013-12-31,12.43
2014-01-02,12.6
2014-01-10,13.86
2014-01-13,15.25
2014-01-14,16.22
2014-01-15,15.5
2014-01-16,15.56
2014-01-17,14.95
2014-01-20,16.45
2014-01-21,16.98
2014-01-22,16.61
2014-01-23,18.27
2014-01-24,18.3
2014-01-27,18.11
2014-01-28,17.56
2014-01-29,17.7
2014-01-30,17.56
2014-02-07,18.09
2014-02-10,18.8
2014-02-11,19.27
2014-02-12,18.92
2014-02-13,17.89
2014-02-14,18.12
2014-02-17,18.29
2014-02-18,18.93
2014-02-19,20.81
2014-02-20,20.05
2014-02-21,19.35
2014-02-24,19.5
2014-02-25,19.28
2014-02-26,21.21
2014-02-27,23.33
2014-02-28,24.15
2014-03-03,23.65
2014-03-04,23.47
2014-03-05,25.12
2014-03-06,26.0
2014-03-07,24.85
2014-03-10,22.69
2014-03-11,22.96
2014-03-12,20.66
2014-03-13,20.65
2014-03-14,21.94
2014-03-17,22.85
2014-03-18,23.77
2014-03-19,23.89
2014-03-20,22.92
2014-03-21,22.86
2014-03-24,22.31
2014-03-25,23.1
2014-03-26,22.55
2014-03-27,21.45
2014-03-28,19.31
2014-03-31,19.41
2014-04-01,19.68
2014-04-02,18.3
2014-04-03,18.31
2014-04-04,18.95
2014-04-08,18.74
2014-04-09,19.69
2014-04-10,20.4
2014-04-11,20.75
2014-04-14,20.39
2014-04-15,20.18
2014-04-16,19.62
2014-04-17,19.47
2014-04-18,19.49
2014-04-21,18.58
2014-04-22,18.28
2014-04-23,18.3
2014-04-24,17.9
2014-04-25,18.0
2014-04-28,17.12
2014-04-29,17.11
2014-04-30,18.2
2014-05-05,18.55
2014-05-06,18.64
2014-05-07,17.9
2014-05-08,17.96
2014-05-09,18.43
2014-05-12,18.98
2014-05-13,19.79
2014-05-14,19.79
2014-05-15,19.65
2014-05-16,18.74
2014-05-19,18.1
2014-05-20,18.27
2014-05-21,18.76
2014-05-22,18.5
2014-05-23,19.3
2014-05-26,20.0
2014-05-27,19.36
2014-05-28,20.2
2014-05-29,19.64
2014-05-30,19.74
2014-06-03,19.66
2014-06-04,19.19
2014-06-05,19.72
2014-06-06,20.78
2014-06-09,20.55
2014-06-10,20.9
2014-06-11,21.9
2014-06-12,21.8
2014-06-13,22.27
2014-06-16,22.2
2014-06-17,21.72
2014-06-18,21.16
2014-06-19,20.27
2014-06-20,21.0
2014-06-23,21.5
2014-06-24,21.59
2014-06-25,20.5
2014-06-26,21.01
2014-06-27,20.59
2014-06-30,20.99
2014-07-01,20.7
2014-07-02,21.94
2014-07-03,22.14
2014-07-04,21.89
2014-07-07,21.73
2014-07-08,21.58
2014-07-09,21.73
2014-07-10,21.0
2014-07-11,20.63
2014-07-14,20.51
2014-07-15,20.7
2014-07-16,20.6
2014-07-17,19.83
2014-07-18,19.85
2014-07-21,20.85
2014-07-22,21.09
2014-07-23,20.95
2014-07-24,20.96
2014-07-25,20.88
2014-07-28,20.9
2014-07-29,20.75
2014-07-30,21.98
2014-07-31,21.89
2014-08-01,21.3
2014-08-04,22.03
2014-08-05,22.2
2014-08-06,22.06
2014-08-28,24.27
2014-08-29,25.6
2014-09-01,25.45
2014-09-02,24.8
2014-09-03,25.15
2014-09-04,24.83
2014-09-05,24.89
2014-09-09,25.58
2014-09-10,26.72
2014-09-11,25.7
2014-09-12,25.44
2014-09-15,25.43
2014-09-16,24.5
2014-09-17,23.95
2014-09-18,24.13
2014-09-19,24.28
2014-09-22,23.75
2014-09-23,23.8
2014-09-24,23.83
2014-09-25,25.05
2014-09-26,25.15
2014-09-29,25.46
2014-09-30,25.92
2014-10-08,25.88
2014-10-09,25.4
2014-10-10,24.66
2014-10-13,24.51
2014-10-14,24.5
2014-10-15,25.08
2014-10-16,24.41
2014-10-17,23.8
2014-10-20,23.91
2014-10-21,23.84
2014-10-22,23.7
2014-10-23,23.12
2014-10-24,23.33
2014-10-27,23.2
2014-10-28,23.59
2014-10-29,24.03
2014-10-30,23.52
2014-10-31,22.86
2014-11-03,22.9
2014-11-04,22.5
2014-11-05,22.1
2014-11-06,22.45
2014-11-07,21.88
2014-11-10,21.8
2014-11-11,23.0
2014-11-12,22.82
2014-11-13,23.42
2014-11-14,23.6
2014-11-17,23.53
2014-11-18,22.6
2014-11-19,23.3
2014-11-20,23.02
2014-11-21,23.55
2014-11-24,23.46
2014-11-25,23.52
2014-11-26,23.5
2014-11-27,25.23
2014-11-28,25.95
2014-12-01,26.6
2014-12-02,26.25
2014-12-03,26.25
2014-12-04,26.3
2014-12-05,24.3
2014-12-08,23.35
2014-12-09,22.76
2014-12-10,23.8
2014-12-11,23.33
2014-12-12,23.62
2014-12-15,25.26
2014-12-16,24.68
2014-12-17,23.97
2014-12-18,23.68
2014-12-19,23.53
2014-12-22,21.35
2014-12-23,20.5
2014-12-24,21.0
2014-12-25,21.6
2014-12-26,21.97
2014-12-29,21.5
2014-12-30,20.6
2014-12-31,20.98
2015-01-05,21.28
2015-01-06,21.93
2015-01-07,21.48
2015-01-08,20.87
2015-01-09,20.81
2015-01-12,20.84
2015-01-13,21.18
2015-01-14,20.47
2015-01-15,20.24
2015-01-16,21.9
2015-01-19,22.68
2015-01-20,24.02
2015-01-21,23.95
2015-01-22,24.27
2015-01-23,24.1
2015-01-26,24.14
2015-01-27,24.09
2015-01-28,25.48
2015-01-29,25.37
2015-01-30,24.8
2015-02-02,24.73
2015-02-03,25.54
2015-02-04,25.54
2015-02-05,26.5
2015-02-06,25.64
2015-02-09,23.8
2015-02-10,24.25
2015-02-11,26.0
2015-02-12,26.6
2015-02-13,26.88
2015-02-16,27.98
2015-02-17,27.5
2015-02-25,27.76
2015-02-26,27.43
2015-02-27,28.9
2015-03-02,30.78
2015-03-03,30.42
2015-03-04,31.62
2015-03-05,33.54
2015-03-06,32.61
2015-03-09,33.4
2015-03-10,34.69
2015-03-11,33.95
2015-03-12,32.85
2015-03-13,33.39
2015-03-16,36.3
2015-03-17,35.99
2015-03-18,38.21
2015-03-19,38.45
2015-03-20,42.0
2015-03-23,43.3
2015-03-24,42.03
2015-03-25,42.26
2015-03-26,43.3
2015-03-27,42.33
2015-03-30,40.78
2015-03-31,41.19
2015-04-01,41.3
2015-04-02,44.0
2015-04-03,46.85
2015-04-07,48.4
2015-04-08,45.74
2015-04-09,44.29
2015-04-10,45.09
2015-04-13,44.0
2015-04-14,42.65
2015-04-15,42.56
2015-04-16,42.82
2015-04-17,41.75
2015-04-20,40.0
2015-04-21,42.4
2015-04-22,43.16
2015-04-23,44.15
2015-04-24,42.1
2015-04-27,42.19
2015-04-28,39.37
2015-04-29,41.2
2015-04-30,41.8
2015-05-04,41.93
2015-05-05,39.98
2015-05-06,39.89
2015-05-07,37.29
2015-05-08,41.02
2015-05-11,45.12
2015-05-12,49.63
2015-05-13,52.02
2015-05-14,57.22
2015-05-15,54.3
2015-05-18,56.78
2015-05-19,57.3
2015-05-20,60.5
2015-05-21,60.53
2015-05-22,58.99
2015-05-25,58.5
2015-05-26,64.35
2015-05-27,63.15
2015-05-28,58.0
2015-05-29,59.23
2015-06-01,61.21
2015-06-02,67.33
2015-06-03,69.89
2015-06-04,66.91
2015-06-05,65.87
2015-06-08,60.5
2015-06-09,57.42
2015-06-10,59.78
2015-06-11,60.71
2015-06-12,59.26
2015-06-15,55.8
2015-06-16,51.97
2015-06-17,54.17
2015-06-18,53.7
2015-06-19,52.5
2015-06-23,52.45
2015-06-24,52.43
2015-06-25,47.48
2015-06-26,42.73
2015-06-29,38.51
2015-06-30,41.06
2015-07-01,38.0
2015-07-02,34.2
2015-07-03,30.78
2015-07-06,27.8
2015-07-07,25.02
2015-07-14,27.52
2015-07-15,29.45
2015-07-16,31.78
2015-07-17,34.96
2015-07-20,36.15
2015-07-21,37.02
2015-07-22,36.45
2015-07-23,37.69
2015-07-24,36.75
2015-07-27,33.08
2015-07-28,29.77
2015-07-29,32.0
2015-07-30,30.09
2015-07-31,30.7
2015-08-03,28.5
2015-08-04,30.4
2015-08-05,29.26
2015-08-06,28.65
2015-08-07,30.12
2015-08-10,33.13
2015-08-11,33.35
2015-08-12,33.5
2015-08-13,34.3
2015-08-14,33.9
2015-08-17,33.07
2015-08-18,29.76
2015-08-19,30.85
2015-08-20,29.5
2015-08-21,27.4
2015-08-24,24.66
2015-08-25,22.19
2015-08-26,19.97
2015-08-27,20.86
2015-08-28,22.6
2015-08-31,20.34
2015-09-01,18.31
2015-09-02,18.65
2015-09-07,19.04
2015-09-08,20.85
2015-09-09,22.31
2015-09-10,21.82
2015-09-11,21.7
2015-09-14,19.8
2015-09-15,17.83
2015-09-16,19.61
2015-09-17,20.44
2015-09-18,21.3
2015-09-21,23.43
2015-09-22,24.95
2015-09-23,24.51
2015-09-24,25.51
2015-09-25,24.3
2015-09-28,25.81
2015-09-29,26.05
2015-09-30,26.48
2015-10-08,27.17
2015-10-09,26.97
2015-10-12,27.96
2015-10-13,27.56
2015-10-14,26.3
2015-10-15,27.75
2015-10-16,28.61
2015-10-19,30.48
2015-10-20,30.97
2015-10-21,27.87
2015-10-22,29.2
2015-10-23,29.1
2015-10-26,30.35
2015-10-27,29.75
2015-10-28,29.0
2015-10-29,29.11
2015-10-30,28.22
2015-11-02,26.85
2015-11-03,26.7
2015-11-04,28.93
2015-11-05,28.75
2015-11-06,30.17
2015-11-09,30.22
2015-11-10,30.07
2015-11-11,33.08
2015-11-12,35.62
2015-11-13,36.71
2015-11-16,40.38
2015-11-17,41.45
2015-11-18,39.28
2015-11-19,40.38
2015-11-20,39.15
2015-11-23,37.76
2015-11-24,38.95
2015-11-25,40.82
2015-11-26,40.23
2015-11-27,36.21
2015-11-30,36.1
2015-12-01,34.31
2015-12-02,32.98
2015-12-03,34.41
2015-12-04,34.17
2015-12-07,35.08
2015-12-08,33.57
2015-12-09,33.64
2015-12-10,34.66
2015-12-11,33.72
2015-12-14,33.1
2015-12-15,33.88
2015-12-16,35.01
2015-12-17,37.5
2015-12-18,39.05
2015-12-21,37.5
2015-12-22,37.7
2015-12-23,36.48
2015-12-24,36.99
2015-12-25,37.48
2015-12-28,38.18
2015-12-29,39.07
2015-12-30,40.69
2015-12-31,38.01
2016-01-04,34.22
2016-01-05,32.5
2016-01-06,32.96
2016-01-07,29.66
2016-01-08,28.8
2016-01-11,25.92
2016-01-12,24.81
2016-01-13,24.76
2016-01-14,27.24
2016-01-15,25.88
2016-01-18,27.03
2016-01-19,28.6
2016-01-20,28.52
2016-01-21,27.26
2016-01-22,27.91
2016-01-25,28.67
2016-01-26,27.78
2016-01-27,26.0
2016-01-28,23.5
2016-02-19,25.85
2016-02-22,28.44
2016-02-23,31.28
2016-02-24,29.9
2016-02-25,26.91
2016-02-26,26.87
2016-02-29,24.18
2016-03-01,24.52
2016-03-02,25.54
2016-03-03,25.3
2016-03-04,23.16
2016-03-07,23.58
2016-03-08,23.16
2016-03-09,22.48
2016-03-10,22.96
2016-03-11,22.51
2016-03-14,23.73
2016-03-15,23.26
2016-03-16,22.97
2016-03-17,24.35
2016-03-18,26.46
2016-03-21,27.0
2016-03-22,26.42
2016-03-23,26.84
2016-03-24,25.88
2016-03-25,25.84
2016-03-28,25.43
2016-03-29,24.09
2016-03-30,25.55
2016-03-31,26.13
2016-04-01,25.45
2016-04-05,26.4
2016-04-06,27.89
2016-04-07,26.66
2016-04-08,25.65
2016-04-11,26.19
2016-04-12,25.44
2016-04-13,26.2
2016-04-14,27.31
2016-04-15,27.48
2016-04-18,26.91
2016-04-19,27.14
2016-04-20,24.83
2016-04-21,24.35
2016-04-22,24.7
2016-04-25,24.2
2016-04-26,24.46
2016-04-27,24.38
2016-04-28,24.08
2016-04-29,23.87
2016-05-03,24.89
2016-05-04,24.59
2016-05-05,24.88
2016-05-06,23.51
2016-05-09,22.38
2016-05-10,22.59
2016-05-11,22.22
2016-05-12,21.86
2016-05-13,21.65
2016-05-16,22.07
2016-05-17,21.96
2016-05-18,21.07
2016-05-19,21.4
2016-05-20,21.55
2016-05-23,21.73
2016-05-24,21.32
2016-05-25,21.57
2016-05-26,21.69
2016-05-27,21.58
2016-05-30,21.36
2016-05-31,23.25
2016-06-01,23.01
2016-06-02,23.33
2016-06-03,23.34
2016-06-06,23.18
2016-06-07,23.06
2016-06-08,23.5
2016-06-13,21.61
2016-06-14,21.56
2016-06-15,22.25
2016-06-16,21.8
2016-06-17,22.09
2016-06-20,21.92
2016-06-21,21.87
2016-06-22,22.25
2016-06-23,22.47
2016-06-24,21.93
2016-06-27,22.86
2016-06-28,23.5
2016-06-29,23.4
2016-06-30,23.65
2016-07-01,23.22
2016-07-04,23.63
2016-07-05,23.67
2016-07-06,24.1
2016-07-07,23.6
2016-07-08,23.47
2016-07-11,23.22
2016-07-12,23.57
2016-07-13,24.8
2016-07-14,25.79
2016-07-15,24.94
2016-07-18,25.0
2016-07-19,25.52
2016-07-20,25.02
2016-07-21,24.97
2016-07-22,25.06
2016-07-25,24.65
2016-07-26,24.94
2016-07-27,23.1
2016-07-28,22.58
2016-07-29,22.18
2016-08-01,22.11
2016-08-02,22.19
2016-08-03,22.05
2016-08-04,22.34
2016-08-05,23.16
2016-08-08,23.29
2016-08-09,23.39
2016-08-10,23.57
2016-08-11,22.81
2016-08-12,22.93
2016-08-15,23.35
2016-08-16,23.5
2016-08-17,23.35
2016-08-18,23.15
2016-08-19,22.98
2016-08-22,22.76
2016-08-23,22.89
2016-08-24,22.85
2016-08-25,22.8
2016-08-26,22.89
2016-08-29,22.61
2016-08-30,22.58
2016-08-31,22.46
2016-09-01,22.35
2016-09-02,22.4
2016-09-05,22.5
2016-09-06,22.85
2016-09-07,22.68
2016-09-08,22.8
2016-09-09,22.89
2016-09-12,22.26
2016-09-13,22.38
2016-09-14,22.22
2016-09-19,22.69
2016-09-20,22.7
2016-09-21,22.72
2016-09-22,22.82
2016-09-23,22.45
2016-09-26,22.16
2016-09-27,22.65
2016-09-28,22.6
2016-09-29,22.86
2016-09-30,23.89
2016-10-10,24.25
2016-10-11,24.13
2016-10-12,24.09
2016-10-13,24.15
2016-10-14,23.73
2016-10-17,23.3
2016-10-18,23.63
2016-10-19,23.42
2016-10-20,23.78
2016-10-21,23.49
2016-10-24,23.57
2016-10-25,23.5
2016-10-26,23.89
2016-10-27,23.55
2016-10-28,22.96
2016-10-31,22.6
2016-11-01,22.78
2016-11-02,22.39
2016-11-03,22.38
2016-11-04,22.46
2016-11-07,22.4
2016-11-08,22.55
2016-11-09,22.27
2016-11-10,22.53
2016-11-11,22.68
2016-11-14,23.24
2016-11-15,23.29
2016-11-16,23.78
2016-11-17,23.35
2016-11-18,23.08
2016-11-21,23.1
2016-11-22,23.4
2016-11-23,23.04
2016-11-24,22.57
2016-11-25,22.83
2016-11-28,22.52
2016-11-29,22.31
2016-11-30,22.34
2016-12-01,22.33
2016-12-02,21.83
2016-12-05,21.74
2016-12-06,21.57
2016-12-07,21.7
2016-12-08,21.5
2016-12-09,21.22
2016-12-12,19.23
2016-12-13,19.49
2016-12-14,19.13
2016-12-15,19.28
2016-12-16,19.42
2016-12-19,19.36
2016-12-20,19.36
2016-12-21,19.48
2016-12-22,19.4
2016-12-23,19.1
2016-12-26,19.54
2016-12-27,19.4
2016-12-28,19.16
2016-12-29,19.12
2016-12-30,19.06
2017-01-03,19.24
2017-01-04,19.71
2017-01-05,19.5
2017-01-06,19.33
2017-01-09,19.27
2017-01-10,19.29
2017-01-11,19.17
2017-01-12,19.05
2017-01-13,18.11
2017-01-16,16.98
2017-01-17,16.97
2017-01-18,16.97
2017-01-19,16.88
2017-01-20,17.57
2017-01-23,17.71
2017-01-24,17.47
2017-01-25,17.64
2017-01-26,17.55
2017-02-03,17.46
2017-02-06,17.64
2017-02-07,17.52
2017-02-08,17.7
2017-02-09,18.2
2017-02-10,17.95
2017-02-13,18.0
2017-02-14,17.9
2017-02-15,17.65
2017-02-16,17.67
2017-02-17,17.32
2017-02-20,17.49
2017-02-21,17.83
2017-02-22,18.17
2017-02-23,18.01
2017-02-24,18.75
2017-02-27,18.57
2017-02-28,19.06
2017-03-01,19.11
2017-03-02,18.84
2017-03-03,18.78
2017-03-06,19.39
2017-03-07,20.1
2017-03-08,20.05
2017-03-09,20.48
2017-03-10,20.4
2017-03-13,20.19
2017-03-14,20.0
2017-03-15,20.01
2017-03-16,19.98
2017-03-17,19.91
2017-03-20,20.4
2017-03-21,20.07
2017-03-22,20.36
2017-03-23,19.7
2017-03-24,19.14
2017-03-27,19.08
2017-03-28,19.05
2017-03-29,18.83
2017-03-30,19.22
2017-03-31,19.14
2017-04-05,19.33
2017-04-06,19.26
2017-04-07,18.33
2017-04-10,17.75
2017-04-11,18.0
2017-04-12,17.97
2017-04-13,18.28
2017-04-14,18.2
2017-04-17,18.13
2017-04-18,18.3
2017-04-19,18.16
2017-04-20,18.14
2017-04-21,18.08
2017-04-24,17.84
2017-04-25,17.7
2017-04-26,17.77
2017-04-27,18.3
2017-04-28,18.57
2017-05-02,18.54
2017-05-03,18.49
2017-05-04,18.48
2017-05-05,18.0
2017-05-08,17.75
2017-05-09,16.65
2017-05-10,15.35
2017-05-11,15.38
2017-05-12,15.46
2017-05-15,15.62
2017-05-16,16.65
2017-05-17,16.57
2017-05-18,16.45
2017-05-19,16.15
2017-05-22,16.37
2017-05-23,16.16
2017-05-24,16.19
2017-05-25,16.05
2017-05-26,16.07
2017-05-31,15.7
2017-06-01,15.49
2017-06-02,15.7
2017-06-05,16.12
2017-06-06,15.99
2017-06-07,16.42
2017-06-08,16.42
2017-06-09,16.18
2017-06-12,16.0
2017-06-13,16.21
2017-06-14,16.13
2017-06-15,16.38
2017-06-16,16.39
2017-06-19,16.43
2017-06-20,16.47
2017-06-21,16.23
2017-06-22,15.63
2017-06-23,15.81
2017-06-26,16.03
2017-06-27,15.81
2017-06-28,15.79
2017-06-29,15.69
2017-06-30,15.66
2017-07-03,16.0
2017-07-04,15.92
2017-07-05,15.97
2017-07-06,16.11
2017-07-07,16.11
2017-07-10,15.6
2017-07-11,15.5
2017-07-12,15.23
2017-07-13,14.96
2017-07-14,14.58
2017-07-17,14.6
2017-07-18,14.5
2017-07-19,14.46
2017-07-20,14.84
2017-07-21,14.51
2017-07-24,14.57
2017-07-25,14.7
2017-07-26,14.5
2017-07-27,14.9
2017-07-28,14.87
2017-07-31,14.63
2017-08-01,14.58
2017-08-02,14.57
2017-08-03,14.5
2017-08-04,14.39
2017-08-07,14.54
2017-08-08,14.53
2017-08-09,14.54
2017-08-10,14.4
2017-08-11,14.32
2017-08-14,14.6
2017-08-15,14.69
2017-08-16,15.1
2017-08-17,15.39
2017-08-18,15.16
2017-08-21,15.17
2017-08-22,15.57
2017-08-23,15.35
2017-08-24,15.36
2017-08-25,15.5
2017-08-28,15.73
2017-08-29,15.58
2017-08-30,17.14
2017-08-31,17.88
2017-09-01,17.69
2017-09-04,18.2
2017-09-05,18.18
2017-09-06,18.22
2017-09-07,18.82
2017-09-08,18.82
2017-09-11,18.6
2017-09-12,18.42
2017-09-13,18.92
2017-09-14,18.94
2017-09-15,18.39
2017-09-18,18.43
2017-09-19,18.28
2017-09-20,18.22
2017-09-21,18.02
2017-09-22,17.74
2017-09-25,17.7
2017-09-26,18.35
2017-09-27,18.0
2017-09-28,18.2
2017-09-29,18.23
2017-10-09,18.77
2017-10-10,19.44
2017-10-11,20.45
2017-10-12,20.14
2017-10-13,20.32
2017-10-16,19.7
2017-10-17,19.52
2017-10-18,19.3
2017-10-19,18.81
2017-10-20,19.08
2017-10-23,19.83
2017-10-24,19.76
2017-10-25,19.3
2017-10-26,18.57
2017-10-27,18.86
2017-10-30,18.06
2017-10-31,18.17
2017-11-01,18.26
2017-11-02,18.26
2017-11-03,17.91
2017-11-06,18.62
2017-11-07,18.97
2017-11-08,19.98
2017-11-09,19.5
2017-11-10,19.98
2017-11-13,19.78
2017-11-14,19.41
2017-11-15,18.9
2017-11-16,20.0
2017-11-17,19.32
2017-11-20,19.86
2017-11-21,20.55
2017-11-22,19.7
2017-11-23,18.3
2017-11-24,18.16
2017-11-27,18.35
2017-11-28,18.22
2017-11-29,17.8
2017-11-30,17.63
2017-12-01,19.39
2017-12-04,19.5
2017-12-05,19.33
2017-12-06,19.64
2017-12-07,19.4
2017-12-08,20.27
2017-12-11,20.35
2017-12-12,20.3
2017-12-13,20.7
2017-12-14,20.94
2017-12-15,20.29
2017-12-18,20.85
2017-12-19,20.62
2017-12-20,20.37
2017-12-21,20.9
2017-12-22,20.66
2017-12-25,19.85
2017-12-26,19.75
2017-12-27,19.67
2017-12-28,19.63
2017-12-29,19.5
2018-01-02,19.54
2018-01-03,20.0
2018-01-04,19.24
2018-01-05,19.08
2018-01-08,18.76
2018-01-09,18.24
2018-01-10,20.06
2018-01-11,20.81
2018-01-12,20.79
2018-01-15,19.05
2018-01-16,18.76
2018-01-17,18.57
2018-01-18,18.66
2018-01-19,19.03
2018-01-22,19.2
2018-01-23,18.74
2018-01-24,20.0
2018-01-25,20.92
2018-01-26,20.9
2018-01-29,21.28
2018-01-30,20.65
2018-01-31,20.27
2018-02-01,19.85
2018-02-02,21.36
2018-02-05,19.86
2018-02-06,21.5
2018-02-07,22.95
2018-02-08,23.02
2018-02-09,21.29
2018-02-12,22.6
2018-02-13,22.25
2018-02-14,22.08
2018-02-22,22.85
2018-02-23,23.54
2018-02-26,25.4
2018-02-27,24.98
2018-02-28,24.71
2018-03-01,27.18
2018-03-02,26.0
2018-03-05,27.38
2018-03-06,26.8
2018-03-07,26.4
2018-03-08,25.5
2018-03-09,26.73
2018-03-12,27.0
2018-03-13,26.02
2018-03-14,25.49
2018-03-15,26.21
2018-03-16,25.69
2018-03-19,27.47
2018-03-20,28.07
2018-03-21,27.38
2018-03-22,27.09
2018-03-23,24.38
2018-03-26,25.19
2018-03-27,26.87
2018-03-28,26.8
2018-03-29,25.83
2018-03-30,27.6
2018-04-02,27.79
2018-04-03,28.17
2018-04-04,26.88
2018-04-09,26.36
2018-04-10,27.08
2018-04-11,27.59
2018-04-12,26.78
2018-04-13,26.82
2018-04-16,26.55
2018-04-17,25.13
2018-04-18,25.89
2018-04-19,24.99
2018-04-20,24.25
2018-04-23,23.0
2018-04-24,25.1
2018-04-25,25.27
2018-04-26,25.51
2018-04-27,26.01
2018-05-02,26.04
2018-05-03,25.84
2018-05-04,25.68
2018-05-07,26.7
2018-05-08,26.8
2018-05-09,26.56
2018-05-10,26.86
2018-05-11,27.27
2018-05-14,26.92
2018-05-15,26.74
2018-05-16,27.67
2018-05-17,26.7
2018-05-18,28.59
2018-05-21,29.95
2018-05-22,29.95
2018-05-23,29.88
2018-05-24,28.99
2018-05-25,29.08
2018-05-28,29.49
2018-05-29,29.72
2018-05-30,27.95
2018-05-31,27.86
2018-06-01,28.64
2018-06-04,26.95
2018-06-05,29.24
2018-06-06,29.1
2018-06-07,28.09
2018-06-08,28.46
2018-06-11,27.68
2018-06-12,27.81
2018-06-13,26.8
2018-06-14,25.92
2018-06-15,26.08
2018-06-19,24.89
2018-06-20,25.62
2018-06-21,25.65
2018-06-22,26.83
2018-06-25,26.26
2018-06-26,27.29
2018-06-27,27.37
2018-06-28,26.38
2018-06-29,28.7
2018-07-02,28.48
2018-07-03,28.56
2018-07-04,27.75
2018-07-05,26.91
2018-07-06,27.3
2018-07-09,28.38
2018-07-10,28.38
2018-07-11,28.1
2018-07-12,28.95
2018-07-13,28.3
2018-07-16,28.39
2018-07-17,28.42
2018-07-18,27.79
2018-07-19,26.76
2018-07-20,26.97
2018-07-23,27.0
2018-07-24,27.2
2018-07-25,27.1
2018-07-26,26.5
2018-07-27,26.75
2018-07-30,27.18
2018-07-31,27.28
2018-08-01,26.1
2018-08-02,25.62
2018-08-03,24.88
2018-08-06,23.62
2018-08-07,25.41
2018-08-08,25.42
2018-08-09,26.43
2018-08-10,27.64
2018-08-13,28.0
2018-08-14,27.61
2018-08-15,27.47
2018-08-16,27.75
2018-08-17,27.03
2018-08-20,27.0
2018-08-21,28.02
2018-08-22,27.28
2018-08-23,27.36
2018-08-24,27.45
2018-08-27,27.98
2018-08-28,28.45
2018-08-29,28.49
2018-08-30,27.38
2018-08-31,27.9
2018-09-03,29.12
2018-09-04,32.03
2018-09-05,31.27
2018-09-06,29.72
2018-09-07,28.21
2018-09-10,27.9
2018-09-11,28.29
2018-09-12,27.66
2018-09-13,27.0
2018-09-14,26.0
2018-09-17,26.31
2018-09-18,26.58
2018-09-19,27.76
2018-09-20,27.51
2018-09-21,27.84
2018-09-25,28.34
2018-09-26,28.6
2018-09-27,27.3
2018-09-28,26.98
2018-10-08,25.5
2018-10-09,25.0
2018-10-10,24.82
2018-10-11,22.68
2018-10-12,23.59
2018-10-15,23.78
2018-10-16,21.91
2018-10-17,22.82
2018-10-18,21.93
2018-10-19,23.65
2018-10-22,24.78
2018-10-23,23.97
2018-10-24,23.72
2018-10-25,22.85
2018-10-26,22.57
2018-10-29,21.81
2018-10-30,22.8
2018-10-31,23.17
2018-11-01,23.78
2018-11-02,25.19
2018-11-05,25.6
2018-11-06,25.43
2018-11-07,25.14
2018-11-08,24.8
2018-11-09,24.85
2018-11-12,25.71
2018-11-13,26.2
2018-11-14,26.65
2018-11-15,26.8
2018-11-16,27.02
2018-11-19,26.4
2018-11-20,25.6
2018-11-21,26.21
2018-11-22,26.29
2018-11-23,25.12
2018-11-26,24.87
2018-11-27,24.93
2018-11-28,25.07
2018-11-29,24.79
2018-11-30,24.65
2018-12-03,25.95
2018-12-04,26.0
2018-12-05,26.85
2018-12-06,26.15
2018-12-07,26.0
2018-12-10,25.15
2018-12-11,26.27
2018-12-12,26.4
2018-12-13,26.4
2018-12-14,25.47
2018-12-17,25.21
2018-12-18,25.1
2018-12-19,24.19
2018-12-20,24.1
2018-12-21,23.31
2018-12-24,23.46
2018-12-25,23.84
2018-12-26,23.62
2018-12-27,23.2
2018-12-28,23.32
2019-01-02,23.3
2019-01-03,23.56
2019-01-04,23.4
2019-01-07,24.25
2019-01-08,23.76
2019-01-09,24.21
2019-01-10,24.65
2019-01-11,24.89
2019-01-14,24.4
2019-01-15,24.81
2019-01-16,25.07
2019-01-17,24.69
2019-01-18,24.44
2019-01-21,25.13
2019-01-22,24.48
2019-01-23,24.93
2019-01-24,24.72
2019-01-25,25.31
2019-01-28,25.17
2019-01-29,24.9
2019-01-30,23.91
2019-01-31,22.96
2019-02-01,24.18
2019-02-11,24.41
2019-02-12,24.55
2019-02-13,25.15
2019-02-14,25.51
2019-02-15,24.55
2019-02-18,25.42
2019-02-19,25.14
2019-02-20,24.85
2019-02-21,24.9
2019-02-22,25.11
2019-02-25,27.19
2019-02-26,26.97
2019-02-27,26.6
2019-02-28,26.39
2019-03-01,26.7
2019-03-04,27.89
2019-03-05,28.32
2019-03-06,27.99
2019-03-07,27.86
2019-03-08,27.2
2019-03-11,28.96
2019-03-12,30.69
2019-03-13,29.15
2019-03-14,29.0
2019-03-15,28.95
2019-03-18,29.29
2019-03-19,28.73
2019-03-20,28.3
2019-03-21,28.31
2019-03-22,27.7
2019-03-25,26.91
2019-03-26,26.02
2019-03-27,26.63
2019-03-28,25.5
2019-03-29,26.36
2019-04-01,27.12
2019-04-02,27.3
2019-04-03,27.01
2019-04-04,26.62
2019-04-08,26.88
2019-04-09,27.9
2019-04-10,27.18
2019-04-11,28.0
2019-04-12,25.2
2019-04-15,22.68
2019-04-16,20.41
2019-04-17,22.45
2019-04-18,21.46
2019-04-19,23.02
2019-04-22,22.49
2019-04-23,22.79
2019-04-24,22.01
2019-04-25,21.57
2019-04-26,21.44
2019-04-29,22.32
2019-04-30,21.97
2019-05-06,20.35
2019-05-07,20.24
2019-05-08,19.65
2019-05-09,19.06
2019-05-10,19.45
2019-05-13,20.42
2019-05-14,21.08
2019-05-15,21.11
2019-05-16,20.74
2019-05-17,20.01
2019-05-20,19.35
2019-05-21,19.65
2019-05-22,19.38
2019-05-23,18.66
2019-05-24,18.39
2019-05-27,18.68
2019-05-28,18.62
2019-05-29,18.8
2019-05-30,18.47
2019-05-31,18.19
2019-06-03,17.63
2019-06-04,17.16
2019-06-05,17.58
2019-06-06,16.99
2019-06-10,16.87
2019-06-11,17.64
2019-06-12,17.29
2019-06-13,17.33
2019-06-14,17.16
2019-06-17,17.07
2019-06-18,17.06
2019-06-19,18.22
2019-06-20,18.22
2019-06-21,19.36
2019-06-24,18.86
2019-06-25,18.66
2019-06-26,19.39
2019-06-27,19.64
2019-06-28,19.38
2019-07-01,20.28
2019-07-02,19.81
2019-07-03,19.71
2019-07-04,19.29
2019-07-05,19.22
2019-07-08,18.94
2019-07-09,18.86
2019-07-10,18.83
2019-07-11,18.69
2019-07-12,18.61
2019-07-15,19.14
2019-07-16,19.1
2019-07-17,18.99
2019-07-18,18.82
2019-07-19,19.08
2019-07-22,19.66
2019-07-23,20.25
2019-07-24,20.59
2019-07-25,20.36
2019-07-26,20.31
2019-07-29,20.08
2019-07-30,20.26
2019-07-31,20.34
2019-08-01,20.15
2019-08-02,20.45
2019-08-05,19.44
2019-08-06,20.34
2019-08-07,20.71
2019-08-08,20.68
2019-08-09,21.76
2019-08-12,22.85
2019-08-13,22.88
2019-08-14,22.65
2019-08-15,22.46
2019-08-16,22.22
2019-08-19,22.82
2019-08-20,23.23
2019-08-21,23.41
2019-08-22,23.26
2019-08-23,23.02
2019-08-26,22.92
2019-08-27,23.64
2019-08-28,24.3
2019-08-29,24.23
2019-08-30,23.85
2019-09-02,24.18
2019-09-03,23.98
2019-09-04,23.11
2019-09-05,23.07
2019-09-06,22.71
2019-09-09,23.07
2019-09-10,22.82
2019-09-11,22.36
2019-09-12,22.5
2019-09-16,22.37
2019-09-17,21.89
2019-09-18,21.66
2019-09-19,22.41
2019-09-20,21.97
2019-09-23,21.76
2019-09-24,21.88
2019-09-25,21.2
2019-09-26,21.3
2019-09-27,21.12
2019-09-30,20.46
2019-10-08,20.02
2019-10-09,20.18
2019-10-10,20.56
2019-10-11,20.64
2019-10-14,21.23
2019-10-15,20.6
2019-10-16,20.44
2019-10-17,20.31
2019-10-18,19.98
2019-10-21,20.34
2019-10-22,20.1
2019-10-23,20.68
2019-10-24,20.46
2019-10-25,20.13
2019-10-28,21.22
2019-10-29,20.35
2019-10-30,20.28
2019-10-31,19.98
2019-11-01,19.93
2019-11-04,19.9
2019-11-05,19.82
2019-11-06,19.2
2019-11-07,19.4
2019-11-08,20.02
2019-11-11,20.27
2019-11-12,20.54
2019-11-13,20.2
2019-11-14,20.05
2019-11-15,20.44
2019-11-18,21.09
2019-11-19,21.58
2019-11-20,21.2
2019-11-21,21.35
2019-11-22,21.48
2019-11-25,21.12
2019-11-26,20.45
2019-11-27,20.47
2019-11-28,19.92
2019-11-29,19.89
2019-12-02,19.73
2019-12-03,19.64
2019-12-04,19.72
2019-12-05,20.04
2019-12-06,20.1
2019-12-09,20.01
2019-12-10,20.09
2019-12-11,18.08
2019-12-12,16.27
2019-12-13,15.5
2019-12-16,16.04
2019-12-17,16.8
2019-12-18,16.62
2019-12-19,16.71
2019-12-20,16.36
2019-12-23,16.38
2019-12-24,16.38
2019-12-25,16.13
2019-12-26,17.02
2019-12-27,16.48
2019-12-30,16.49
2019-12-31,17.24
2020-01-02,17.58
2020-01-03,18.4
2020-01-06,18.32
2020-01-07,19.23
2020-01-08,18.92
2020-01-09,18.72
2020-01-10,18.85
2020-01-13,19.52
2020-01-14,19.35
2020-01-15,19.18
2020-01-16,18.75
2020-01-17,18.36
2020-01-20,18.37
2020-01-21,18.06
2020-01-22,18.44
2020-01-23,17.8
2020-02-03,16.84
2020-02-04,18.35
2020-02-05,18.35
2020-02-06,20.05
2020-02-07,20.77
2020-02-10,20.4
2020-02-11,20.08
2020-02-12,20.25
2020-02-13,19.86
2020-02-14,19.4
2020-02-17,19.88
2020-02-18,20.07
2020-02-19,19.21
2020-02-20,18.93
2020-02-21,19.08
2020-02-24,19.06
2020-02-25,18.73
2020-02-26,18.21
2020-02-27,18.07
2020-02-28,16.9
2020-03-02,17.43
2020-03-03,17.58
2020-03-04,17.51
2020-03-05,17.84
2020-03-06,17.75
2020-03-09,16.94
2020-03-10,17.35
2020-03-11,17.3
2020-03-12,17.02
2020-03-13,16.63
2020-03-16,15.95
2020-03-17,15.79
2020-03-18,15.47
2020-03-19,15.23
2020-03-20,16.75
2020-03-23,16.01
2020-03-24,15.91
2020-03-25,17.02
2020-03-26,16.27
2020-03-27,16.05
2020-03-30,15.38
2020-03-31,15.52
2020-04-01,15.37
2020-04-02,15.7
2020-04-03,15.76
2020-04-07,16.01
2020-04-08,15.93
2020-04-09,15.83
2020-04-10,15.32
2020-04-13,14.18
2020-04-14,14.62
2020-04-15,14.55
2020-04-16,14.51
2020-04-17,14.51
2020-04-20,14.52
2020-04-21,14.5
2020-04-22,14.45
2020-04-23,14.69
2020-04-24,15.66
2020-04-27,15.8
2020-04-28,16.0
2020-04-29,17.4
2020-04-30,17.53
2020-05-06,18.0
2020-05-07,17.84
2020-05-08,18.02
2020-05-11,18.08
2020-05-12,17.93
2020-05-13,18.03
2020-05-14,18.4
2020-05-15,20.14
2020-05-18,19.89
2020-05-19,19.49
2020-05-20,19.79
2020-05-21,19.18
2020-05-22,19.25
2020-05-25,19.25
2020-05-26,19.76
2020-05-27,19.55
2020-05-28,19.64
2020-05-29,20.5
2020-06-01,20.3
2020-06-02,20.21
2020-06-03,20.15
2020-06-04,19.98
2020-06-05,19.6
2020-06-08,19.07
2020-06-09,19.39
2020-06-10,19.03
2020-06-11,18.58
2020-06-12,18.51
2020-06-15,19.0
2020-06-16,20.9
2020-06-17,21.23
2020-06-18,20.63
2020-06-19,20.51
2020-06-22,20.19
2020-06-23,19.7
2020-06-24,19.1
2020-06-29,18.3
2020-06-30,18.62
2020-07-01,18.72
2020-07-02,18.96
2020-07-03,19.24
2020-07-06,19.59
2020-07-07,19.67
2020-07-08,19.52
2020-07-09,20.6
2020-07-10,20.1
2020-07-13,20.91
2020-07-14,20.67
2020-07-15,19.6
2020-07-16,18.4
2020-07-17,18.17
2020-07-20,18.22
2020-07-21,18.24
2020-07-22,18.58
2020-07-23,17.62
2020-07-24,16.84
2020-07-27,16.54
2020-07-28,16.88
2020-07-29,17.15
2020-07-30,16.91
2020-07-31,17.12
2020-08-03,17.55
2020-08-04,17.39
2020-08-05,17.31
2020-08-06,17.08
2020-08-07,16.8
2020-08-10,17.12
2020-08-11,16.66
2020-08-12,16.92
2020-08-13,16.96
2020-08-14,17.07
2020-08-17,17.28
2020-08-18,17.31
2020-08-19,16.9
2020-08-20,16.9
2020-08-21,17.16
2020-08-24,17.06
2020-08-25,16.91
2020-08-26,16.52
2020-08-27,16.93
2020-08-28,17.4
2020-08-31,17.48
2020-09-01,17.43
2020-09-02,17.27
2020-09-03,16.94
2020-09-04,17.33
2020-09-07,17.33
2020-09-08,17.4
2020-09-09,16.57
2020-09-10,16.24
2020-09-11,16.4
2020-09-14,16.4
2020-09-15,16.39
2020-09-16,16.28
2020-09-17,16.39
2020-09-18,16.54
2020-09-21,16.44
2020-09-22,16.43
2020-09-23,16.32
2020-09-24,15.73
2020-09-25,15.44
2020-09-28,14.93
2020-09-29,15.05
2020-09-30,14.97
2020-10-09,15.14
2020-10-12,15.8
2020-10-13,15.6
2020-10-14,15.78
2020-10-15,15.48
2020-10-16,15.38
2020-10-19,15.1
2020-10-20,15.26
2020-10-21,15.13
2020-10-22,15.61
2020-10-23,15.4
2020-10-26,15.6
2020-10-27,15.34
2020-10-28,15.15
2020-10-29,15.22
2020-10-30,14.77
2020-11-02,14.4
2020-11-03,14.96
2020-11-04,14.62
2020-11-05,14.79
2020-11-06,15.21
2020-11-09,15.4
2020-11-10,16.94
2020-11-11,16.3
2020-11-12,16.41
2020-11-13,16.06
2020-11-16,16.09
2020-11-17,15.89
2020-11-18,16.03
2020-11-19,15.86
2020-11-20,16.15
2020-11-23,15.96
2020-11-24,16.08
2020-11-25,16.08
2020-11-26,16.22
2020-11-27,16.31
2020-11-30,16.9
2020-12-01,16.82
2020-12-02,16.01
2020-12-03,16.06
2020-12-04,15.94
2020-12-07,15.39
2020-12-08,15.42
2020-12-09,15.04
2020-12-10,15.01
2020-12-11,14.9
2020-12-14,14.76
2020-12-15,14.88
2020-12-16,14.69
2020-12-17,14.74
2020-12-18,14.75
2020-12-21,14.99
2020-12-22,14.5
2020-12-23,14.24
2020-12-24,13.1
2020-12-25,12.94
2020-12-28,12.55
2020-12-29,12.65
2020-12-30,12.64
2020-12-31,13.0
2021-01-04,12.9
2021-01-05,12.87
2021-01-06,12.55
2021-01-07,12.08
2021-01-08,12.31
2021-01-11,12.16
2021-01-12,12.14
2021-01-13,13.35
2021-01-14,14.22
2021-01-15,13.71
2021-01-18,14.33
2021-01-19,14.39
2021-01-20,14.61
2021-01-21,14.43
2021-01-22,14.66
2021-01-25,14.39
2021-01-26,14.28
2021-01-27,14.18
2021-01-28,13.84
2021-01-29,13.65
2021-02-01,14.05
2021-02-02,13.77
2021-02-03,13.42
2021-02-04,13.37
2021-02-05,13.01
2021-02-08,13.14
2021-02-09,13.15
2021-02-10,13.61
2021-02-18,13.67
2021-02-19,13.99
2021-02-22,13.97
2021-02-23,13.77
2021-02-24,13.76
2021-02-25,13.59
2021-02-26,13.31
2021-03-01,13.4
2021-03-02,14.14
2021-03-03,14.36
2021-03-04,14.41
2021-03-05,14.43
2021-03-08,14.05
2021-03-09,13.77
2021-03-10,13.4
2021-03-11,13.48
2021-03-12,13.25
2021-03-15,13.33
2021-03-16,14.66
2021-03-17,14.95
2021-03-18,14.8
2021-03-19,15.07
2021-03-22,15.15
2021-03-23,15.07
2021-03-24,15.29
2021-03-25,15.07
2021-03-26,14.82
2021-03-29,14.73
2021-03-30,14.12
2021-03-31,14.55
2021-04-01,15.5
2021-04-02,15.23
2021-04-06,15.07
2021-04-07,14.89
2021-04-08,14.71
2021-04-09,15.0
2021-04-12,15.04
2021-04-13,14.71
2021-04-14,15.07
2021-04-15,14.78
2021-04-16,14.92
2021-04-19,14.97
2021-04-20,14.16
2021-04-21,14.17
2021-04-22,13.86
2021-04-23,13.95
2021-04-26,13.77
2021-04-27,13.46
2021-04-28,13.4
2021-04-29,13.52
2021-04-30,13.31
2021-05-06,13.4
2021-05-07,13.45
2021-05-10,12.97
2021-05-11,13.05
2021-05-12,13.25
2021-05-13,13.14
2021-05-14,13.33
2021-05-17,13.07
2021-05-18,13.16
2021-05-19,13.06
2021-05-20,13.2
2021-05-21,13.27
2021-05-24,13.23
2021-05-25,13.44
2021-05-26,13.43
2021-05-27,13.61
2021-05-28,13.45
2021-05-31,13.44
2021-06-01,13.71
2021-06-02,13.6
2021-06-03,13.18
2021-06-04,13.1
2021-06-07,13.27
2021-06-08,13.3
2021-06-09,13.39
2021-06-10,13.89
2021-06-11,13.62
2021-06-15,13.39
2021-06-16,13.51
2021-06-17,13.51
2021-06-18,13.24
2021-06-21,13.39
2021-06-22,13.28
2021-06-23,13.31
2021-06-24,13.14
2021-06-25,13.2
2021-06-28,13.3
2021-06-29,13.03
2021-06-30,12.93
2021-07-01,12.86
2021-07-02,12.77
2021-07-05,12.92
2021-07-06,12.87
2021-07-07,12.82
2021-07-08,12.78
2021-07-09,12.55
2021-07-12,12.9
2021-07-13,12.84
2021-07-14,12.54
2021-07-15,12.5
2021-07-16,12.53
2021-07-19,12.53
2021-07-20,12.59
2021-07-21,12.61
2021-07-22,12.8
2021-07-23,12.6
2021-07-26,12.23
2021-07-27,11.86
2021-07-28,11.5
2021-07-29,11.42
2021-07-30,11.14
2021-08-02,11.29
2021-08-03,11.6
2021-08-04,11.47
2021-08-05,11.14
2021-08-06,11.09
2021-08-09,11.24
2021-08-10,11.26
2021-08-11,11.29
2021-08-12,11.18
2021-08-13,11.1
2021-08-16,11.06
2021-08-17,10.87
2021-08-18,10.96
2021-08-19,10.97
2021-08-20,10.72
2021-08-23,10.84
2021-08-24,10.75
2021-08-25,11.71
2021-08-26,11.57
2021-08-27,11.25
2021-08-30,11.8
2021-08-31,12.65
2021-09-01,13.92
2021-09-02,14.27
2021-09-03,13.03
2021-09-06,14.33
2021-09-07,15.76
2021-09-08,17.34
2021-09-09,15.61
2021-09-10,15.35
2021-09-13,15.71
2021-09-14,14.71
2021-09-15,14.6
2021-09-16,13.75
2021-09-17,13.49
2021-09-22,13.55
2021-09-23,13.4
2021-09-24,13.47
2021-09-27,13.54
2021-09-28,13.24
2021-09-29,12.66
2021-09-30,13.22
2021-10-08,13.23
2021-10-11,13.0
2021-10-12,12.55
2021-10-13,13.81
2021-10-14,13.67
2021-10-15,13.33
2021-10-18,13.3
2021-10-19,13.37
2021-10-20,13.38
2021-10-21,13.1
2021-10-22,13.14
2021-10-25,13.11
2021-10-26,12.7
2021-10-27,12.25
2021-10-28,12.06
2021-10-29,13.27
2021-11-01,13.5
2021-11-02,13.15
2021-11-03,14.0
2021-11-04,14.22
2021-11-05,14.54
2021-11-08,14.41
2021-11-09,14.3
2021-11-10,14.75
2021-11-11,16.23
2021-11-12,16.8
2021-11-15,18.1
2021-11-16,18.26
2021-11-17,18.75
2021-11-18,17.97
2021-11-19,17.66
2021-11-22,17.85
2021-11-23,19.64
2021-11-24,19.05
2021-11-25,18.93
2021-11-26,19.03
2021-11-29,18.99
2021-11-30,18.16
2021-12-01,18.27
2021-12-02,16.45
2021-12-03,16.34
2021-12-06,16.15
2021-12-07,16.05
2021-12-08,16.34
2021-12-09,16.33
2021-12-10,17.03
2021-12-13,18.73
2021-12-14,19.03
2021-12-15,18.7
2021-12-16,20.57
2021-12-17,20.09
2021-12-20,19.03
2021-12-21,20.93
2021-12-22,22.0
2021-12-23,22.01
2021-12-24,22.49
2021-12-27,22.8
2021-12-28,21.62
2021-12-29,20.98
2021-12-30,23.08
2021-12-31,23.9
2022-01-04,26.29
2022-01-05,25.88
2022-01-06,25.72
2022-01-07,24.29
2022-01-10,24.7
2022-01-11,23.33
2022-01-12,23.77
2022-01-13,23.6
2022-01-14,24.32
2022-01-17,26.29
2022-01-18,24.57
2022-01-19,23.81
2022-01-20,22.6
2022-01-21,21.0
2022-01-24,21.98
2022-01-25,20.36
2022-01-26,19.96
2022-01-27,17.96
2022-01-28,17.27
2022-02-07,17.45
2022-02-08,17.09
2022-02-09,17.8
2022-02-10,17.51
2022-02-11,16.29
2022-02-14,16.31
2022-02-15,16.88
2022-02-16,17.31
2022-02-17,16.95
2022-02-18,16.71
2022-02-21,16.87
2022-02-22,15.55
2022-02-23,16.19
2022-02-24,15.55
2022-02-25,15.58
2022-02-28,15.88
2022-03-01,16.29
2022-03-02,16.14
2022-03-03,15.78
2022-03-04,15.88
2022-03-07,15.05
2022-03-08,14.14
2022-03-09,13.99
2022-03-10,14.45
2022-03-11,14.68
2022-03-14,14.36
2022-03-15,13.6
2022-03-16,14.45
2022-03-17,15.18
2022-03-18,14.78
2022-03-21,15.2
2022-03-22,15.76
2022-03-23,15.46
2022-03-24,14.83
2022-03-25,15.17
2022-03-28,15.97
2022-03-29,16.1
2022-03-30,16.78
2022-03-31,16.2
2022-04-01,17.82
2022-04-06,18.19
2022-04-07,19.08
2022-04-08,17.19
2022-04-11,16.48
2022-04-12,16.57
2022-04-13,14.91
2022-04-14,14.4
2022-04-15,13.58
2022-04-18,13.92
2022-04-19,14.28
2022-04-20,13.69
2022-04-21,13.08
2022-04-22,12.6
2022-04-25,11.34
2022-04-26,10.87
2022-04-27,11.41
2022-04-28,10.99
2022-04-29,11.94
2022-05-05,11.87
2022-05-06,11.7
2022-05-09,12.05
2022-05-10,12.04
2022-05-11,12.07
2022-05-12,12.12
2022-05-13,11.95
2022-05-16,12.11
2022-05-17,12.23
2022-05-18,12.06
2022-05-19,11.89
2022-05-20,12.05
2022-05-23,12.53
2022-05-24,11.85
2022-05-25,13.04
2022-05-26,14.34
2022-05-27,13.7
2022-05-30,13.59
2022-05-31,13.43
2022-06-01,13.5
2022-06-02,13.32
2022-06-06,13.61
2022-06-07,13.34
2022-06-08,13.66
2022-06-09,14.05
2022-06-10,14.7
2022-06-13,14.34
2022-06-14,13.92
2022-06-15,13.96
2022-06-16,14.82
2022-06-17,14.4
2022-06-20,14.71
2022-06-21,15.23
2022-06-22,14.34
2022-06-23,14.43
2022-06-24,14.28
2022-06-27,14.56
2022-06-28,14.49
2022-06-29,14.29
2022-06-30,14.29
2022-07-01,13.87
2022-07-04,13.61
2022-07-05,13.14
2022-07-06,13.02
2022-07-07,12.66
2022-07-08,12.83
2022-07-11,12.61
2022-07-12,12.38
2022-07-13,12.61
2022-07-14,12.57
2022-07-15,12.26
2022-07-18,12.52
2022-07-19,13.03
2022-07-20,12.98
2022-07-21,13.19
2022-07-22,12.88
2022-07-25,12.6
2022-07-26,13.02
2022-07-27,12.84
2022-07-28,13.02
2022-07-29,12.7
2022-08-01,12.73
2022-08-02,12.15
2022-08-03,11.99
2022-08-04,12.22
2022-08-05,12.59
2022-08-08,12.54
2022-08-09,12.45
2022-08-10,12.75
2022-08-11,13.09
2022-08-12,13.09
2022-08-15,12.98
2022-08-16,12.92
2022-08-17,13.39
2022-08-18,13.14
2022-08-19,13.0
2022-08-22,13.21
2022-08-23,12.96
2022-08-24,12.63
2022-08-25,12.73
2022-08-26,12.55
2022-08-29,12.47
2022-08-30,12.76
2022-08-31,12.27
2022-09-01,12.06
2022-09-02,12.42
2022-09-05,12.21
2022-09-06,12.21
2022-09-07,12.09
2022-09-08,12.01
2022-09-09,12.02
2022-09-13,12.03
2022-09-14,11.77
2022-09-15,11.74
2022-09-16,11.27
2022-09-19,11.2
2022-09-20,11.22
2022-09-21,11.26
2022-09-22,11.1
2022-09-23,10.88
2022-09-26,10.53
2022-09-27,10.69
2022-09-28,10.19
2022-09-29,10.02
2022-09-30,9.9
2022-10-10,9.58
2022-10-11,9.6
2022-10-12,9.92
2022-10-13,10.13
2022-10-14,10.33
2022-10-17,10.47
2022-10-18,10.37
2022-10-19,10.26
2022-10-20,10.34
2022-10-21,10.17
2022-10-24,9.86
2022-10-25,9.79
2022-10-26,10.21
2022-10-27,10.33
2022-10-28,9.82
2022-10-31,10.12
2022-11-01,10.42
2022-11-02,11.46
2022-11-03,10.86
2022-11-04,11.08
2022-11-07,11.68
2022-11-08,11.72
2022-11-09,11.5
2022-11-10,11.83
2022-11-11,11.58
2022-11-14,11.7
2022-11-15,12.87
2022-11-16,14.16
2022-11-17,14.85
2022-11-18,15.68
2022-11-21,14.11
2022-11-22,13.0
2022-11-23,12.21
2022-11-24,12.16
2022-11-25,11.9
2022-11-28,12.08
2022-11-29,12.19
2022-11-30,12.08
2022-12-01,12.29
2022-12-02,12.83
2022-12-05,13.13
2022-12-06,12.84
2022-12-07,13.2
2022-12-08,12.57
2022-12-09,12.58
2022-12-12,12.5
2022-12-13,12.23
2022-12-14,12.39
2022-12-15,12.66
2022-12-16,12.53
2022-12-19,12.25
2022-12-20,11.98
2022-12-21,12.02
2022-12-22,11.63
2022-12-23,11.97
2022-12-26,12.06
2022-12-27,12.0
2022-12-28,12.1
2022-12-29,11.78
2022-12-30,12.3
2023-01-03,13.03
2023-01-04,12.81
2023-01-05,12.82
2023-01-06,12.58
2023-01-09,12.62
2023-01-10,13.12
2023-01-11,12.66
2023-01-12,12.54
2023-01-13,12.43
2023-01-16,12.53
2023-01-17,12.33
2023-01-18,12.44
2023-01-19,12.52
2023-01-20,12.64
2023-01-30,13.9
2023-01-31,15.29
2023-02-01,16.0
2023-02-02,17.03
2023-02-03,17.22
2023-02-06,16.8
2023-02-07,18.48
2023-02-08,16.9
2023-02-09,16.94
2023-02-10,16.66
2023-02-13,16.91
2023-02-14,17.13
2023-02-15,17.65
2023-02-16,16.87
2023-02-17,15.94
2023-02-20,16.46
2023-02-21,16.33
2023-02-22,15.99
2023-02-23,15.28
2023-02-24,15.36
2023-02-27,15.06
2023-02-28,15.18
2023-03-01,15.81
2023-03-02,16.22
2023-03-03,16.34
2023-03-06,15.76
2023-03-07,15.77
2023-03-08,15.71
2023-03-09,15.63
2023-03-10,15.45
2023-03-13,16.01
2023-03-14,15.09
2023-03-15,14.9
2023-03-16,14.78
2023-03-17,15.94
2023-03-20,15.94
2023-03-21,16.17
2023-03-22,17.02
2023-03-23,17.81
2023-03-24,18.0
2023-03-27,17.44
2023-03-28,16.74
2023-03-29,16.67
2023-03-30,16.03
2023-03-31,16.68
2023-04-03,17.52
2023-04-04,17.7
2023-04-06,16.47
2023-04-07,16.78
2023-04-10,15.84
2023-04-11,17.42
2023-04-12,19.16
2023-04-13,18.49
2023-04-14,18.21
2023-04-17,17.2
2023-04-18,16.88
2023-04-19,16.82
2023-04-20,18.5
2023-04-21,17.95
2023-04-24,17.44
2023-04-25,17.62
2023-04-26,18.5
2023-04-27,16.65
2023-04-28,16.51
2023-05-04,16.88
2023-05-05,17.69
2023-05-08,18.29
2023-05-09,19.49
2023-05-10,21.44
2023-05-11,20.76
2023-05-12,18.68
2023-05-15,17.36
2023-05-16,16.73
2023-05-17,17.06
2023-05-18,17.53
2023-05-19,17.61
2023-05-22,17.05
2023-05-23,16.7
2023-05-24,16.54
2023-05-25,16.11
2023-05-26,16.43
2023-05-29,16.6
2023-05-30,17.01
2023-05-31,17.39
2023-06-01,18.21
2023-06-02,17.86
2023-06-05,18.06
2023-06-06,17.57
2023-06-07,18.69
2023-06-08,18.0
2023-06-09,18.33
2023-06-12,18.93
2023-06-13,20.44
2023-06-14,22.48
2023-06-15,23.75
2023-06-16,23.51
2023-06-19,22.13
2023-06-20,21.79
2023-06-21,20.3
2023-06-26,18.88
2023-06-27,18.9
2023-06-28,18.21
2023-06-29,18.29
2023-06-30,18.39
2023-07-03,19.02
2023-07-04,19.26
2023-07-05,18.81
2023-07-06,18.66
2023-07-07,18.05
2023-07-10,18.42
2023-07-11,18.4
2023-07-12,19.05
2023-07-13,19.54
2023-07-14,19.99
2023-07-17,19.26
2023-07-18,18.76
2023-07-19,19.95
2023-07-20,19.0
2023-07-21,19.25
2023-07-24,19.73
2023-07-25,19.77
2023-07-26,18.96
2023-07-27,17.88
2023-07-28,17.27
2023-07-31,17.43
2023-08-01,17.17
2023-08-02,17.29
2023-08-03,16.96
2023-08-04,17.26
2023-08-07,17.47
2023-08-08,17.99
2023-08-09,17.16
2023-08-10,17.1
2023-08-11,16.75
2023-08-14,17.34
2023-08-15,17.27
2023-08-16,16.43
2023-08-17,15.79
2023-08-18,15.11
2023-08-21,14.82
2023-08-22,15.67
2023-08-23,15.33
2023-08-24,15.36
2023-08-25,14.86
2023-08-28,14.92
2023-08-29,15.49
2023-08-30,15.89
2023-08-31,15.68
2023-09-01,15.62
2023-09-04,15.9
2023-09-05,15.56
2023-09-06,15.53
2023-09-07,15.2
2023-09-08,15.0
2023-09-11,15.4
2023-09-12,15.29
2023-09-13,14.81
2023-09-14,14.58
2023-09-15,14.38
2023-09-18,14.5
2023-09-19,14.25
2023-09-20,14.1
2023-09-21,13.97
2023-09-22,14.65
2023-09-25,14.43
2023-09-26,14.64
2023-09-27,14.88
2023-09-28,14.99
2023-10-09,15.07
2023-10-10,15.28
2023-10-11,15.46
2023-10-12,15.03
2023-10-13,14.78
2023-10-16,14.52
2023-10-17,14.59
2023-10-18,14.23
2023-10-19,14.01
2023-10-20,13.57
2023-10-23,13.07
2023-10-24,13.58
2023-10-25,13.85
2023-10-26,13.87
2023-10-27,13.93
2023-10-30,14.07
2023-10-31,14.16
2023-11-01,14.02
2023-11-02,14.08
2023-11-03,14.34
2023-11-06,15.04
2023-11-07,15.05
2023-11-08,15.34
2023-11-09,15.04
2023-11-10,14.72
2023-11-13,15.07
2023-11-14,15.86
2023-11-15,15.64
2023-11-16,15.7
2023-11-17,15.53
2023-11-20,17.08
2023-11-21,16.82
2023-11-22,16.48
2023-11-23,16.4
2023-11-24,15.85
2023-11-27,15.7
2023-11-28,15.69
2023-11-29,15.57
2023-11-30,15.26
2023-12-01,16.08
2023-12-04,16.15
2023-12-05,15.47
2023-12-06,15.84
2023-12-07,17.42
2023-12-08,17.15
2023-12-11,17.36
2023-12-12,17.19
2023-12-13,16.8
2023-12-14,16.61
2023-12-15,16.72
2023-12-18,16.33
2023-12-19,16.53
2023-12-20,15.8
2023-12-21,16.06
2023-12-22,14.8
2023-12-25,14.63
2023-12-26,14.13
2023-12-27,14.18
2023-12-28,14.26
2023-12-29,14.7
2024-01-02,14.56
2024-01-03,14.58
2024-01-04,14.37
2024-01-05,14.13
2024-01-08,13.75
2024-01-09,13.75
2024-01-10,13.41
2024-01-11,13.82
2024-01-12,13.46
2024-01-15,13.43
2024-01-16,13.26
2024-01-17,12.93
2024-01-18,12.99
2024-01-19,12.95
2024-01-22,12.05
2024-01-23,12.45
2024-01-24,12.57
2024-01-25,13.18
2024-01-26,13.08
2024-01-29,12.65
2024-01-30,12.22
2024-01-31,11.7
2024-02-01,11.64
2024-02-02,11.13
2024-02-05,10.1
2024-02-06,10.91
2024-02-07,11.26
2024-02-08,11.86
2024-02-19,13.05
2024-02-20,13.33
2024-02-21,13.05
2024-02-22,13.39
2024-02-23,13.65
2024-02-26,13.49
2024-02-27,14.1
2024-02-28,13.1
2024-02-29,13.7
2024-03-01,14.2
2024-03-04,14.45
2024-03-05,14.04
2024-03-06,13.93
2024-03-07,13.45
2024-03-08,13.79
2024-03-11,14.08
2024-03-12,14.07
2024-03-13,14.18
2024-03-14,14.02
2024-03-15,14.08
2024-03-18,14.37
2024-03-19,14.31
2024-03-20,14.7
2024-03-21,14.88
2024-03-22,15.4
2024-03-25,15.0
2024-03-26,14.34
2024-03-27,13.44
2024-03-28,13.94
2024-03-29,13.72
2024-04-01,14.3
2024-04-02,13.86
2024-04-03,13.4
2024-04-08,13.04
2024-04-09,13.19
2024-04-10,12.77
2024-04-11,13.28
2024-04-12,12.91
2024-04-15,12.55
2024-04-16,11.91
2024-04-17,12.54
2024-04-18,12.46
2024-04-19,12.23
2024-04-22,12.16
2024-04-23,12.3
2024-04-24,12.87
2024-04-25,12.75
2024-04-26,13.02
2024-04-29,13.95
2024-04-30,13.7
2024-05-06,13.74
2024-05-07,14.01
2024-05-08,13.64
2024-05-09,14.17
2024-05-10,14.07
2024-05-13,13.37
2024-05-14,13.42
2024-05-15,13.24
2024-05-16,13.17
2024-05-17,13.2
2024-05-20,13.21
2024-05-21,13.09
2024-05-22,13.15
2024-05-23,12.8
2024-05-24,12.56
2024-05-27,12.66
2024-05-28,12.4
2024-05-29,12.4
2024-05-30,12.43
2024-05-31,12.61
2024-06-03,12.43
2024-06-04,12.32
2024-06-05,12.2
2024-06-06,11.73
2024-06-07,11.9
2024-06-11,12.01
2024-06-12,12.33
2024-06-13,12.35
2024-06-14,12.32
2024-06-17,12.19
2024-06-18,12.39
2024-06-19,12.19
2024-06-20,11.75
2024-06-21,11.69
2024-06-24,11.23
2024-06-25,11.08
2024-06-26,11.81
2024-06-27,11.65
2024-06-28,11.5
2024-07-01,11.65
2024-07-02,11.7
2024-07-03,11.55
2024-07-04,11.21
2024-07-05,11.41
2024-07-08,11.04
2024-07-09,11.24
2024-07-10,11.1
2024-07-11,11.38
2024-07-12,11.22
2024-07-15,11.2
2024-07-16,11.2
2024-07-17,11.2
2024-07-18,11.02
2024-07-19,11.18
2024-07-22,11.28
2024-07-23,11.04
2024-07-24,10.76
2024-07-25,10.86
2024-07-26,11.08
2024-07-29,11.15
2024-07-30,11.38
2024-07-31,11.62
2024-08-01,11.6
2024-08-02,11.39
2024-08-05,11.15
2024-08-06,11.35
2024-08-07,11.22
2024-08-08,11.22
2024-08-09,11.02
2024-08-12,10.92
2024-08-13,10.99
2024-08-14,11.06
2024-08-15,11.24
2024-08-16,11.15
2024-08-19,11.24
2024-08-20,11.15
2024-08-21,10.98
2024-08-22,10.7
2024-08-23,10.77
2024-08-26,10.86
2024-08-27,10.61
2024-08-28,10.73
2024-08-29,10.87
2024-08-30,11.1
2024-09-02,10.83
2024-09-03,10.94
2024-09-04,10.79
2024-09-05,11.06
2024-09-06,10.86
2024-09-09,10.72
2024-09-10,10.92
2024-09-11,10.9
2024-09-12,10.83
2024-09-13,10.65
2024-09-18,10.46
2024-09-19,10.86
2024-09-20,10.9
2024-09-23,11.05
2024-09-24,11.27
2024-09-25,11.41
2024-09-26,11.65
2024-09-27,12.21
2024-09-30,13.3
2024-10-08,14.1
2024-10-09,12.81
2024-10-10,12.76
2024-10-11,12.15
2024-10-14,12.49
2024-10-15,12.38
2024-10-16,12.47
2024-10-17,12.47
2024-10-18,12.8
2024-10-21,13.04
2024-10-22,13.32
2024-10-23,13.2
2024-10-24,12.92
2024-10-25,13.17
2024-10-28,13.45
2024-10-29,13.17
2024-10-30,13.46
2024-10-31,14.81
2024-11-01,15.21
2024-11-04,15.5
2024-11-05,15.93
2024-11-06,15.56
2024-11-07,14.71
2024-11-08,14.71
2024-11-11,15.53
2024-11-12,14.81
2024-11-13,14.95
2024-11-14,14.44
2024-11-15,14.74
2024-11-18,13.54
2024-11-19,13.73
2024-11-20,14.14
2024-11-21,14.15
2024-11-22,13.79
2024-11-25,14.01
2024-11-26,14.14
2024-11-27,15.1
2024-11-28,14.84
2024-11-29,15.08
2024-12-02,14.91
2024-12-03,16.4
2024-12-04,15.6
2024-12-05,17.01
2024-12-06,18.71
2024-12-09,20.58
2024-12-10,19.19
2024-12-11,21.11
2024-12-12,23.22
2024-12-13,25.54
2024-12-16,27.2
2024-12-17,28.3
2024-12-18,30.1
2024-12-19,30.38
2024-12-20,30.99
2024-12-23,27.89
2024-12-24,25.1
2024-12-25,22.84
2024-12-26,22.86
2024-12-27,22.37
2024-12-30,21.91
2024-12-31,20.82
2025-01-02,21.48
2025-01-03,20.31
2025-01-06,19.81
2025-01-07,20.43
2025-01-08,21.47
2025-01-09,21.9
2025-01-10,20.65
2025-01-13,20.2
2025-01-14,21.9
2025-01-15,22.26
2025-01-16,22.15
2025-01-17,21.53
2025-01-20,20.98
2025-01-21,21.97
2025-01-22,19.9
2025-01-23,19.99
2025-01-24,21.99
2025-01-27,24.18
2025-02-05,25.35
2025-02-06,25.6
2025-02-07,26.51
2025-02-10,26.51
2025-02-11,25.26
2025-02-12,27.79
2025-02-13,30.57
2025-02-14,27.52
2025-02-17,26.05
2025-02-18,24.42
2025-02-19,25.27
2025-02-20,25.39
2025-02-21,25.9
2025-02-24,25.76
2025-02-25,24.54
2025-02-26,24.97
2025-02-27,23.84
2025-02-28,23.34
2025-03-03,23.61
2025-03-04,23.88
2025-03-05,23.9
2025-03-06,26.29
2025-03-07,25.17
2025-03-10,24.24
2025-03-11,23.9
2025-03-12,24.38
2025-03-13,23.11
2025-03-14,23.4
2025-03-17,23.3
2025-03-18,23.49
2025-03-19,23.15
2025-03-20,23.08
2025-03-21,22.1
2025-03-24,21.77
2025-03-25,21.05
2025-03-26,21.21
2025-03-27,21.14
2025-03-28,22.25
2025-03-31,21.59
2025-04-01,21.18
2025-04-02,21.18
2025-04-03,20.78
2025-04-07,18.7
2025-04-08,17.77
2025-04-09,18.38
2025-04-10,18.89
2025-04-11,19.29
2025-04-14,19.31
2025-04-15,19.44
2025-04-16,18.93
2025-04-17,18.89
2025-04-18,18.79
2025-04-21,19.41
2025-04-22,19.32
2025-04-23,19.43
2025-04-24,18.98
2025-04-25,19.24
2025-04-28,19.6
2025-04-29,19.58
2025-04-30,20.4
2025-05-06,20.86
2025-05-07,20.46
2025-05-08,22.51
2025-05-09,21.5
2025-05-12,21.72
2025-05-13,21.27
2025-05-14,21.42
2025-05-15,20.62
2025-05-16,20.65
2025-05-19,20.54
2025-05-20,21.05
2025-05-21,21.18
2025-05-22,20.67
2025-05-23,19.82
2025-05-26,20.9
2025-05-27,20.17
2025-05-28,19.83
2025-05-29,20.25
2025-05-30,19.81
2025-06-03,19.88
2025-06-04,20.09
2025-06-05,20.4
2025-06-06,20.37
2025-06-09,20.92
2025-06-10,20.5
2025-06-11,20.82
2025-06-12,20.83
2025-06-13,19.97
2025-06-16,20.34
2025-06-17,19.97
2025-06-18,19.77
2025-06-19,19.42
2025-06-20,19.02
2025-06-23,19.19
2025-06-24,19.58
2025-06-25,19.85
2025-06-26,19.77
2025-06-27,19.85
2025-06-30,20.14
2025-07-01,19.9
2025-07-02,19.5
2025-07-03,19.42
2025-07-04,19.33
2025-07-07,19.44
2025-07-08,19.6
2025-07-09,19.79
2025-07-10,19.6
2025-07-11,20.17
2025-07-14,20.02
2025-07-15,20.34
2025-07-16,20.27
2025-07-17,20.44
2025-07-18,20.52
2025-07-21,20.36
2025-07-22,20.15
2025-07-23,19.98
2025-07-24,20.23
2025-07-25,20.59
2025-07-28,20.5
2025-07-29,20.43
2025-07-30,20.62
2025-07-31,21.54
2025-08-01,21.72
2025-08-04,21.5
2025-08-05,21.1
2025-08-06,21.3
2025-08-07,21.45
2025-08-08,20.54
2025-08-11,20.8
2025-08-12,20.69
2025-08-13,20.85
2025-08-14,20.36
2025-08-15,20.7
2025-08-18,21.3
2025-08-19,21.54
2025-08-20,21.56
2025-08-21,21.45
2025-08-22,21.92
2025-08-25,22.24
2025-08-26,22.6
2025-08-27,22.23
2025-08-28,22.15
2025-08-29,21.6
2025-09-01,22.81
2025-09-02,21.87
2025-09-03,21.03
2025-09-04,20.65
2025-09-05,20.96
2025-09-08,20.96
2025-09-09,20.32
2025-09-10,20.35
2025-09-11,20.61
2025-09-12,20.66
2025-09-15,20.77
2025-09-16,21.27
2025-09-17,20.86
2025-09-18,20.42
2025-09-19,20.17
2025-09-22,20.11
2025-09-23,19.59
2025-09-24,20.21
2025-09-25,20.4
2025-09-26,19.8
2025-09-29,19.73
2025-09-30,20.46
2025-10-09,22.51
2025-10-10,23.21
2025-10-13,24.93
2025-10-14,24.22
2025-10-15,25.05
2025-10-16,24.77
2025-10-17,22.29
2025-10-20,22.11
2025-10-21,22.35
2025-10-22,21.43
2025-10-23,20.62
2025-10-24,20.68
2025-10-27,20.64
2025-10-28,20.46
2025-10-29,20.61
2025-10-30,20.15
2025-10-31,21.6
2025-11-03,22.49
2025-11-04,22.3
2025-11-05,21.97
2025-11-06,22.0
2025-11-07,22.16
2025-11-10,22.18
2025-11-11,21.94
2025-11-12,21.47
2025-11-13,21.56
2025-11-14,21.0
2025-11-17,21.51
2025-11-18,23.66
2025-11-19,23.5
2025-11-20,23.04
2025-11-21,25.34
2025-11-24,25.56
2025-11-25,25.32
2025-11-26,24.32
2025-11-27,23.55
2025-11-28,23.5
2025-12-01,23.98
2025-12-02,24.1
2025-12-03,22.77
2025-12-04,22.45
2025-12-05,22.5
2025-12-08,22.81
2025-12-09,22.52
2025-12-10,22.5
2025-12-11,22.0
2025-12-12,22.32
2025-12-15,22.0
2025-12-16,20.96
2025-12-17,21.44
2025-12-18,21.33
2025-12-19,22.06
2025-12-22,21.79
2025-12-23,21.63
2025-12-24,21.98
2025-12-25,22.14
2025-12-26,21.77
2025-12-29,21.69
2025-12-30,22.81
2025-12-31,23.81
2026-01-05,24.62
2026-01-06,24.71
2026-01-07,24.53
2026-01-08,24.9
2026-01-09,26.02
2026-01-12,28.62
2026-01-13,31.48
2026-01-14,31.92
2026-01-15,35.11
2026-01-16,31.6
2026-01-19,28.44
2026-01-20,26.8
2026-01-21,26.88
2026-01-22,27.13
2026-01-23,27.9
2026-01-26,26.94
2026-01-27,28.01
2026-01-28,26.04
2026-01-29,26.85
2026-01-30,26.35
2026-02-02,26.33
2026-02-03,27.77
2026-02-04,26.8
2026-02-05,26.24
2026-02-06,25.81
2026-02-09,27.72
2026-02-10,30.49
2026-02-11,29.27
2026-02-12,29.14
2026-02-13,29.54
2026-02-24,26.59
2026-02-25,26.18
2026-02-26,25.77
2026-02-27,26.04
2026-03-02,24.75
2026-03-03,23.35
2026-03-04,23.3
2026-03-05,23.49
2026-03-06,23.4
2026-03-09,23.51
2026-03-10,23.68
2026-03-11,23.06
2026-03-12,22.8
2026-03-13,22.11
2026-03-16,22.44
2026-03-17,21.97
2026-03-18,22.35
2026-03-19,21.88
2026-03-20,21.0
2026-03-23,19.91
2026-03-24,20.32
2026-03-25,20.65
2026-03-26,20.16
2026-03-27,20.55
