date,close_raw
2010-01-04,8.77
2010-01-05,8.67
2010-01-06,8.9
2010-01-07,8.59
2010-01-08,8.52
2010-01-11,8.44
2010-01-12,8.64
2010-01-13,8.51
2010-01-14,9.18
2010-01-15,9.01
2010-01-18,9.1
2010-01-19,8.98
2010-01-20,8.66
2010-01-21,8.68
2010-01-22,8.3
2010-01-25,8.19
2010-01-26,7.89
2010-01-27,7.8
2010-01-28,8.04
2010-01-29,8.03
2010-02-01,7.83
2010-02-02,7.96
2010-02-03,8.08
2010-02-04,8.3
2010-02-05,8.26
2010-02-08,8.3
2010-02-09,8.47
2010-02-10,9.21
2010-02-11,8.9
2010-02-12,8.87
2010-02-22,9.12
2010-02-23,9.78
2010-02-24,9.89
2010-02-25,10.18
2010-02-26,10.0
2010-03-01,10.76
2010-03-02,10.41
2010-03-03,10.49
2010-03-04,9.99
2010-03-05,10.21
2010-03-08,10.3
2010-03-09,10.87
2010-03-10,11.13
2010-03-11,10.99
2010-03-12,10.7
2010-03-15,10.85
2010-03-16,10.74
2010-03-17,11.81
2010-05-05,12.99
2010-05-06,14.29
2010-05-10,15.0
2010-05-11,14.68
2010-05-12,13.35
2010-05-13,14.69
2010-05-14,14.38
2010-05-17,14.2
2010-05-18,13.82
2010-05-19,14.44
2010-05-20,13.96
2010-05-21,14.19
2010-05-24,14.83
2010-05-25,16.31
2010-05-26,15.75
2010-05-27,15.95
2010-05-28,16.05
2010-05-31,14.45
2010-06-01,14.61
2010-06-02,14.32
2010-06-03,13.79
2010-06-04,14.1
2010-06-07,14.07
2010-06-08,14.39
2010-06-09,14.49
2010-06-10,14.92
2010-06-11,14.31
2010-06-17,13.52
2010-06-18,12.68
2010-06-21,12.96
2010-06-22,12.95
2010-06-23,12.81
2010-06-24,13.15
2010-06-25,12.77
2010-06-28,12.89
2010-06-29,12.0
2010-06-30,11.92
2010-07-01,12.13
2010-07-02,11.2
2010-07-05,10.4
2010-07-06,10.76
2010-07-07,10.96
2010-07-08,10.71
2010-07-09,11.18
2010-07-12,11.48
2010-07-13,11.78
2010-07-14,11.69
2010-07-15,11.58
2010-07-16,11.83
2010-07-19,12.05
2010-07-20,12.29
2010-07-21,13.16
2010-07-22,13.06
2010-07-23,13.17
2010-07-26,13.19
2010-07-27,12.83
2010-07-28,13.1
2010-07-29,12.96
2010-07-30,13.53
2010-08-02,13.66
2010-08-03,13.51
2010-08-04,13.55
2010-08-05,13.63
2010-08-06,13.99
2010-08-09,13.96
2010-08-10,13.15
2010-08-11,13.16
2010-08-12,12.8
2010-08-16,13.58
2010-08-17,13.52
2010-08-18,13.75
2010-08-19,13.64
2010-08-20,13.21
2010-08-23,13.4
2010-08-24,14.33
2010-08-25,13.92
2010-08-26,14.44
2010-08-27,14.27
2010-08-30,14.27
2010-08-31,14.2
2010-09-01,13.9
2010-09-02,14.27
2010-09-03,15.05
2010-09-06,14.86
2010-09-07,15.0
2010-09-08,15.37
2010-09-09,14.78
2010-09-10,14.64
2010-09-13,14.92
2010-09-14,15.79
2010-09-15,15.87
2010-09-16,15.66
2010-09-17,15.99
2010-09-20,15.85
2010-09-21,15.14
2010-09-27,15.69
2010-09-28,15.42
2010-09-29,14.99
2010-09-30,15.82
2010-10-08,16.06
2010-10-11,16.32
2010-10-12,15.98
2010-10-13,15.5
2010-10-14,14.3
2010-10-15,13.92
2010-10-18,13.21
2010-10-19,14.13
2010-10-20,15.54
2010-10-21,16.16
2010-10-25,16.1
2010-10-26,16.57
2010-10-27,16.13
2010-10-28,15.72
2010-10-29,16.34
2010-11-01,16.43
2010-11-02,17.07
2010-11-03,16.6
2010-11-04,16.93
2010-11-05,17.27
2010-11-08,18.5
2010-11-09,18.36
2010-11-10,18.07
2010-11-11,17.56
2010-11-12,16.17
2010-11-15,16.68
2010-11-16,16.75
2010-11-17,15.95
2010-11-18,16.68
2010-11-19,16.94
2010-11-22,17.54
2010-11-23,17.05
2010-11-24,17.44
2010-11-25,17.29
2010-11-26,17.0
2010-11-29,17.69
2010-11-30,16.8
2010-12-02,17.04
2010-12-03,16.65
2010-12-06,16.13
2010-12-07,16.49
2010-12-08,16.52
2010-12-09,16.1
2010-12-10,16.23
2010-12-13,16.8
2010-12-14,16.78
2010-12-15,16.59
2010-12-16,16.88
2010-12-17,16.62
2010-12-20,16.19
2010-12-21,16.2
2010-12-22,16.05
2010-12-23,16.44
2010-12-24,15.86
2010-12-27,15.37
2010-12-28,14.91
2010-12-29,15.2
2010-12-30,15.06
2010-12-31,15.5
2011-01-04,15.9
2011-01-05,15.9
2011-01-06,15.72
2011-01-07,15.85
2011-01-10,15.31
2011-01-11,15.28
2011-01-12,15.45
2011-01-13,15.13
2011-01-14,15.39
2011-01-17,14.48
2011-01-18,14.26
2011-01-19,14.49
2011-01-20,14.19
2011-01-21,14.15
2011-01-24,13.28
2011-01-25,13.26
2011-01-26,13.36
2011-01-27,13.47
2011-01-28,13.71
2011-01-31,14.14
2011-02-01,14.07
2011-02-09,14.0
2011-02-10,14.24
2011-02-11,14.22
2011-02-14,14.81
2011-02-15,14.65
2011-02-16,14.8
2011-02-17,14.98
2011-02-18,15.08
2011-02-22,14.74
2011-02-23,14.86
2011-02-24,15.03
2011-02-25,14.97
2011-02-28,14.95
2011-03-01,15.06
2011-03-02,15.02
2011-03-03,15.47
2011-03-04,15.47
2011-03-07,15.5
2011-03-08,15.47
2011-03-09,15.53
2011-03-10,15.31
2011-03-11,15.36
2011-03-14,15.58
2011-03-15,15.69
2011-03-16,16.0
2011-03-17,15.88
2011-03-18,16.36
2011-03-21,16.2
2011-03-22,15.9
2011-03-23,16.1
2011-03-24,15.89
2011-03-25,15.8
2011-03-28,16.07
2011-03-29,15.78
2011-03-30,15.07
2011-03-31,15.0
2011-04-01,15.18
2011-04-06,15.12
2011-04-07,15.18
2011-04-08,15.14
2011-04-11,15.2
2011-04-12,15.28
2011-04-13,15.24
2011-04-14,14.9
2011-04-15,14.61
2011-04-18,14.36
2011-04-19,14.33
2011-04-20,14.41
2011-04-21,14.35
2011-04-22,14.1
2011-04-25,13.75
2011-04-26,13.35
2011-04-27,13.44
2011-04-28,13.46
2011-04-29,13.73
2011-05-03,14.01
2011-05-04,13.75
2011-05-05,14.5
2011-05-06,14.15
2011-05-09,14.19
2011-05-10,14.21
2011-05-11,14.27
2011-05-12,13.98
2011-05-13,13.75
2011-05-16,13.85
2011-05-17,13.74
2011-05-18,13.84
2011-05-19,13.85
2011-05-20,13.84
2011-05-23,13.46
2011-05-24,13.07
2011-05-25,12.73
2011-05-26,12.8
2011-05-27,12.26
2011-05-30,12.2
2011-05-31,12.4
2011-06-01,12.4
2011-06-02,12.01
2011-06-03,12.23
2011-06-07,12.47
2011-06-08,12.38
2011-06-09,12.11
2011-06-10,12.34
2011-06-13,12.13
2011-06-14,12.39
2011-06-15,12.4
2011-06-16,12.04
2011-06-17,12.0
2011-06-20,11.51
2011-06-21,11.38
2011-06-22,11.9
2011-06-23,11.9
2011-06-24,12.12
2011-06-27,12.3
2011-06-28,12.17
2011-06-29,11.78
2011-06-30,11.98
2011-07-01,12.01
2011-07-04,12.66
2011-07-05,12.6
2011-07-06,12.69
2011-07-07,12.97
2011-07-08,13.18
2011-07-11,13.08
2011-07-12,12.73
2011-07-13,12.89
2011-07-14,13.25
2011-07-15,13.2
2011-07-18,13.01
2011-07-19,13.16
2011-07-20,13.06
2011-07-21,12.89
2011-07-22,13.02
2011-07-26,12.53
2011-07-27,12.89
2011-07-28,12.86
2011-07-29,12.58
2011-08-01,12.55
2011-08-02,12.41
2011-08-03,12.36
2011-08-04,12.37
2011-08-05,12.06
2011-08-08,11.2
2011-08-09,10.98
2011-08-10,11.41
2011-08-11,11.48
2011-08-12,11.68
2011-08-15,11.8
2011-08-16,11.69
2011-08-17,11.46
2011-08-18,11.33
2011-08-19,11.25
2011-08-22,11.23
2011-08-23,11.45
2011-08-24,11.42
2011-08-25,11.61
2011-08-26,12.16
2011-08-29,11.96
2011-08-30,11.95
2011-08-31,12.2
2011-09-01,11.95
2011-09-02,11.71
2011-09-05,11.23
2011-09-06,10.98
2011-09-07,11.22
2011-09-08,11.08
2011-09-09,10.95
2011-09-13,10.75
2011-09-14,10.87
2011-09-15,11.15
2011-09-16,11.23
2011-09-19,10.95
2011-09-20,11.01
2011-09-21,11.34
2011-09-22,11.19
2011-09-23,11.17
2011-09-26,10.97
2011-09-27,11.01
2011-09-28,10.46
2011-09-29,10.0
2011-09-30,10.05
2011-10-10,9.95
2011-10-11,9.99
2011-10-12,10.29
2011-10-13,10.5
2011-10-14,10.99
2011-10-18,10.17
2011-10-19,11.19
2011-10-20,11.13
2011-10-21,11.11
2011-10-24,11.68
2011-10-25,11.86
2011-10-26,12.16
2011-10-27,11.99
2011-10-28,12.06
2011-10-31,12.42
2011-11-01,12.37
2011-11-02,12.96
2011-11-03,12.68
2011-11-04,12.51
2011-11-07,12.57
2011-11-09,12.69
2011-11-10,13.19
2011-11-11,13.53
2011-11-14,13.61
2011-11-15,13.8
2011-11-16,13.3
2011-11-17,13.21
2011-11-18,12.8
2011-11-21,13.37
2011-11-22,13.63
2011-11-23,13.39
2011-11-24,13.79
2011-11-25,14.71
2011-11-28,14.59
2011-11-29,14.41
2011-11-30,13.89
2011-12-01,13.98
2011-12-02,14.6
2011-12-05,13.81
2011-12-06,13.95
2011-12-07,13.57
2011-12-08,13.64
2011-12-09,13.27
2011-12-12,12.81
2011-12-13,13.0
2011-12-14,12.75
2011-12-15,12.76
2011-12-16,13.26
2011-12-19,13.68
2011-12-20,13.48
2011-12-21,12.62
2011-12-22,11.36
2011-12-23,10.93
2011-12-26,11.3
2011-12-27,10.72
2011-12-28,10.68
2011-12-29,10.92
2011-12-30,11.34
2012-01-04,11.29
2012-01-05,10.79
2012-01-06,11.14
2012-01-09,11.49
2012-01-10,11.79
2012-01-11,11.97
2012-01-12,11.75
2012-01-13,11.18
2012-01-16,10.9
2012-01-17,11.39
2012-01-18,11.15
2012-01-19,11.22
2012-01-20,11.3
2012-01-30,11.42
2012-01-31,11.49
2012-02-01,11.3
2012-02-02,11.55
2012-02-03,11.87
2012-02-06,11.9
2012-02-07,11.93
2012-02-08,12.06
2012-02-09,11.99
2012-02-10,12.18
2012-02-13,12.06
2012-02-14,11.98
2012-02-15,12.01
2012-02-16,12.29
2012-02-17,12.24
2012-02-20,12.15
2012-02-21,12.6
2012-02-22,12.86
2012-02-23,13.13
2012-02-24,13.38
2012-02-27,13.2
2012-02-28,13.04
2012-02-29,12.92
2012-03-01,13.21
2012-03-02,13.45
2012-03-05,14.43
2012-03-07,13.85
2012-03-08,14.27
2012-03-09,15.51
2012-03-12,15.94
2012-03-13,15.97
2012-03-14,15.39
2012-03-15,16.35
2012-03-16,16.09
2012-03-19,16.2
2012-03-20,15.72
2012-03-21,15.0
2012-03-22,14.98
2012-03-23,14.42
2012-03-26,14.44
2012-03-27,15.02
2012-03-28,14.0
2012-03-29,13.61
2012-03-30,13.65
2012-04-05,14.24
2012-04-06,14.95
2012-04-09,14.32
2012-04-10,14.74
2012-04-11,14.7
2012-04-12,14.8
2012-04-13,14.9
2012-04-16,15.35
2012-04-17,14.89
2012-04-18,15.18
2012-04-19,14.66
2012-04-20,14.23
2012-04-23,14.06
2012-04-24,14.2
2012-04-25,14.39
2012-04-26,14.2
2012-04-27,14.11
2012-05-02,14.55
2012-05-03,15.09
2012-05-04,15.08
2012-05-07,15.33
2012-05-08,15.38
2012-05-09,15.26
2012-05-10,15.13
2012-05-11,15.24
2012-05-14,14.9
2012-05-15,15.86
2012-05-16,15.86
2012-05-17,15.87
2012-05-18,15.85
2012-05-21,16.22
2012-05-22,15.89
2012-05-23,15.69
2012-05-24,15.6
2012-05-25,15.39
2012-05-28,15.85
2012-05-29,16.15
2012-05-30,16.12
2012-05-31,16.11
2012-06-01,15.76
2012-06-04,15.54
2012-06-05,15.3
2012-06-14,15.85
2012-06-15,14.99
2012-06-18,15.17
2012-06-19,15.02
2012-06-20,14.8
2012-06-21,14.99
2012-06-25,14.65
2012-06-26,14.02
2012-06-27,13.39
2012-06-28,13.1
2012-06-29,13.45
2012-07-02,13.5
2012-07-03,13.38
2012-07-04,12.98
2012-07-05,12.22
2012-07-06,12.12
2012-07-09,11.97
2012-07-10,12.5
2012-07-11,12.5
2012-07-12,12.85
2012-07-13,12.89
2012-07-16,12.3
2012-07-17,12.32
2012-07-18,12.37
2012-07-19,12.79
2012-07-20,12.75
2012-07-23,12.87
2012-07-24,12.88
2012-07-25,12.75
2012-07-26,12.76
2012-07-27,12.5
2012-07-30,12.1
2012-07-31,11.97
2012-08-01,13.17
2012-08-02,13.32
2012-08-03,13.38
2012-08-06,13.5
2012-08-07,13.56
2012-08-08,13.53
2012-08-09,13.64
2012-08-10,13.42
2012-08-13,13.15
2012-08-14,13.25
2012-08-15,13.19
2012-08-16,13.07
2012-08-17,13.1
2012-08-20,12.61
2012-08-21,12.72
2012-08-22,12.7
2012-08-23,12.74
2012-08-24,12.1
2012-08-27,12.03
2012-08-28,12.06
2012-08-29,11.9
2012-08-30,11.52
2012-08-31,11.35
2012-09-03,11.51
2012-09-04,11.45
2012-09-05,11.89
2012-09-06,11.9
2012-09-07,12.28
2012-09-10,12.34
2012-09-11,12.4
2012-09-12,12.35
2012-09-13,12.2
2012-09-14,12.11
2012-09-17,11.74
2012-09-18,11.0
2012-09-19,11.14
2012-09-20,10.68
2012-09-21,10.68
2012-09-24,10.77
2012-09-25,10.39
2012-09-26,9.76
2012-09-27,10.05
2012-09-28,10.5
2012-10-08,10.26
2012-10-09,10.6
2012-10-10,10.88
2012-10-11,10.86
2012-10-12,10.88
2012-10-15,10.55
2012-10-16,10.66
2012-10-17,10.87
2012-10-18,11.06
2012-10-19,10.96
2012-10-22,11.2
2012-10-23,11.15
2012-10-24,11.08
2012-10-25,10.57
2012-10-26,10.5
2012-10-29,10.42
2012-10-30,10.4
2012-10-31,10.37
2012-11-01,10.78
2012-11-02,10.85
2012-11-05,10.53
2012-11-06,10.41
2012-11-07,10.44
2012-11-08,10.26
2012-11-09,10.11
2012-11-12,10.38
2012-11-13,10.58
2012-11-14,10.32
2012-11-15,10.0
2012-11-16,10.0
2012-11-19,10.08
2012-11-20,9.89
2012-11-21,10.04
2012-11-22,9.81
2012-11-23,9.89
2012-11-26,10.01
2012-11-27,9.73
2012-11-28,8.86
2012-11-29,8.3
2012-11-30,8.21
2012-12-03,8.14
2012-12-04,8.01
2012-12-05,8.4
2012-12-06,8.43
2012-12-07,8.56
2012-12-10,9.02
2012-12-11,8.83
2012-12-12,9.21
2012-12-13,8.79
2012-12-14,9.06
2012-12-17,9.06
2012-12-18,9.05
2012-12-19,9.04
2012-12-20,8.97
2012-12-21,8.81
2012-12-24,8.74
2012-12-25,9.14
2012-12-26,9.45
2012-12-27,9.67
2012-12-28,9.62
2012-12-31,9.54
2013-01-04,9.25
2013-01-07,9.57
2013-01-08,9.59
2013-01-09,9.77
2013-01-10,9.99
2013-01-11,10.16
2013-01-14,10.9
2013-01-15,11.4
2013-01-16,11.57
2013-01-17,11.29
2013-01-18,11.27
2013-01-21,11.3
2013-01-22,11.62
2013-01-23,11.1
2013-01-24,10.78
2013-01-25,10.7
2013-01-28,11.05
2013-01-29,11.0
2013-01-30,11.38
2013-01-31,10.97
2013-02-01,11.09
2013-02-04,10.64
2013-02-05,10.78
2013-02-06,10.99
2013-02-07,10.9
2013-02-08,11.09
2013-02-18,11.11
2013-02-19,11.03
2013-02-20,11.19
2013-02-21,11.06
2013-02-22,11.48
2013-02-25,11.5
2013-02-26,11.81
2013-02-27,11.75
2013-02-28,11.86
2013-03-01,11.95
2013-03-04,11.12
2013-03-05,11.28
2013-03-06,11.41
2013-03-07,10.88
2013-03-08,10.82
2013-03-11,10.58
2013-03-12,10.24
2013-03-13,10.28
2013-03-14,10.13
2013-03-15,10.19
2013-03-18,10.22
2013-03-19,10.12
2013-03-20,10.43
2013-03-21,10.54
2013-03-22,10.55
2013-03-25,10.53
2013-07-12,11.58
2013-07-15,12.16
2013-07-16,12.52
2013-07-17,12.95
2013-07-18,13.02
2013-07-19,12.4
2013-07-22,12.92
2013-07-23,13.07
2013-07-24,13.38
2013-07-25,12.63
2013-07-26,12.53
2013-07-29,12.3
2013-07-30,12.22
2013-07-31,12.21
2013-08-01,12.59
2013-08-02,12.37
2013-08-05,12.4
2013-08-06,12.76
2013-08-07,12.23
2013-08-08,12.0
2013-08-09,12.21
2013-08-12,12.21
2013-08-13,12.29
2013-08-14,12.11
2013-08-15,12.02
2013-08-16,11.78
2013-08-19,12.02
2013-08-20,12.13
2013-08-21,12.58
2013-08-22,12.65
2013-08-23,12.56
2013-08-26,12.57
2013-08-27,12.44
2013-08-28,12.45
2013-08-29,12.15
2013-08-30,11.43
2013-09-02,11.5
2013-09-03,11.65
2013-09-04,11.65
2013-09-05,11.92
2013-09-06,11.9
2013-09-09,12.1
2013-09-10,12.2
2013-09-11,11.92
2013-09-12,12.15
2013-09-13,12.13
2013-09-16,12.65
2013-09-17,12.37
2013-09-18,13.61
2013-09-23,13.85
2013-09-24,13.78
2013-09-25,13.79
2013-09-26,13.02
2013-09-27,13.22
2013-09-30,13.99
2013-10-08,14.14
2013-10-09,14.23
2013-10-10,14.18
2013-10-11,13.96
2013-10-14,13.92
2013-10-15,14.05
2013-10-16,13.2
2013-10-17,12.91
2013-10-18,13.03
2013-10-21,13.21
2013-10-22,12.7
2013-10-23,12.28
2013-10-24,12.28
2013-10-25,12.37
2013-10-28,12.52
2013-10-29,11.88
2013-10-30,11.99
2013-10-31,11.72
2013-11-01,11.81
2013-11-04,11.92
2013-11-05,12.01
2013-11-06,11.87
2013-11-07,11.55
2013-11-08,11.57
2013-11-11,11.67
2013-11-12,11.82
2013-11-13,11.68
2013-11-14,11.83
2013-11-15,12.1
2013-11-18,12.23
2013-11-19,12.34
2013-11-20,12.25
2013-11-21,12.07
2013-11-22,12.07
2013-11-25,11.88
2013-11-26,11.95
2013-11-27,12.18
2013-11-28,12.23
2013-11-29,12.27
2013-12-02,11.06
2013-12-03,11.27
2013-12-04,11.38
2013-12-05,11.33
2013-12-06,11.63
2013-12-09,11.64
2013-12-10,11.58
2013-12-11,11.48
2013-12-12,12.01
2013-12-13,11.8
2013-12-16,11.49
2013-12-17,11.23
2013-12-18,11.17
2013-12-19,11.16
2013-12-20,10.96
2013-12-23,10.82
2013-12-24,10.96
2013-12-25,11.15
2013-12-26,10.78
2013-12-27,10.97
2013-12-30,10.92
2013-12-31,10.95
2014-01-02,11.04
2014-01-03,11.15
2014-01-06,10.8
2014-01-07,10.86
2014-01-08,10.86
2014-01-09,10.61
2014-01-10,10.21
2014-01-13,10.06
2014-01-14,10.24
2014-01-15,10.16
2014-01-16,10.31
2014-01-17,10.14
2014-01-20,9.87
2014-01-21,10.42
2014-01-22,10.58
2014-01-23,11.64
2014-01-24,11.48
2014-01-27,11.45
2014-01-28,11.57
2014-01-29,11.95
2014-01-30,12.06
2014-02-07,12.45
2014-02-10,12.46
2014-02-11,12.17
2014-02-12,12.36
2014-02-13,12.7
2014-02-14,13.54
2014-02-17,13.6
2014-02-18,13.5
2014-02-19,13.63
2014-02-20,13.25
2014-02-21,13.18
2014-02-24,13.26
2014-02-25,12.15
2014-02-26,12.41
2014-02-27,12.39
2014-02-28,12.67
2014-03-03,13.08
2014-03-04,12.96
2014-03-05,13.02
2014-03-06,12.77
2014-03-07,12.83
2014-03-10,12.15
2014-03-11,12.07
2014-03-12,12.15
2014-03-13,12.09
2014-03-14,11.9
2014-03-17,12.25
2014-03-18,12.25
2014-03-19,12.29
2014-03-20,11.87
2014-03-21,12.15
2014-03-24,12.17
2014-03-25,12.17
2014-03-26,12.19
2014-03-27,12.48
2014-03-28,12.11
2014-03-31,11.79
2014-04-01,11.9
2014-04-02,11.85
2014-04-03,11.85
2014-04-04,11.9
2014-04-08,12.03
2014-04-09,12.35
2014-04-10,12.31
2014-04-11,12.24
2014-04-14,12.58
2014-04-15,12.35
2014-04-16,12.5
2014-04-17,12.55
2014-04-18,12.77
2014-04-21,12.79
2014-04-22,12.96
2014-04-23,12.72
2014-04-24,12.51
2014-04-25,11.96
2014-04-28,11.45
2014-04-29,11.5
2014-04-30,11.6
2014-05-05,11.61
2014-05-06,11.87
2014-05-07,11.6
2014-05-08,11.56
2014-05-09,11.51
2014-05-12,11.86
2014-05-13,11.78
2014-05-14,11.74
2014-05-15,11.41
2014-05-16,11.3
2014-05-19,11.27
2014-05-20,11.29
2014-05-21,11.37
2014-05-22,11.32
2014-05-23,11.43
2014-05-26,11.65
2014-05-27,11.59
2014-05-28,11.72
2014-05-29,11.46
2014-05-30,11.6
2014-06-03,11.64
2014-06-04,11.48
2014-06-05,11.83
2014-06-06,11.89
2014-06-09,11.64
2014-06-10,11.86
2014-06-18,11.62
2014-06-19,11.04
2014-06-20,11.04
2014-06-23,11.4
2014-06-24,11.63
2014-06-25,11.63
2014-06-26,11.69
2014-06-27,11.78
2014-06-30,11.95
2014-07-01,11.96
2014-07-02,11.97
2014-07-03,12.01
2014-07-04,11.95
2014-07-07,11.85
2014-07-08,12.3
2014-07-09,11.92
2014-07-10,11.99
2014-07-11,11.93
2014-07-14,11.88
2014-07-15,11.7
2014-07-16,11.63
2014-07-17,11.65
2014-07-18,11.75
2014-07-21,11.75
2014-07-22,11.67
2014-07-23,11.73
2014-07-24,11.63
2014-07-25,11.71
2014-07-28,11.88
2014-07-29,11.97
2014-07-30,11.99
2014-07-31,12.08
2014-08-01,12.01
2014-08-04,12.09
2014-08-05,12.15
2014-08-06,12.27
2014-08-07,12.15
2014-08-08,12.12
2014-08-11,12.16
2014-08-12,12.2
2014-08-13,12.23
2014-08-14,12.28
2014-08-15,12.53
2014-08-18,12.7
2014-08-19,12.8
2014-08-20,12.88
2014-08-21,13.41
2014-08-22,13.28
2014-08-25,13.29
2014-08-26,12.85
2014-08-27,12.78
2014-08-28,12.71
2014-08-29,12.85
2014-09-01,13.02
2014-09-02,13.17
2014-09-03,13.37
2014-09-04,13.27
2014-09-05,13.35
2014-09-09,13.47
2014-09-10,13.3
2014-09-11,13.32
2014-09-12,13.63
2014-09-15,14.09
2014-09-16,13.66
2014-09-17,14.13
2014-09-18,14.11
2014-09-19,14.16
2014-09-22,13.91
2014-09-23,14.0
2014-09-24,14.26
2014-09-25,14.18
2014-09-26,14.43
2014-09-29,14.6
2014-09-30,14.56
2014-10-08,14.38
2014-10-09,13.88
2014-10-10,13.98
2014-10-13,14.11
2014-10-14,13.85
2014-10-15,14.2
2014-10-16,13.96
2014-10-17,13.81
2014-10-20,14.06
2014-10-21,13.89
2014-10-22,13.7
2014-10-23,13.3
2014-10-24,13.33
2014-10-27,13.28
2014-10-28,13.63
2014-10-29,13.63
2014-10-30,13.55
2014-10-31,13.59
2014-11-03,13.53
2014-11-04,13.67
2014-11-05,13.41
2014-11-06,13.62
2014-11-07,13.42
2014-11-10,13.55
2014-11-11,13.11
2014-11-12,13.26
2014-11-13,12.84
2014-11-14,12.64
2014-11-17,13.07
2014-11-18,13.02
2014-11-19,13.15
2014-11-20,13.03
2014-11-21,13.37
2014-11-24,13.39
2014-11-25,13.49
2014-11-26,13.32
2014-11-27,13.54
2014-11-28,13.66
2014-12-01,13.38
2014-12-02,13.71
2014-12-03,14.03
2014-12-04,14.11
2014-12-05,13.87
2014-12-08,13.82
2014-12-09,13.8
2014-12-10,14.51
2014-12-11,14.51
2014-12-12,14.49
2014-12-15,14.85
2014-12-16,14.51
2014-12-17,14.28
2014-12-18,14.19
2014-12-19,13.8
2014-12-22,13.91
2014-12-23,13.86
2014-12-24,14.03
2014-12-25,14.07
2014-12-26,14.13
2014-12-29,14.2
2014-12-30,13.96
2014-12-31,13.93
2015-01-05,13.86
2015-01-06,14.05
2015-01-07,13.78
2015-01-08,13.53
2015-01-09,13.51
2015-01-12,13.33
2015-01-13,13.45
2015-01-14,13.35
2015-01-15,13.43
2015-01-16,13.76
2015-01-19,13.89
2015-01-20,14.27
2015-01-21,14.37
2015-01-22,14.36
2015-01-23,14.08
2015-01-26,14.34
2015-01-27,14.34
2015-01-28,14.52
2015-01-29,14.53
2015-01-30,14.55
2015-02-02,14.21
2015-02-03,14.22
2015-02-04,14.04
2015-02-05,15.44
2015-02-06,15.26
2015-02-09,15.2
2015-02-10,14.96
2015-02-11,14.9
2015-02-12,16.39
2015-02-13,17.15
2015-02-16,18.08
2015-02-17,18.3
2015-02-25,17.45
2015-02-26,17.33
2015-02-27,17.7
2015-03-02,17.69
2015-03-03,17.35
2015-03-04,17.69
2015-03-05,17.93
2015-03-06,16.82
2015-03-09,16.92
2015-03-10,16.93
2015-03-11,16.55
2015-03-12,16.65
2015-03-13,16.62
2015-03-16,17.53
2015-03-17,17.57
2015-03-18,17.8
2015-03-19,18.09
2015-03-20,18.11
2015-03-23,18.32
2015-03-24,18.0
2015-03-25,18.35
2015-03-26,17.7
2015-03-27,17.7
2015-03-30,17.93
2015-03-31,18.34
2015-04-01,19.55
2015-04-02,19.23
2015-04-03,19.33
2015-04-07,20.2
2015-04-08,19.63
2015-04-09,18.76
2015-04-10,19.35
2015-04-13,19.99
2015-04-14,20.37
2015-04-15,18.79
2015-04-16,19.15
2015-04-17,19.06
2015-04-20,18.26
2015-04-21,19.03
2015-04-22,19.95
2015-04-23,20.12
2015-04-24,20.78
2015-04-27,20.89
2015-04-28,19.8
2015-04-29,20.25
2015-04-30,20.94
2015-05-04,21.11
2015-05-05,20.26
2015-05-06,19.5
2015-05-07,19.63
2015-05-08,20.19
2015-05-11,20.8
2015-05-12,21.72
2015-05-13,22.92
2015-05-14,22.89
2015-05-15,25.18
2015-05-18,26.0
2015-05-19,26.25
2015-05-20,25.84
2015-05-21,28.42
2015-05-22,27.9
2015-09-23,25.04
2015-09-24,22.54
2015-09-25,20.29
2015-09-28,18.26
2015-09-29,16.44
2015-09-30,15.81
2015-10-08,16.27
2015-10-09,16.67
2015-10-12,17.7
2015-10-13,17.7
2015-10-14,18.15
2015-10-15,18.57
2015-10-16,18.4
2015-10-19,18.03
2015-10-20,19.27
2015-10-21,17.34
2015-10-22,17.97
2015-10-23,18.24
2015-10-26,18.38
2015-10-27,18.1
2015-10-28,17.92
2015-10-29,18.0
2015-10-30,17.6
2015-11-02,17.0
2015-11-03,17.08
2015-11-04,17.81
2015-11-05,18.19
2015-11-06,18.53
2015-11-09,18.69
2015-11-19,19.46
2015-11-20,18.99
2015-11-23,20.89
2015-11-24,21.5
2015-11-25,21.42
2015-11-26,20.52
2015-11-27,18.87
2015-11-30,19.71
2015-12-01,20.37
2015-12-02,19.68
2015-12-03,20.5
2015-12-04,20.26
2015-12-07,20.78
2015-12-08,19.8
2015-12-09,19.52
2015-12-10,19.1
2015-12-11,19.22
2015-12-14,19.56
2015-12-15,20.21
2015-12-16,20.3
2015-12-17,20.78
2015-12-18,20.52
2015-12-21,20.55
2015-12-22,20.5
2015-12-23,20.9
2015-12-24,20.78
2015-12-25,21.6
2015-12-28,20.35
2015-12-29,20.45
2015-12-30,20.54
2015-12-31,19.58
2016-01-04,17.62
2016-01-05,17.15
2016-01-06,17.61
2016-01-07,15.87
2016-01-08,16.02
2016-01-11,14.42
2016-01-12,14.41
2016-01-13,13.77
2016-01-14,14.56
2016-01-15,13.48
2016-01-18,13.65
2016-01-19,14.16
2016-01-20,14.08
2016-01-21,13.47
2016-01-22,13.62
2016-01-25,13.84
2016-01-26,12.58
2016-01-27,12.61
2016-01-28,12.21
2016-01-29,12.8
2016-02-01,12.87
2016-02-02,13.22
2016-02-03,13.19
2016-02-04,13.52
2016-02-05,13.27
2016-02-15,13.2
2016-02-16,13.76
2016-02-17,13.97
2016-02-18,13.93
2016-02-19,14.0
2016-02-22,14.53
2016-02-23,14.27
2016-02-24,14.7
2016-02-25,13.23
2016-02-26,13.21
2016-02-29,12.05
2016-03-01,12.24
2016-03-02,12.86
2016-03-03,12.86
2016-03-04,12.4
2016-03-07,12.8
2016-03-08,13.06
2016-03-09,12.79
2016-03-10,12.6
2016-03-11,12.6
2016-03-14,13.06
2016-03-15,13.1
2016-03-16,12.89
2016-03-17,13.37
2016-03-18,13.8
2016-03-21,14.31
2016-03-22,14.38
2016-03-23,14.41
2016-03-24,14.05
2016-03-25,14.37
2016-03-28,14.25
2016-03-29,13.88
2016-03-30,14.52
2016-03-31,14.33
2016-04-01,14.21
2016-04-05,14.8
2016-04-06,14.97
2016-04-07,14.51
2016-04-08,14.37
2016-04-11,14.79
2016-04-12,14.59
2016-04-13,14.76
2016-04-14,15.06
2016-04-15,15.12
2016-04-18,14.93
2016-04-19,14.81
2016-04-20,14.02
2016-04-21,14.0
2016-04-29,15.4
2016-05-03,15.99
2016-05-04,15.68
2016-05-05,16.38
2016-05-06,16.4
2016-05-09,15.4
2016-05-10,15.0
2016-05-11,14.67
2016-05-12,14.52
2016-05-13,14.67
2016-05-16,14.9
2016-05-17,14.62
2016-05-18,13.83
2016-05-19,14.01
2016-05-20,14.28
2016-05-23,14.49
2016-05-24,14.48
2016-05-25,14.32
2016-05-26,14.36
2016-05-27,14.5
2016-05-30,14.2
2016-05-31,14.76
2016-06-01,14.83
2016-06-02,15.12
2016-06-03,15.0
2016-06-06,14.97
2016-06-07,15.07
2016-06-08,14.79
2016-06-13,13.96
2016-06-14,13.96
2016-06-15,14.22
2016-06-16,14.04
2016-06-17,14.18
2016-06-20,14.33
2016-06-21,14.2
2016-06-22,14.33
2016-06-23,14.59
2016-06-24,14.26
2016-06-27,14.74
2016-06-28,14.78
2016-06-29,14.85
2016-06-30,14.82
2016-07-01,14.97
2016-07-04,15.18
2016-07-05,15.16
2016-07-06,15.27
2016-07-07,15.12
2016-07-08,15.12
2016-07-11,15.11
2016-07-12,15.2
2016-07-13,15.44
2016-07-14,15.6
2016-07-15,15.6
2016-07-18,15.69
2016-07-19,15.64
2016-07-20,15.9
2016-07-21,15.81
2016-07-22,16.01
2016-07-25,16.44
2016-07-26,16.88
2016-07-27,16.13
2016-07-28,16.5
2016-07-29,16.12
2016-08-01,15.31
2016-08-02,15.46
2016-08-03,15.42
2016-08-04,15.5
2016-08-05,15.33
2016-08-08,15.64
2016-08-09,15.97
2016-08-10,15.71
2016-08-11,15.38
2016-08-12,15.58
2016-08-15,15.93
2016-08-16,16.0
2016-08-17,16.21
2016-08-18,15.98
2016-08-19,16.18
2016-08-22,15.88
2016-08-23,15.96
2016-08-24,15.99
2016-08-25,15.67
2016-08-26,15.67
2016-08-29,15.83
2016-08-30,15.78
2016-08-31,15.64
2016-09-01,16.17
2016-09-02,15.7
2016-09-05,15.87
2016-09-06,16.04
2016-09-07,16.01
2016-09-08,16.11
2016-09-09,15.9
2016-09-12,15.24
2016-09-13,15.32
2016-09-14,15.0
2016-09-19,15.22
2016-09-20,15.27
2016-09-21,15.23
2016-09-22,15.36
2016-09-23,15.19
2016-09-26,14.9
2016-09-27,15.09
2016-09-28,14.85
2016-09-29,14.85
2016-09-30,14.86
2016-10-10,15.15
2016-10-11,15.34
2016-10-12,15.27
2016-10-13,15.25
2016-10-14,15.22
2016-10-17,15.15
2016-10-18,15.35
2016-10-19,15.36
2016-10-20,15.5
2016-10-21,15.42
2016-10-24,15.54
2016-10-25,15.45
2016-10-26,15.3
2016-10-27,15.32
2016-10-28,14.8
2016-10-31,14.8
2016-11-01,14.91
2016-11-02,14.79
2016-11-03,15.0
2016-11-04,14.81
2016-11-07,14.82
2016-11-08,14.89
2016-11-09,14.62
2016-11-10,14.91
2016-11-11,14.99
2016-11-14,15.07
2016-11-15,15.2
2016-11-16,15.24
2016-11-17,15.16
2016-11-18,15.02
2016-11-21,15.29
2016-11-22,15.26
2016-11-23,15.15
2016-11-24,15.09
2016-11-25,15.13
2016-11-28,15.0
2016-11-29,15.02
2016-11-30,14.9
2016-12-01,15.08
2016-12-02,14.86
2016-12-05,14.77
2016-12-06,14.81
2016-12-07,14.98
2016-12-08,14.88
2016-12-09,14.9
2016-12-12,14.16
2016-12-13,14.14
2016-12-14,14.06
2016-12-15,14.11
2016-12-16,14.26
2016-12-19,14.23
2016-12-20,14.26
2016-12-21,14.3
2016-12-22,14.25
2016-12-23,14.22
2016-12-26,14.38
2016-12-27,14.3
2016-12-28,14.3
2016-12-29,14.3
2016-12-30,14.28
2017-01-03,14.37
2017-01-04,14.47
2017-01-05,14.55
2017-01-06,14.56
2017-01-09,14.95
2017-01-10,14.86
2017-01-11,14.7
2017-01-12,14.58
2017-01-13,14.55
2017-01-16,14.03
2017-01-17,13.92
2017-01-18,13.89
2017-01-19,13.94
2017-01-20,14.04
2017-01-23,14.14
2017-01-24,14.1
2017-01-25,14.01
2017-01-26,14.09
2017-02-03,14.05
2017-02-06,14.08
2017-02-07,14.01
2017-02-08,14.02
2017-02-09,14.14
2017-02-10,14.25
2017-02-13,14.28
2017-02-14,14.2
2017-02-15,14.15
2017-02-16,14.25
2017-02-17,14.1
2017-02-20,14.29
2017-02-21,14.34
2017-02-22,14.44
2017-02-23,14.4
2017-02-24,14.46
2017-02-27,14.38
2017-02-28,14.59
2017-03-01,14.58
2017-03-02,14.41
2017-03-03,14.37
2017-03-06,14.5
2017-03-07,14.58
2017-03-08,14.55
2017-03-09,14.34
2017-03-10,14.35
2017-03-13,14.45
2017-03-14,14.45
2017-03-15,14.45
2017-03-16,14.59
2017-03-17,14.6
2017-03-20,14.75
2017-03-21,14.74
2017-03-22,14.75
2017-03-23,14.75
2017-03-24,14.65
2017-03-27,14.76
2017-03-28,14.9
2017-03-29,14.68
2017-03-30,14.39
2017-03-31,14.45
2017-04-05,14.67
2017-04-06,14.74
2017-04-07,14.81
2017-04-10,14.54
2017-04-11,14.47
2017-04-12,14.48
2017-04-13,14.48
2017-04-14,14.24
2017-04-17,14.18
2017-04-18,13.89
2017-04-19,13.76
2017-04-20,13.56
2017-04-21,13.57
2017-04-24,13.31
2017-04-25,13.32
2017-04-26,13.31
2017-04-27,13.43
2017-04-28,13.49
2017-05-02,13.41
2017-05-03,13.35
2017-05-04,13.29
2017-05-05,13.23
2017-05-08,12.98
2017-05-09,13.03
2017-05-10,12.6
2017-05-11,12.4
2017-05-12,12.03
2017-05-15,11.88
2017-05-16,12.07
2017-05-17,12.13
2017-05-18,12.01
2017-05-19,12.08
2017-05-22,11.99
2017-05-23,11.42
2017-05-24,11.45
2017-05-25,11.58
2017-05-26,11.58
2017-05-31,11.56
2017-06-01,11.28
2017-06-02,11.42
2017-06-05,11.68
2017-06-06,11.75
2017-06-07,12.04
2017-06-08,11.97
2017-06-09,12.02
2017-06-12,11.77
2017-06-13,11.93
2017-06-14,11.91
2017-06-15,12.13
2017-06-16,12.04
2017-06-19,12.12
2017-06-20,12.07
2017-06-21,12.03
2017-06-22,11.9
2017-06-23,11.97
2017-06-26,12.18
2017-06-27,12.18
2017-06-28,12.06
2017-06-29,12.07
2017-06-30,12.15
2017-07-03,12.2
2017-07-04,12.11
2017-07-05,12.4
2017-07-06,12.34
2017-07-07,12.61
2017-07-10,12.43
2017-07-11,11.79
2017-07-12,11.75
2017-07-13,11.76
2017-07-14,11.8
2017-07-17,11.42
2017-07-18,11.49
2017-07-19,11.67
2017-07-20,11.7
2017-07-21,11.69
2017-07-24,11.8
2017-07-25,11.8
2017-07-26,11.75
2017-07-27,11.88
2017-07-28,11.84
2017-07-31,11.87
2017-08-01,11.87
2017-08-02,11.79
2017-08-03,11.9
2017-08-04,11.85
2017-08-07,11.9
2017-08-08,12.05
2017-08-09,11.98
2017-08-10,11.85
2017-08-11,11.65
2017-08-14,11.82
2017-08-15,11.85
2017-08-16,12.0
2017-08-17,12.03
2017-08-18,12.05
2017-08-21,12.16
2017-08-22,11.97
2017-08-23,11.96
2017-08-24,11.97
2017-08-25,12.05
2017-08-28,12.13
2017-08-29,12.1
2017-08-30,12.17
2017-08-31,12.22
2017-09-01,12.34
2017-09-04,12.39
2017-09-05,12.43
2017-09-06,12.42
2017-09-07,12.27
2017-09-08,12.3
2017-09-11,12.52
2017-09-12,12.4
2017-09-13,12.36
2017-09-14,12.27
2017-09-15,12.29
2017-09-18,12.3
2017-09-19,12.22
2017-09-20,12.22
2017-09-21,12.13
2017-09-22,12.09
2017-09-25,11.85
2017-09-26,11.89
2017-09-27,11.92
2017-09-28,11.93
2017-09-29,11.94
2017-10-09,12.0
2017-10-10,12.1
2017-10-11,11.96
2017-10-12,11.93
2017-10-13,12.02
2017-10-16,11.78
2017-10-17,11.72
2017-10-18,11.58
2017-10-19,11.48
2017-10-20,11.59
2017-10-23,11.63
2017-10-24,11.57
2017-10-25,11.6
2017-10-26,11.63
2017-10-27,11.61
2017-10-30,11.35
2017-10-31,11.39
2017-11-01,11.23
2017-11-02,11.13
2017-11-03,11.13
2017-11-06,11.12
2017-11-07,11.15
2017-11-08,11.25
2017-11-09,11.22
2017-11-10,11.14
2017-11-13,10.97
2017-11-14,10.82
2017-11-15,10.82
2017-11-16,10.71
2017-11-17,10.31
2017-11-20,10.29
2017-11-21,10.3
2017-11-22,10.33
2017-11-23,10.17
2017-11-24,10.24
2017-11-27,10.19
2017-11-28,10.31
2017-11-29,10.31
2017-11-30,10.24
2017-12-01,10.31
2017-12-04,10.19
2017-12-05,9.99
2017-12-06,10.07
2017-12-07,10.02
2017-12-08,10.08
2017-12-11,10.16
2017-12-12,10.04
2017-12-13,10.04
2017-12-14,10.04
2017-12-15,10.03
2017-12-18,10.05
2017-12-19,10.13
2017-12-20,9.97
2017-12-21,9.93
2017-12-22,9.92
2017-12-25,9.8
2017-12-26,9.93
2017-12-27,9.87
2017-12-28,10.02
2017-12-29,10.08
2018-01-02,10.14
2018-01-03,10.18
2018-01-04,10.17
2018-01-05,10.2
2018-01-08,10.19
2018-01-09,10.13
2018-01-10,10.05
2018-01-11,10.24
2018-01-12,10.2
2018-01-15,9.89
2018-01-16,10.03
2018-01-17,10.08
2018-01-18,10.1
2018-01-19,10.19
2018-01-22,10.49
2018-01-23,10.35
2018-01-24,10.45
2018-01-25,10.43
2018-01-26,10.46
2018-01-29,10.32
2018-01-30,10.39
2018-01-31,10.06
2018-02-01,9.7
2018-02-02,9.6
2018-02-05,9.55
2018-02-06,9.12
2018-02-07,9.21
2018-02-08,9.26
2018-02-09,9.02
2018-02-12,9.15
2018-02-13,9.2
2018-02-14,9.16
2018-02-22,9.28
2018-02-23,9.28
2018-02-26,9.4
2018-02-27,9.48
2018-02-28,9.45
2018-03-01,9.56
2018-03-02,9.69
2018-03-05,9.58
2018-03-06,9.64
2018-03-07,9.58
2018-03-08,9.6
2018-03-09,10.56
2018-03-12,11.62
2018-03-13,11.9
2018-03-14,11.54
2018-03-15,11.13
2018-03-16,10.97
2018-03-19,11.03
2018-03-20,10.88
2018-03-21,10.7
2018-03-22,10.72
2018-03-23,9.77
2018-03-26,10.05
2018-03-27,10.28
2018-03-28,10.18
2018-03-29,10.28
2018-03-30,10.4
2018-04-02,10.33
2018-04-03,10.14
2018-04-04,10.08
2018-04-09,10.18
2018-04-10,10.32
2018-04-11,10.41
2018-04-12,10.05
2018-04-13,10.05
2018-04-16,10.17
2018-04-17,9.79
2018-04-18,9.77
2018-04-19,9.86
2018-04-20,9.59
2018-04-23,9.61
2018-04-24,9.83
2018-04-25,9.89
2018-04-26,9.61
2018-04-27,9.78
2018-05-02,9.83
2018-05-03,9.89
2018-05-04,9.96
2018-05-07,10.21
2018-05-08,10.57
2018-05-09,10.7
2018-05-10,10.95
2018-05-11,10.75
2018-05-14,10.75
2018-05-15,10.93
2018-05-16,10.98
2018-05-17,11.22
2018-05-18,11.15
2018-05-21,11.0
2018-05-22,11.29
2018-05-23,11.12
2018-05-24,11.19
2018-05-25,11.12
2018-05-28,11.45
2018-05-29,10.67
2018-05-30,10.04
2018-05-31,10.23
2018-06-01,10.31
2018-06-04,10.1
2018-06-05,10.28
2018-06-06,10.34
2018-06-07,10.31
2018-06-08,10.12
2018-06-11,10.47
2018-06-12,10.3
2018-06-13,10.24
2018-06-14,9.61
2018-06-15,9.63
2018-06-19,8.67
2018-06-20,8.7
2018-06-21,8.4
2018-06-22,8.68
2018-06-25,8.58
2018-06-26,8.64
2018-06-27,8.69
2018-06-28,8.55
2018-06-29,8.72
2018-07-02,8.56
2018-07-03,8.71
2018-07-04,8.56
2018-07-05,8.4
2018-07-06,8.36
2018-07-09,8.5
2018-07-10,8.51
2018-07-11,8.14
2018-07-12,8.37
2018-07-13,8.36
2018-07-16,8.41
2018-07-17,8.52
2018-07-18,8.38
2018-07-19,8.28
2018-07-20,8.42
2018-07-23,8.49
2018-07-24,8.65
2018-07-25,8.62
2018-07-26,8.73
2018-07-27,8.64
2018-07-30,8.52
2018-07-31,8.55
2018-08-01,8.46
2018-08-02,8.16
2018-08-03,8.08
2018-08-06,8.02
2018-08-07,8.22
2018-08-08,8.11
2018-08-09,8.27
2018-08-10,8.39
2018-08-13,8.3
2018-08-14,8.27
2018-08-15,8.1
2018-08-16,8.04
2018-08-17,8.0
2018-08-20,8.02
2018-08-21,8.09
2018-08-22,8.09
2018-08-23,8.11
2018-08-24,8.09
2018-08-27,8.2
2018-08-28,8.24
2018-08-29,8.07
2018-08-30,7.96
2018-08-31,7.87
2018-09-03,7.86
2018-09-04,7.96
2018-09-05,7.91
2018-09-06,7.88
2018-09-07,7.89
2018-09-10,7.62
2018-09-11,7.62
2018-09-12,7.66
2018-09-13,7.73
2018-09-14,7.69
2018-09-17,7.53
2018-09-18,7.64
2018-09-19,7.68
2018-09-20,7.65
2018-09-21,7.74
2018-09-25,7.71
2018-09-26,7.73
2018-09-27,7.6
2018-09-28,7.65
2018-10-08,7.41
2018-10-09,7.38
2018-10-10,7.38
2018-10-11,6.79
2018-10-12,6.71
2018-10-15,6.62
2018-10-16,6.5
2018-10-17,6.54
2018-10-18,6.46
2018-10-19,6.51
2018-10-22,6.78
2018-10-23,6.66
2018-10-24,6.62
2018-10-25,6.51
2018-10-26,6.64
2018-10-29,6.57
2018-10-30,6.66
2018-10-31,6.71
2018-11-01,6.78
2018-11-02,6.89
2018-11-05,6.94
2018-11-06,6.97
2018-11-07,7.04
2018-11-08,6.99
2018-11-09,6.98
2018-11-12,7.23
2018-11-13,7.44
2018-11-14,7.38
2018-11-15,7.51
2018-11-16,7.62
2018-11-19,7.61
2018-11-20,7.44
2018-11-21,7.48
2018-11-22,7.55
2018-11-23,7.17
2018-11-26,7.32
2018-11-27,7.42
2018-11-28,8.16
2018-11-29,8.35
2018-11-30,7.87
2018-12-03,8.18
2018-12-04,7.96
2018-12-05,7.92
2018-12-06,7.66
2018-12-07,7.54
2018-12-10,7.54
2018-12-11,7.82
2018-12-12,7.7
2018-12-13,7.71
2018-12-14,7.41
2018-12-17,7.33
2018-12-18,7.26
2018-12-19,7.11
2018-12-20,7.19
2018-12-21,7.24
2018-12-24,7.42
2018-12-25,7.24
2018-12-26,7.44
2018-12-27,7.2
2018-12-28,7.16
2019-01-02,7.26
2019-01-03,7.19
2019-01-04,7.34
2019-01-07,7.69
2019-01-08,7.75
2019-01-09,7.85
2019-01-10,7.71
2019-01-11,7.74
2019-01-14,7.73
2019-01-15,7.81
2019-01-16,7.68
2019-01-17,7.62
2019-01-18,7.61
2019-01-21,7.64
2019-01-22,7.6
2019-01-23,7.55
2019-01-24,7.56
2019-01-25,7.55
2019-01-28,7.51
2019-01-29,7.31
2019-01-30,7.13
2019-01-31,6.98
2019-02-01,7.13
2019-02-11,7.26
2019-02-12,7.3
2019-02-13,7.48
2019-02-14,7.61
2019-02-15,7.62
2019-02-18,7.78
2019-02-19,7.73
2019-02-20,8.07
2019-02-21,7.85
2019-02-22,8.05
2019-02-25,8.4
2019-02-26,8.34
2019-02-27,8.33
2019-02-28,8.29
2019-03-01,8.35
2019-03-04,9.19
2019-03-05,9.56
2019-03-06,9.42
2019-03-07,9.51
2019-03-08,8.73
2019-03-11,9.26
2019-03-12,9.62
2019-03-13,9.11
2019-03-14,8.94
2019-03-15,9.08
2019-03-18,9.3
2019-03-19,10.23
2019-03-20,10.1
2019-03-21,11.11
2019-03-22,10.48
2019-03-25,9.92
2019-03-26,9.39
2019-03-27,9.5
2019-03-28,9.09
2019-03-29,9.48
2019-04-01,9.9
2019-04-02,9.68
2019-04-03,9.68
2019-04-04,9.62
2019-04-08,9.41
2019-04-09,9.51
2019-04-10,9.27
2019-04-11,9.14
2019-04-12,9.07
2019-04-15,9.06
2019-04-16,9.32
2019-04-17,9.37
2019-04-18,9.28
2019-04-19,9.38
2019-04-22,9.26
2019-04-23,9.38
2019-04-24,9.11
2019-04-25,8.99
2019-04-26,8.85
2019-04-29,8.5
2019-04-30,8.57
2019-05-06,7.97
2019-05-07,8.05
2019-05-08,8.01
2019-05-09,7.98
2019-05-10,8.25
2019-05-13,8.17
2019-05-14,8.4
2019-05-15,8.98
2019-05-16,8.77
2019-05-17,8.44
2019-05-20,8.58
2019-05-21,8.53
2019-05-22,8.37
2019-05-23,8.04
2019-05-24,7.89
2019-05-27,8.14
2019-05-28,8.18
2019-05-29,8.17
2019-05-30,8.12
2019-05-31,8.24
2019-06-03,8.45
2019-06-04,8.26
2019-06-05,8.79
2019-06-06,8.2
2019-06-10,8.25
2019-06-11,8.53
2019-06-12,8.63
2019-06-13,8.59
2019-06-14,8.32
2019-06-17,8.52
2019-06-18,8.46
2019-06-19,8.53
2019-06-20,8.66
2019-06-21,8.77
2019-06-24,8.7
2019-06-25,8.53
2019-06-26,8.54
2019-06-27,8.57
2019-06-28,8.32
2019-07-01,8.55
2019-07-02,8.49
2019-07-03,8.35
2019-07-04,8.36
2019-07-05,8.38
2019-07-08,8.02
2019-07-09,8.05
2019-07-10,7.96
2019-07-11,7.94
2019-07-12,5.61
2019-07-15,5.72
2019-07-16,5.65
2019-07-17,5.59
2019-07-18,5.42
2019-07-19,5.45
2019-07-22,5.17
2019-07-23,5.22
2019-07-24,5.28
2019-07-25,5.3
2019-07-26,5.28
2019-07-29,5.23
2019-07-30,5.27
2019-07-31,5.24
2019-08-01,5.29
2019-08-02,5.17
2019-08-05,5.13
2019-08-06,4.97
2019-08-07,4.93
2019-08-08,4.97
2019-08-09,4.84
2019-08-12,4.89
2019-08-13,4.88
2019-08-14,4.92
2019-08-15,5.07
2019-08-16,5.58
2019-08-19,5.61
2019-08-20,5.55
2019-08-21,5.4
2019-08-22,5.36
2019-08-23,5.35
2019-08-26,5.29
2019-08-27,5.47
2019-08-28,5.35
2019-08-29,5.4
2019-08-30,5.27
2019-09-02,5.39
2019-09-03,5.65
2019-09-04,5.69
2019-09-05,5.71
2019-09-06,5.83
2019-09-09,6.03
2019-09-10,5.94
2019-09-11,5.88
2019-09-12,5.87
2019-09-16,5.83
2019-09-17,5.58
2019-09-18,5.58
2019-09-19,5.59
2019-09-20,5.67
2019-09-23,5.64
2019-09-24,5.66
2019-09-25,5.54
2019-09-26,5.42
2019-09-27,5.55
2019-09-30,5.48
2019-10-08,5.52
2019-10-09,5.34
2019-10-10,5.35
2019-10-11,5.36
2019-10-14,5.59
2019-10-15,5.48
2019-10-16,5.47
2019-10-17,5.5
2019-10-18,5.29
2019-10-21,5.2
2019-10-22,5.24
2019-10-23,5.26
2019-10-24,5.25
2019-10-25,5.3
2019-10-28,5.43
2019-10-29,5.28
2019-10-30,5.16
2019-10-31,5.0
2019-11-01,5.06
2019-11-04,5.07
2019-11-05,5.04
2019-11-06,5.01
2019-11-07,5.02
2019-11-08,5.0
2019-11-11,4.86
2019-11-12,4.85
2019-11-13,4.8
2019-11-14,4.83
2019-11-15,4.73
2019-11-18,4.79
2019-11-19,4.89
2019-11-20,4.83
2019-11-21,4.87
2019-11-22,4.78
2019-11-25,4.88
2019-11-26,4.92
2019-11-27,4.91
2019-11-28,4.94
2019-11-29,4.98
2019-12-02,4.88
2019-12-03,4.83
2019-12-04,4.83
2019-12-05,4.86
2019-12-06,4.89
2019-12-09,4.92
2019-12-10,4.99
2019-12-11,4.98
2019-12-12,4.94
2019-12-13,4.96
2019-12-16,5.04
2019-12-17,5.19
2019-12-18,5.41
2019-12-19,5.52
2019-12-20,5.29
2019-12-23,5.27
2019-12-24,5.32
2019-12-25,5.34
2019-12-26,5.39
2019-12-27,5.36
2019-12-30,5.35
2019-12-31,5.35
2020-01-02,5.46
2020-01-03,5.42
2020-01-06,5.45
2020-01-07,5.74
2020-01-08,5.5
2020-01-09,5.54
2020-01-10,5.4
2020-01-13,5.44
2020-01-14,5.6
2020-01-15,5.66
2020-01-16,5.51
2020-01-17,5.55
2020-01-20,5.51
2020-01-21,5.32
2020-01-22,5.28
2020-01-23,5.05
2020-02-03,4.55
2020-02-04,4.51
2020-02-05,4.6
2020-02-06,4.92
2020-02-07,5.41
2020-02-10,5.6
2020-02-11,6.16
2020-02-12,6.24
2020-02-13,5.91
2020-02-14,6.5
2020-02-17,7.15
2020-02-18,7.24
2020-02-19,7.0
2020-02-20,6.83
2020-02-21,7.1
2020-02-24,7.34
2020-02-25,7.07
2020-02-26,7.1
2020-02-27,7.11
2020-02-28,6.68
2020-03-02,7.03
2020-03-03,7.56
2020-03-04,7.2
2020-03-05,7.22
2020-03-06,7.0
2020-03-09,6.45
2020-03-10,6.76
2020-03-11,6.56
2020-03-12,6.46
2020-03-13,6.42
2020-03-16,5.81
2020-03-17,5.8
2020-03-18,5.62
2020-03-19,5.77
2020-03-20,5.77
2020-03-23,5.53
2020-03-24,5.75
2020-03-25,5.8
2020-03-26,5.82
2020-03-27,5.65
2020-03-30,5.43
2020-03-31,5.41
2020-04-01,5.4
2020-04-02,5.53
2020-04-03,5.45
2020-04-07,5.69
2020-04-08,5.78
2020-04-09,5.97
2020-04-10,5.8
2020-04-13,5.58
2020-04-14,5.63
2020-04-15,5.56
2020-04-16,5.58
2020-04-17,5.52
2020-04-20,5.6
2020-04-21,5.61
2020-04-22,5.54
2020-04-23,5.41
2020-04-24,5.14
2020-04-27,5.17
2020-04-28,4.95
2020-04-29,4.95
2020-04-30,5.07
2020-05-06,5.12
2020-05-07,5.04
2020-05-08,5.09
2020-05-11,5.02
2020-05-12,4.95
2020-05-13,4.93
2020-05-14,5.0
2020-05-15,5.09
2020-05-18,5.01
2020-05-19,5.05
2020-05-20,4.95
2020-05-21,5.45
2020-05-22,5.76
2020-05-25,5.34
2020-05-26,5.39
2020-05-27,5.31
2020-05-28,5.52
2020-05-29,5.95
2020-06-01,6.06
2020-06-02,5.9
2020-06-03,5.83
2020-06-04,5.61
2020-06-05,5.86
2020-06-08,5.63
2020-06-09,5.65
2020-06-10,5.56
2020-06-11,5.49
2020-06-12,5.4
2020-06-15,5.45
2020-06-16,5.49
2020-06-17,5.56
2020-06-18,5.49
2020-06-19,5.46
2020-06-22,5.45
2020-06-23,5.54
2020-06-24,5.41
2020-06-29,5.22
2020-06-30,5.23
2020-07-01,5.16
2020-07-02,5.33
2020-07-03,5.43
2020-07-06,5.64
2020-07-07,5.6
2020-07-08,5.76
2020-07-09,5.84
2020-07-10,5.84
2020-07-13,5.95
2020-07-14,6.05
2020-07-15,5.74
2020-07-16,5.49
2020-07-17,5.34
2020-07-20,5.52
2020-07-21,5.62
2020-07-22,5.57
2020-07-23,5.46
2020-07-24,5.23
2020-07-27,5.26
2020-07-28,5.32
2020-07-29,5.4
2020-07-30,5.36
2020-07-31,5.39
2020-08-03,5.51
2020-08-04,5.48
2020-08-05,5.47
2020-08-06,5.43
2020-08-07,5.52
2020-08-10,5.79
2020-08-11,5.5
2020-08-12,5.69
2020-08-13,5.56
2020-08-14,5.56
2020-08-17,5.6
2020-08-18,5.62
2020-08-19,5.63
2020-08-20,5.58
2020-08-21,5.58
2020-08-24,5.55
2020-08-25,5.55
2020-08-26,5.52
2020-08-27,5.67
2020-08-28,5.59
2020-08-31,5.56
2020-09-01,5.53
2020-09-02,5.51
2020-09-03,5.55
2020-09-04,5.43
2020-09-07,5.33
2020-09-08,5.4
2020-09-09,5.35
2020-09-10,5.21
2020-09-11,5.24
2020-09-14,5.27
2020-09-15,5.24
2020-09-16,5.17
2020-09-17,5.16
2020-09-18,5.23
2020-09-21,5.22
2020-09-22,5.13
2020-09-23,5.16
2020-09-24,5.05
2020-09-25,5.04
2020-09-28,5.03
2020-09-29,5.04
2020-09-30,4.91
2020-10-09,4.99
2020-10-12,5.14
2020-10-13,5.11
2020-10-14,5.02
2020-10-15,4.97
2020-10-16,5.0
2020-10-19,4.99
2020-10-20,5.01
2020-10-21,4.97
2020-10-22,5.16
2020-10-23,5.17
2020-10-26,5.25
2020-10-27,5.3
2020-10-28,5.3
2020-10-29,5.34
2020-10-30,5.21
2020-11-02,5.12
2020-11-03,5.13
2020-11-04,5.07
2020-11-05,5.09
2020-11-06,5.03
2020-11-09,5.07
2020-11-10,5.05
2020-11-11,5.01
2020-11-12,4.96
2020-11-13,4.99
2020-11-16,5.05
2020-11-17,5.05
2020-11-18,5.04
2020-11-19,5.02
2020-11-20,5.01
2020-11-23,5.01
2020-11-24,5.01
2020-11-25,4.98
2020-11-26,5.0
2020-11-27,5.0
2020-11-30,5.0
2020-12-01,5.02
2020-12-02,5.02
2020-12-03,5.03
2020-12-04,5.02
2020-12-07,4.98
2020-12-08,4.97
2020-12-09,4.87
2020-12-10,4.83
2020-12-11,4.72
2020-12-14,4.7
2020-12-15,4.74
2020-12-16,4.66
2020-12-17,4.71
2020-12-18,4.67
2020-12-21,4.65
2020-12-22,4.55
2020-12-23,4.56
2020-12-24,4.4
2020-12-25,4.42
2020-12-28,4.34
2020-12-29,4.4
2020-12-30,4.38
2020-12-31,4.44
2021-01-04,4.45
2021-01-05,4.39
2021-01-06,4.34
2021-01-07,4.26
2021-01-08,4.34
2021-01-11,4.75
2021-01-12,4.44
2021-01-13,4.36
2021-01-14,4.59
2021-01-15,4.61
2021-01-18,4.56
2021-01-19,4.55
2021-01-20,4.48
2021-01-21,4.45
2021-01-22,4.32
2021-01-25,4.27
2021-01-26,4.25
2021-01-27,4.3
2021-01-28,4.3
2021-01-29,4.2
2021-02-01,3.86
2021-02-02,3.86
2021-02-03,3.8
2021-02-04,3.6
2021-02-05,3.58
2021-02-08,3.57
2021-02-09,3.58
2021-02-10,3.59
2021-02-18,3.66
2021-02-19,3.81
2021-02-22,3.89
2021-02-23,3.83
2021-02-24,3.84
2021-02-25,3.8
2021-02-26,3.8
2021-03-01,3.88
2021-03-02,3.85
2021-03-03,3.91
2021-03-04,3.89
2021-03-05,3.94
2021-03-08,3.9
2021-03-09,3.85
2021-03-10,3.82
2021-03-11,3.84
2021-03-12,3.87
2021-03-15,3.92
2021-03-16,3.93
2021-03-17,3.9
2021-03-18,3.89
2021-03-19,3.87
2021-03-22,3.9
2021-03-23,3.86
2021-03-24,3.88
2021-03-25,3.88
2021-03-26,3.88
2021-03-29,3.85
2021-03-30,3.8
2021-03-31,3.91
2021-04-01,3.88
2021-04-02,3.88
2021-04-06,3.9
2021-04-07,3.91
2021-04-08,3.91
2021-04-09,3.96
2021-04-12,3.94
2021-04-13,4.02
2021-04-14,4.07
2021-04-15,4.0
2021-04-16,4.09
2021-04-19,4.18
2021-04-20,4.14
2021-04-21,4.04
2021-04-22,3.99
2021-04-23,3.9
2021-04-26,3.9
2021-04-27,3.83
2021-04-28,3.82
2021-04-29,3.84
2021-04-30,3.8
2021-05-06,3.8
2021-05-07,3.8
2021-05-10,3.83
2021-05-11,3.84
2021-05-12,3.9
2021-05-13,3.88
2021-05-14,3.95
2021-05-17,3.88
2021-05-18,3.96
2021-05-19,4.18
2021-05-20,4.29
2021-05-21,4.15
2021-05-24,4.13
2021-05-25,4.16
2021-05-26,4.1
2021-05-27,4.1
2021-05-28,4.05
2021-05-31,4.03
2021-06-01,4.03
2021-06-02,4.0
2021-06-03,4.06
2021-06-04,3.98
2021-06-07,3.97
2021-06-08,4.1
2021-06-09,4.06
2021-06-10,4.11
2021-06-11,4.52
2021-06-15,4.66
2021-06-16,4.19
2021-06-17,4.05
2021-06-18,4.01
2021-06-21,3.98
2021-06-22,4.06
2021-06-23,4.06
2021-06-24,4.01
2021-06-25,4.07
2021-06-28,4.05
2021-06-29,4.02
2021-06-30,4.02
2021-07-01,3.95
2021-07-02,3.91
2021-07-05,3.95
2021-07-06,3.94
2021-07-07,3.93
2021-07-08,3.89
2021-07-09,3.94
2021-07-12,3.94
2021-07-13,3.96
2021-07-14,3.91
2021-07-15,3.8
2021-07-16,3.81
2021-07-19,3.79
2021-07-20,3.75
2021-07-21,3.73
2021-07-22,3.75
2021-07-23,3.72
2021-07-26,3.63
2021-07-27,3.6
2021-07-28,3.59
2021-07-29,3.58
2021-07-30,3.62
2021-08-02,3.65
2021-08-03,3.67
2021-08-04,3.62
2021-08-05,3.58
2021-08-06,3.56
2021-08-09,3.59
2021-08-10,3.6
2021-08-11,3.61
2021-08-12,3.64
2021-08-13,3.61
2021-08-16,3.63
2021-08-17,3.57
2021-08-18,3.58
2021-08-19,3.64
2021-08-20,3.6
2021-08-23,3.62
2021-08-24,3.61
2021-08-25,3.65
2021-08-26,3.7
2021-08-27,3.64
2021-08-30,3.66
2021-08-31,3.7
2021-09-01,3.75
2021-09-02,3.76
2021-09-03,3.77
2021-09-06,3.78
2021-09-07,3.81
2021-09-08,3.93
2021-09-09,3.92
2021-09-10,3.87
2021-09-13,3.91
2021-09-14,3.82
2021-09-15,3.84
2021-09-16,3.77
2021-09-17,3.75
2021-09-22,3.77
2021-09-23,3.82
2021-09-24,3.75
2021-09-27,3.64
2021-09-28,3.66
2021-09-29,3.59
2021-09-30,3.66
2021-10-08,3.75
2021-10-11,3.72
2021-10-12,3.7
2021-10-13,3.69
2021-10-14,3.7
2021-10-15,3.51
2021-10-18,3.52
2021-10-19,3.47
2021-10-20,3.46
2021-10-21,3.45
2021-10-22,3.43
2021-10-25,3.38
2021-10-26,3.36
2021-10-27,3.28
2021-10-28,3.25
2021-10-29,3.3
2021-11-01,3.29
2021-11-02,3.2
2021-11-03,3.24
2021-11-04,3.23
2021-11-05,3.31
2021-11-08,3.32
2021-11-09,3.34
2021-11-10,3.36
2021-11-11,3.39
2021-11-12,3.44
2021-11-15,3.53
2021-11-16,3.88
2021-11-17,3.73
2021-11-18,3.65
2021-11-19,3.62
2021-11-22,3.66
2021-11-23,3.66
2021-11-24,3.69
2021-11-25,3.64
2021-11-26,3.57
2021-11-29,3.56
2021-11-30,3.57
2021-12-01,3.62
2021-12-02,3.55
2021-12-03,3.57
2021-12-06,3.51
2021-12-07,3.46
2021-12-08,3.47
2021-12-09,3.49
2021-12-10,3.6
2021-12-13,3.96
2021-12-14,4.36
2021-12-15,4.8
2021-12-16,5.28
2021-12-17,5.81
2021-12-20,6.39
2021-12-21,7.03
2021-12-22,6.6
2021-12-23,6.95
2021-12-24,7.65
2021-12-27,6.95
2021-12-28,6.26
2021-12-29,5.63
2021-12-30,5.99
2021-12-31,6.27
2022-01-04,6.9
2022-01-05,7.59
2022-01-06,6.99
2022-01-07,7.69
2022-01-10,8.46
2022-01-11,9.31
2022-01-12,10.24
2022-01-13,10.1
2022-01-14,9.71
2022-01-17,10.68
2022-01-18,10.18
2022-01-19,11.2
2022-01-20,12.31
2022-01-21,11.2
2022-01-24,10.2
2022-01-25,9.18
2022-01-26,8.38
2022-01-27,7.81
2022-01-28,7.25
2022-02-07,7.35
2022-02-08,7.63
2022-02-09,8.39
2022-02-10,9.23
2022-02-11,9.09
2022-02-14,9.02
2022-02-15,8.58
2022-02-16,8.7
2022-02-17,8.09
2022-02-18,8.12
2022-02-21,8.37
2022-02-22,7.82
2022-02-23,8.14
2022-02-24,7.37
2022-02-25,7.4
2022-02-28,7.26
2022-03-01,7.42
2022-03-02,7.3
2022-03-03,7.05
2022-03-04,7.32
2022-03-07,6.97
2022-03-08,6.44
2022-03-09,6.4
2022-03-10,6.4
2022-03-11,6.51
2022-03-14,6.26
2022-03-15,5.99
2022-03-16,6.27
2022-03-17,6.44
2022-03-18,6.39
2022-03-21,6.56
2022-03-22,7.22
2022-03-23,7.67
2022-03-24,7.24
2022-03-25,7.96
2022-03-28,8.76
2022-03-29,8.99
2022-03-30,9.24
2022-03-31,9.48
2022-04-01,10.43
2022-04-06,10.24
2022-04-07,9.6
2022-04-08,8.64
2022-04-11,8.7
2022-04-12,8.75
2022-04-13,8.03
2022-04-14,8.45
2022-04-15,7.92
2022-04-18,7.92
2022-04-19,8.71
2022-04-20,8.77
2022-04-21,9.2
2022-04-22,8.28
2022-04-25,7.45
2022-04-26,7.21
2022-04-27,7.6
2022-04-28,6.86
2022-04-29,7.55
2022-05-05,7.74
2022-05-06,8.03
2022-05-09,8.3
2022-05-10,8.37
2022-05-11,8.82
2022-05-12,8.54
2022-05-13,8.34
2022-05-16,9.17
2022-05-17,8.75
2022-05-18,8.59
2022-05-19,8.31
2022-05-20,8.05
2022-05-23,8.35
2022-05-24,8.88
2022-05-25,9.06
2022-05-26,9.27
2022-05-27,8.9
2022-05-30,8.83
2022-05-31,9.17
2022-06-01,9.81
2022-06-02,9.08
2022-06-06,9.25
2022-06-07,8.9
2022-06-08,8.67
2022-06-09,8.61
2022-06-10,8.59
2022-06-13,8.54
2022-06-14,8.32
2022-06-15,8.36
2022-06-16,8.87
2022-06-17,8.57
2022-06-20,8.45
2022-06-21,8.76
2022-06-22,8.56
2022-06-23,8.51
2022-06-24,8.55
2022-06-27,8.5
2022-06-28,8.79
2022-06-29,8.5
2022-06-30,8.44
2022-07-01,8.19
2022-07-04,8.07
2022-07-05,7.85
2022-07-06,7.9
2022-07-07,7.72
2022-07-08,7.91
2022-07-11,7.73
2022-07-12,7.5
2022-07-13,7.59
2022-07-14,7.63
2022-07-15,7.12
2022-07-18,7.32
2022-07-19,7.82
2022-07-20,7.67
2022-07-21,7.79
2022-07-22,7.49
2022-07-25,7.45
2022-07-26,7.56
2022-07-27,7.4
2022-07-28,7.37
2022-07-29,7.27
2022-08-01,7.2
2022-08-02,6.73
2022-08-03,6.7
2022-08-04,6.85
2022-08-05,7.17
2022-08-08,7.1
2022-08-09,7.16
2022-08-10,7.03
2022-08-11,7.16
2022-08-12,7.2
2022-08-15,7.13
2022-08-16,7.2
2022-08-17,7.26
2022-08-18,7.05
2022-08-19,7.19
2022-08-22,7.14
2022-08-23,7.05
2022-08-24,6.86
2022-08-25,6.81
2022-08-26,6.82
2022-08-29,6.78
2022-08-30,6.78
2022-08-31,6.81
2022-09-01,6.65
2022-09-02,6.73
2022-09-05,6.55
2022-09-06,6.62
2022-09-07,6.49
2022-09-08,6.38
2022-09-09,6.41
2022-09-13,6.45
2022-09-14,6.28
2022-09-15,6.16
2022-09-16,6.0
2022-09-19,5.95
2022-09-20,6.12
2022-09-21,6.15
2022-09-22,6.0
2022-09-23,5.83
2022-09-26,5.73
2022-09-27,5.85
2022-09-28,5.59
2022-09-29,5.51
2022-09-30,5.52
2022-10-10,5.39
2022-10-11,5.46
2022-10-12,5.65
2022-10-13,5.75
2022-10-14,5.83
2022-10-17,5.92
2022-10-18,5.86
2022-10-19,5.78
2022-10-20,5.8
2022-10-21,5.74
2022-10-24,5.58
2022-10-25,5.56
2022-10-26,5.66
2022-10-27,5.68
2022-10-28,5.41
2022-10-31,5.53
2022-11-01,5.79
2022-11-02,6.37
2022-11-03,6.05
2022-11-04,6.09
2022-11-07,6.7
2022-11-08,7.37
2022-11-09,7.38
2022-11-10,7.64
2022-11-11,7.13
2022-11-14,7.18
2022-11-15,7.09
2022-11-16,7.55
2022-11-17,7.29
2022-11-18,7.1
2022-11-21,6.98
2022-11-22,6.81
2022-11-23,6.61
2022-11-24,6.54
2022-11-25,6.54
2022-11-28,6.63
2022-11-29,6.69
2022-11-30,6.56
2022-12-01,6.58
2022-12-02,6.76
2022-12-05,6.73
2022-12-06,6.43
2022-12-07,6.44
2022-12-08,6.29
2022-12-09,6.18
2022-12-12,6.19
2022-12-13,6.21
2022-12-14,6.28
2022-12-15,6.23
2022-12-16,6.16
2022-12-19,6.02
2022-12-20,6.04
2022-12-21,5.95
2022-12-22,5.83
2022-12-23,6.41
2022-12-26,6.36
2022-12-27,6.42
2022-12-28,6.55
2022-12-29,6.53
2022-12-30,6.54
2023-01-03,7.19
2023-01-04,6.94
2023-01-05,7.22
2023-01-06,6.64
2023-01-09,6.6
2023-01-10,6.79
2023-01-11,6.62
2023-01-12,6.59
2023-01-13,6.85
2023-01-16,6.7
2023-01-17,6.52
2023-01-18,6.55
2023-01-19,6.26
2023-01-20,6.35
2023-01-30,6.43
2023-01-31,6.38
2023-02-01,6.63
2023-02-02,6.72
2023-02-03,6.98
2023-02-06,6.81
2023-02-07,6.85
2023-02-08,6.68
2023-02-09,6.84
2023-02-10,6.85
2023-02-13,6.83
2023-02-14,6.78
2023-02-15,7.08
2023-02-16,6.72
2023-02-17,6.55
2023-02-20,6.71
2023-02-21,6.64
2023-02-22,6.61
2023-02-23,6.48
2023-02-24,6.47
2023-02-27,6.36
2023-02-28,6.48
2023-03-01,6.64
2023-03-02,6.71
2023-03-03,6.66
2023-03-06,6.61
2023-03-07,6.46
2023-03-08,6.87
2023-03-09,6.78
2023-03-10,6.57
2023-03-13,6.67
2023-03-14,6.73
2023-03-15,6.67
2023-03-16,6.47
2023-03-17,6.61
2023-03-20,6.62
2023-03-21,6.74
2023-03-22,6.84
2023-03-23,6.78
2023-03-24,6.9
2023-03-27,6.89
2023-03-28,6.85
2023-03-29,6.98
2023-03-30,6.67
2023-03-31,6.72
2023-04-03,6.87
2023-04-04,6.7
2023-04-06,6.53
2023-04-07,6.59
2023-04-10,6.41
2023-04-11,6.43
2023-04-12,6.6
2023-04-13,6.62
2023-04-14,6.42
2023-04-17,6.18
2023-04-18,6.07
2023-04-19,6.05
2023-04-20,5.96
2023-04-21,5.69
2023-04-24,5.75
2023-04-25,5.61
2023-04-26,5.64
2023-04-27,5.58
2023-04-28,5.8
2023-05-04,6.12
2023-05-05,6.05
2023-05-08,6.07
2023-05-09,6.01
2023-05-10,6.01
2023-05-11,6.22
2023-05-12,5.97
2023-05-15,5.86
2023-05-16,5.67
2023-05-17,5.72
2023-05-18,5.81
2023-05-19,5.73
2023-05-22,5.61
2023-05-23,5.56
2023-05-24,5.58
2023-05-25,5.45
2023-05-26,5.47
2023-05-29,5.45
2023-05-30,5.5
2023-05-31,5.55
2023-06-01,5.74
2023-06-02,5.69
2023-06-05,5.74
2023-06-06,5.59
2023-06-07,5.72
2023-06-08,5.66
2023-06-09,5.72
2023-06-12,5.81
2023-06-13,6.39
2023-06-14,6.14
2023-06-15,6.05
2023-06-16,6.02
2023-06-19,5.96
2023-06-20,5.85
2023-06-21,5.6
2023-06-26,5.42
2023-06-27,5.56
2023-06-28,5.54
2023-06-29,5.6
2023-06-30,5.62
2023-07-03,5.64
2023-07-04,5.61
2023-07-05,5.64
2023-07-06,5.59
2023-07-07,5.54
2023-07-10,5.59
2023-07-11,5.55
2023-07-12,5.49
2023-07-13,5.55
2023-07-14,5.59
2023-07-17,5.55
2023-07-18,5.51
2023-07-19,5.53
2023-07-20,5.5
2023-07-21,5.59
2023-07-24,5.79
2023-07-25,5.85
2023-07-26,5.68
2023-07-27,5.81
2023-07-28,5.74
2023-07-31,5.78
2023-08-01,5.76
2023-08-02,5.7
2023-08-03,5.65
2023-08-04,5.72
2023-08-07,5.73
2023-08-08,5.78
2023-08-09,5.67
2023-08-10,5.74
2023-08-11,5.66
2023-08-14,5.61
2023-08-15,5.54
2023-08-16,5.51
2023-08-17,5.58
2023-08-18,5.51
2023-08-21,5.47
2023-08-22,5.52
2023-08-23,5.49
2023-08-24,5.51
2023-08-25,5.31
2023-08-28,5.32
2023-08-29,5.41
2023-08-30,5.42
2023-08-31,5.34
2023-09-01,5.33
2023-09-04,5.4
2023-09-05,5.37
2023-09-06,5.33
2023-09-07,5.26
2023-09-08,5.14
2023-09-11,5.33
2023-09-12,5.22
2023-09-13,5.16
2023-09-14,5.22
2023-09-15,5.2
2023-09-18,5.19
2023-09-19,5.35
2023-09-20,5.21
2023-09-21,5.17
2023-09-22,5.23
2023-09-25,5.23
2023-09-26,5.17
2023-09-27,5.18
2023-09-28,5.22
2023-10-09,5.14
2023-10-10,5.16
2023-10-11,5.16
2023-10-12,5.19
2023-10-13,5.16
2023-10-16,5.12
2023-10-17,5.06
2023-10-18,4.89
2023-10-19,4.82
2023-10-20,4.67
2023-10-23,4.5
2023-10-24,4.6
2023-10-25,4.68
2023-10-26,4.65
2023-10-27,4.69
2023-10-30,4.83
2023-10-31,4.84
2023-11-01,4.88
2023-11-02,4.94
2023-11-03,4.99
2023-11-06,5.18
2023-11-07,5.27
2023-11-08,5.37
2023-11-09,5.23
2023-11-10,5.12
2023-11-13,5.21
2023-11-14,5.32
2023-11-15,5.33
2023-11-16,5.4
2023-11-17,5.87
2023-11-20,5.55
2023-11-21,5.62
2023-11-22,5.88
2023-11-23,5.69
2023-11-24,5.55
2023-11-27,5.4
2023-11-28,5.53
2023-11-29,5.4
2023-11-30,5.33
2023-12-01,5.5
2023-12-04,5.57
2023-12-05,5.43
2023-12-06,5.5
2023-12-07,5.53
2023-12-08,5.44
2023-12-11,5.54
2023-12-12,5.56
2023-12-13,5.5
2023-12-14,5.54
2023-12-15,5.57
2023-12-18,5.42
2023-12-19,5.38
2023-12-20,5.28
2023-12-21,5.29
2023-12-22,4.99
2023-12-25,4.88
2023-12-26,4.74
2023-12-27,4.69
2023-12-28,4.7
2023-12-29,4.8
2024-01-02,4.77
2024-01-03,4.8
2024-01-04,4.78
2024-01-05,4.69
2024-01-08,4.63
2024-01-09,4.63
2024-01-10,4.55
2024-01-11,4.64
2024-01-12,4.57
2024-01-15,4.56
2024-01-16,4.51
2024-01-17,4.39
2024-01-18,4.33
2024-01-19,4.32
2024-01-22,4.07
2024-01-23,4.09
2024-01-24,4.16
2024-01-25,4.41
2024-01-26,4.47
2024-01-29,4.33
2024-01-30,4.15
2024-01-31,3.95
2024-02-01,3.81
2024-02-02,3.74
2024-02-05,3.37
2024-02-06,3.37
2024-02-07,3.21
2024-02-08,3.45
2024-02-19,3.73
2024-02-20,3.76
2024-02-21,3.79
2024-02-22,3.91
2024-02-23,4.1
2024-02-26,4.06
2024-02-27,4.19
2024-02-28,3.94
2024-02-29,4.06
2024-03-01,4.12
2024-03-04,4.53
2024-03-05,4.4
2024-03-06,4.35
2024-03-07,4.19
2024-03-08,4.22
2024-03-11,4.27
2024-03-12,4.25
2024-03-13,4.27
2024-03-14,4.2
2024-03-15,4.25
2024-03-18,4.35
2024-03-19,4.39
2024-03-20,4.5
2024-03-21,4.51
2024-03-22,4.52
2024-03-25,4.31
2024-03-26,4.22
2024-03-27,4.04
2024-03-28,4.13
2024-03-29,4.09
2024-04-01,4.18
2024-04-02,4.45
2024-04-03,4.24
2024-04-08,4.19
2024-04-09,4.15
2024-04-10,4.02
2024-04-11,4.03
2024-04-12,3.98
2024-04-15,3.79
2024-04-16,3.44
2024-04-17,3.69
2024-04-18,3.62
2024-04-19,3.56
2024-04-22,3.49
2024-04-23,3.53
2024-04-24,3.58
2024-04-25,3.6
2024-04-26,3.66
2024-04-29,3.8
2024-04-30,3.78
2024-05-06,3.79
2024-05-07,3.83
2024-05-08,3.75
2024-05-09,3.79
2024-05-10,3.77
2024-05-13,3.68
2024-05-14,3.75
2024-05-15,3.75
2024-05-16,3.9
2024-05-17,3.86
2024-05-20,3.83
2024-05-21,3.82
2024-05-22,3.95
2024-05-23,3.94
2024-05-24,3.86
2024-05-27,3.79
2024-05-28,3.72
2024-05-29,3.72
2024-05-30,3.67
2024-05-31,3.7
2024-06-03,3.73
2024-06-04,3.64
2024-06-05,3.59
2024-06-06,3.38
2024-06-07,3.46
2024-06-11,3.47
2024-06-12,3.55
2024-06-13,3.91
2024-06-14,3.94
2024-06-17,3.91
2024-06-18,3.76
2024-06-19,3.74
2024-06-20,3.55
2024-06-21,3.53
2024-06-24,3.49
2024-06-25,3.45
2024-06-26,3.52
2024-06-27,3.75
2024-06-28,3.56
2024-07-01,3.53
2024-07-02,3.61
2024-07-03,3.6
2024-07-04,3.49
2024-07-05,3.53
2024-07-08,3.41
2024-07-09,3.46
2024-07-10,3.54
2024-07-11,3.56
2024-07-12,3.51
2024-07-15,3.5
2024-07-16,3.5
2024-07-17,3.46
2024-07-18,3.43
2024-07-19,3.47
2024-07-22,3.47
2024-07-23,3.4
2024-07-24,3.34
2024-07-25,3.36
2024-07-26,3.39
2024-07-29,3.44
2024-07-30,3.46
2024-07-31,3.54
2024-08-01,3.53
2024-08-02,3.5
2024-08-05,3.43
2024-08-06,3.48
2024-08-07,3.51
2024-08-08,3.53
2024-08-09,3.48
2024-08-12,3.42
2024-08-13,3.44
2024-08-14,3.48
2024-08-15,3.53
2024-08-16,3.52
2024-08-19,3.52
2024-08-20,3.46
2024-08-21,3.43
2024-08-22,3.33
2024-08-23,3.34
2024-08-26,3.37
2024-08-27,3.31
2024-08-28,3.37
2024-08-29,3.38
2024-08-30,3.49
2024-09-02,3.41
2024-09-03,3.44
2024-09-04,3.39
2024-09-05,3.44
2024-09-06,3.4
2024-09-09,3.4
2024-09-10,3.44
2024-09-11,3.37
2024-09-12,3.39
2024-09-13,3.39
2024-09-18,3.36
2024-09-19,3.45
2024-09-20,3.59
2024-09-23,3.66
2024-09-24,3.69
2024-09-25,3.75
2024-09-26,3.84
2024-09-27,3.91
2024-09-30,4.2
2024-10-08,4.29
2024-10-09,3.86
2024-10-10,3.83
2024-10-11,3.71
2024-10-14,3.78
2024-10-15,3.77
2024-10-16,3.76
2024-10-17,3.76
2024-10-18,3.79
2024-10-21,3.83
2024-10-22,3.92
2024-10-23,3.88
2024-10-24,3.94
2024-10-25,4.04
2024-10-28,4.23
2024-10-29,4.65
2024-10-30,4.53
2024-10-31,4.75
2024-11-01,4.28
2024-11-04,4.47
2024-11-05,4.7
2024-11-06,4.62
2024-11-07,4.64
2024-11-08,4.79
2024-11-11,4.85
2024-11-12,4.6
2024-11-13,4.6
2024-11-14,4.4
2024-11-15,4.33
2024-11-18,4.13
2024-11-19,4.12
2024-11-20,4.28
2024-11-21,4.28
2024-11-22,4.17
2024-11-25,4.23
2024-11-26,4.27
2024-11-27,4.31
2024-11-28,4.32
2024-11-29,4.31
2024-12-02,4.43
2024-12-03,4.46
2024-12-04,4.29
2024-12-05,4.4
2024-12-06,4.84
2024-12-09,4.8
2024-12-10,4.76
2024-12-11,4.89
2024-12-12,4.86
2024-12-13,4.91
2024-12-16,5.02
2024-12-17,4.65
2024-12-18,5.12
2024-12-19,5.08
2024-12-20,4.84
2024-12-23,4.52
2024-12-24,4.37
2024-12-25,4.13
2024-12-26,4.38
2024-12-27,4.34
2024-12-30,4.18
2024-12-31,4.6
2025-01-02,4.43
2025-01-03,4.02
2025-01-06,3.78
2025-01-07,3.9
2025-01-08,3.86
2025-01-09,3.88
2025-01-10,3.68
2025-01-13,3.72
2025-01-14,3.91
2025-01-15,3.93
2025-01-16,3.97
2025-01-17,3.91
2025-01-20,4.02
2025-01-21,3.93
2025-01-22,3.81
2025-01-23,3.82
2025-01-24,3.89
2025-01-27,3.9
2025-02-05,4.0
2025-02-06,4.05
2025-02-07,4.15
2025-02-10,4.33
2025-02-11,4.31
2025-02-12,4.35
2025-02-13,4.38
2025-02-14,4.41
2025-02-17,4.58
2025-02-18,4.41
2025-02-19,4.42
2025-02-20,4.39
2025-02-21,4.48
2025-02-24,4.46
2025-02-25,4.41
2025-02-26,4.49
2025-02-27,4.43
2025-02-28,4.2
2025-03-03,4.22
2025-03-04,4.37
2025-03-05,4.35
2025-03-06,4.79
2025-03-07,5.27
2025-03-10,5.8
2025-03-11,6.38
2025-03-12,7.02
2025-03-13,7.54
2025-03-14,6.89
2025-03-17,6.38
2025-03-18,6.48
2025-03-19,6.39
2025-03-20,5.92
2025-03-21,5.53
2025-03-24,5.31
2025-03-25,5.2
2025-03-26,5.27
2025-03-27,5.06
2025-03-28,5.26
2025-03-31,5.24
2025-04-01,5.06
2025-04-02,5.03
2025-04-03,4.98
2025-04-07,4.48
2025-04-08,4.35
2025-04-09,4.45
2025-04-10,4.54
2025-04-11,4.6
2025-04-14,4.72
2025-04-15,4.76
2025-04-16,4.6
2025-04-17,4.61
2025-04-18,4.61
2025-04-21,4.7
2025-04-22,4.64
2025-04-23,4.65
2025-04-24,4.51
2025-04-25,4.54
2025-04-28,4.41
2025-04-29,4.48
2025-04-30,4.93
2025-05-06,5.03
2025-05-07,5.18
2025-05-08,5.14
2025-05-09,4.99
2025-05-12,5.0
2025-05-13,5.12
2025-05-14,5.19
2025-05-15,4.96
2025-05-16,5.04
2025-05-19,5.08
2025-05-20,5.18
2025-05-21,5.11
2025-05-22,4.99
2025-05-23,4.8
2025-05-26,4.99
2025-05-27,5.02
2025-05-28,5.0
2025-05-29,5.05
2025-05-30,4.97
2025-06-03,4.96
2025-06-04,5.0
2025-06-05,5.5
2025-06-06,5.74
2025-06-09,5.77
2025-06-10,5.67
2025-06-11,5.51
2025-06-12,5.55
2025-06-13,5.18
2025-06-16,5.28
2025-06-17,5.23
2025-06-18,5.09
2025-06-19,5.01
2025-06-20,4.9
2025-06-23,4.97
2025-06-24,5.06
2025-06-25,5.1
2025-06-26,5.09
2025-06-27,5.12
2025-06-30,5.15
2025-07-01,5.11
2025-07-02,5.07
2025-07-03,5.13
2025-07-04,5.08
2025-07-07,5.22
2025-07-08,5.27
2025-07-09,5.26
2025-07-10,5.27
2025-07-11,5.28
2025-07-14,5.25
2025-07-15,5.14
2025-07-16,5.27
2025-07-17,5.24
2025-07-18,5.23
2025-07-21,5.24
2025-07-22,5.18
2025-07-23,5.1
2025-07-24,5.18
2025-07-25,5.7
2025-07-28,5.56
2025-07-29,5.55
2025-07-30,5.5
2025-07-31,5.45
2025-08-01,5.74
2025-08-04,5.65
2025-08-05,6.22
2025-08-06,6.11
2025-08-07,6.24
2025-08-08,6.03
2025-08-11,6.07
2025-08-12,6.08
2025-08-13,6.12
2025-08-14,5.85
2025-08-15,5.93
2025-08-18,5.99
2025-08-19,5.91
2025-08-20,5.93
2025-08-21,6.01
2025-08-22,6.05
2025-08-25,6.0
2025-08-26,6.26
2025-08-27,6.49
2025-08-28,6.61
2025-08-29,6.35
2025-09-01,6.6
2025-09-02,6.21
2025-09-03,6.36
2025-09-04,6.02
2025-09-05,6.09
2025-09-08,6.14
2025-09-09,5.94
2025-09-10,6.07
2025-09-11,6.08
2025-09-12,6.15
2025-09-15,6.06
2025-09-16,6.02
2025-09-17,5.91
2025-09-18,5.76
2025-09-19,5.88
2025-09-22,5.83
2025-09-23,5.93
2025-09-24,6.27
2025-09-25,6.19
2025-09-26,5.94
2025-09-29,5.92
2025-09-30,6.16
2025-10-09,6.29
2025-10-10,6.16
2025-10-13,6.0
2025-10-14,5.82
2025-10-15,5.85
2025-10-16,5.81
2025-10-17,5.66
2025-10-20,5.77
2025-10-21,6.35
2025-10-22,6.63
2025-10-23,6.37
2025-10-24,6.12
2025-10-27,6.07
2025-10-28,6.04
2025-10-29,6.09
2025-10-30,6.01
2025-10-31,6.04
2025-11-03,6.38
2025-11-04,6.51
2025-11-05,6.54
2025-11-06,6.55
2025-11-07,6.52
2025-11-10,6.39
2025-11-11,6.48
2025-11-12,6.38
2025-11-13,6.42
2025-11-14,6.55
2025-11-17,7.21
2025-11-18,6.77
2025-11-19,6.22
2025-11-20,6.09
2025-11-21,5.86
2025-11-24,5.97
2025-11-25,6.03
2025-11-26,5.93
2025-11-27,5.88
2025-11-28,5.95
2025-12-01,5.97
2025-12-02,5.87
2025-12-03,5.7
2025-12-04,5.75
2025-12-05,5.71
2025-12-08,5.71
2025-12-09,5.7
2025-12-10,5.72
2025-12-11,5.56
2025-12-12,5.44
2025-12-15,5.49
2025-12-16,5.32
2025-12-17,5.34
2025-12-18,5.37
2025-12-19,5.47
2025-12-22,5.48
2025-12-23,5.42
2025-12-24,5.46
2025-12-25,5.47
2025-12-26,5.49
2025-12-29,5.46
2025-12-30,6.01
2025-12-31,5.82
2026-01-05,5.79
2026-01-06,5.84
2026-01-07,5.76
2026-01-08,5.79
2026-01-09,5.98
2026-01-12,6.19
2026-01-13,6.03
2026-01-14,6.17
2026-01-15,5.97
2026-01-16,5.72
2026-01-19,5.61
2026-01-20,5.66
2026-01-21,5.59
2026-01-22,5.62
2026-01-23,5.73
2026-01-26,5.55
2026-01-27,5.5
2026-01-28,5.48
2026-01-29,5.52
2026-01-30,5.42
2026-02-02,5.36
2026-02-03,5.47
2026-02-04,5.52
2026-02-05,5.56
2026-02-06,5.6
2026-02-09,5.65
2026-02-10,5.83
2026-02-11,5.63
2026-02-12,5.65
2026-02-13,5.52
2026-02-24,5.5
2026-02-25,5.52
2026-02-26,5.43
2026-02-27,5.5
2026-03-02,5.42
2026-03-03,5.25
2026-03-04,5.08
2026-03-05,5.19
2026-03-06,5.31
2026-03-09,5.36
2026-03-10,5.36
2026-03-11,5.29
2026-03-12,5.24
2026-03-13,5.1
2026-03-16,5.14
2026-03-17,5.11
2026-03-18,5.25
2026-03-19,5.16
2026-03-20,5.06
2026-03-23,4.61
2026-03-24,4.81
2026-03-25,4.99
2026-03-26,4.86
2026-03-27,4.99
