date,close_raw
2011-09-08,6.58
2011-09-09,6.25
2011-09-13,5.94
2011-09-14,5.89
2011-09-15,5.9
2011-09-16,5.98
2011-09-19,6.06
2011-09-20,6.1
2011-09-21,6.41
2011-09-22,6.73
2011-09-23,6.83
2011-09-26,6.49
2011-09-27,6.17
2011-09-28,5.88
2011-09-29,5.59
2011-09-30,5.31
2011-10-10,5.39
2011-10-11,5.46
2011-10-12,5.6
2011-10-13,5.63
2011-10-14,5.58
2011-10-17,5.3
2011-10-18,5.04
2011-10-19,4.96
2011-10-20,4.71
2011-10-21,4.6
2011-10-24,4.65
2011-10-25,4.8
2011-10-26,4.76
2011-10-27,4.81
2011-10-28,4.99
2011-10-31,4.91
2011-11-01,4.88
2011-11-02,4.94
2011-11-03,5.0
2011-11-04,5.25
2011-11-07,5.17
2011-11-08,5.02
2011-11-09,5.19
2011-11-10,5.04
2011-11-11,5.18
2011-11-14,5.28
2011-11-15,5.52
2011-11-16,5.46
2011-11-17,5.51
2011-11-18,5.29
2011-11-21,5.04
2011-11-22,5.08
2011-11-23,5.03
2011-11-24,4.92
2011-11-25,4.8
2011-11-28,4.79
2011-11-29,4.87
2011-11-30,4.63
2011-12-01,4.64
2011-12-02,4.42
2011-12-06,4.2
2011-12-07,4.22
2011-12-08,4.19
2011-12-09,4.1
2011-12-12,4.0
2011-12-13,3.8
2011-12-14,3.62
2011-12-15,3.44
2011-12-16,3.52
2011-12-19,3.49
2011-12-20,3.66
2011-12-21,3.48
2011-12-22,3.37
2011-12-23,3.49
2011-12-26,3.44
2011-12-27,3.27
2011-12-28,3.21
2011-12-29,3.22
2011-12-30,3.28
2012-01-04,3.22
2012-01-05,3.16
2012-01-06,3.32
2012-01-09,3.49
2012-01-10,3.61
2012-01-11,3.56
2012-01-12,3.54
2012-01-13,3.39
2012-01-16,3.22
2012-01-17,3.38
2012-01-18,3.31
2012-01-19,3.35
2012-01-20,3.43
2012-01-30,3.48
2012-01-31,3.65
2012-02-01,3.83
2012-02-02,3.8
2012-02-03,3.99
2012-02-06,4.08
2012-02-07,3.88
2012-02-08,3.96
2012-02-09,3.95
2012-02-10,4.01
2012-02-13,4.02
2012-02-14,4.22
2012-02-15,4.37
2012-02-16,4.21
2012-02-17,4.23
2012-02-20,4.17
2012-02-21,4.19
2012-02-22,4.29
2012-02-23,4.2
2012-02-24,4.32
2012-02-27,4.29
2012-02-28,4.17
2012-02-29,4.13
2012-03-01,4.17
2012-03-02,4.28
2012-03-05,4.26
2012-03-06,4.47
2012-03-07,4.41
2012-03-08,4.43
2012-03-09,4.43
2012-03-12,4.44
2012-03-13,4.43
2012-03-14,4.21
2012-03-15,4.0
2012-03-16,4.04
2012-03-19,4.1
2012-03-20,3.97
2012-03-21,3.96
2012-03-22,3.99
2012-03-23,3.99
2012-03-26,4.01
2012-03-27,4.09
2012-03-28,3.89
2012-03-29,3.7
2012-03-30,3.64
2012-04-05,3.74
2012-04-06,3.78
2012-04-09,3.84
2012-04-10,3.85
2012-04-11,3.89
2012-04-12,3.96
2012-04-13,3.99
2012-04-16,4.06
2012-04-17,3.94
2012-04-18,4.03
2012-04-19,4.06
2012-04-20,4.25
2012-04-23,4.11
2012-04-24,3.93
2012-04-25,4.13
2012-04-26,4.16
2012-04-27,4.09
2012-05-02,3.89
2012-05-03,3.75
2012-05-04,3.81
2012-05-07,3.83
2012-05-08,3.88
2012-05-09,3.79
2012-05-10,3.8
2012-05-11,3.81
2012-05-14,3.82
2012-05-15,3.79
2012-05-16,3.77
2012-05-17,3.81
2012-05-18,3.82
2012-05-21,3.81
2012-05-22,3.8
2012-05-23,3.8
2012-05-24,3.68
2012-05-25,3.63
2012-05-28,3.64
2012-05-29,3.72
2012-05-30,3.75
2012-05-31,3.74
2012-06-01,3.79
2012-06-04,3.66
2012-06-05,3.68
2012-06-06,3.68
2012-06-07,3.71
2012-06-08,3.68
2012-06-11,3.73
2012-06-12,3.92
2012-06-13,3.93
2012-06-14,3.89
2012-06-15,3.87
2012-06-18,4.0
2012-06-19,3.97
2012-06-20,3.94
2012-06-21,3.85
2012-06-25,3.96
2012-06-26,3.88
2012-06-28,3.71
2012-06-29,3.72
2012-07-02,3.79
2012-07-03,3.8
2012-07-04,3.74
2012-07-05,3.61
2012-07-06,3.69
2012-07-09,3.57
2012-07-10,3.58
2012-07-11,3.6
2012-07-12,3.62
2012-07-13,3.58
2012-07-16,3.4
2012-07-17,3.44
2012-07-18,3.49
2012-07-19,3.56
2012-07-20,3.54
2012-07-23,3.53
2012-07-24,3.54
2012-07-25,3.47
2012-07-26,3.39
2012-07-27,3.36
2012-07-30,3.19
2012-07-31,3.03
2012-08-01,2.88
2012-08-02,2.82
2012-08-03,2.93
2012-08-06,3.08
2012-08-07,3.13
2012-08-08,3.15
2012-08-09,3.19
2012-08-10,3.14
2012-08-13,3.05
2012-08-14,3.07
2012-08-15,3.03
2012-08-16,3.04
2012-08-17,3.1
2012-08-20,3.23
2012-08-21,3.39
2012-08-22,3.56
2012-08-23,3.74
2012-08-24,3.55
2012-08-27,3.73
2012-08-28,3.55
2012-08-29,3.53
2012-08-30,3.35
2012-08-31,3.52
2012-09-03,3.46
2012-09-04,3.46
2012-09-05,3.48
2012-09-06,3.53
2012-09-07,3.58
2012-09-10,3.64
2012-09-11,3.61
2012-09-12,3.75
2012-09-13,3.63
2012-09-14,3.6
2012-09-17,3.49
2012-09-18,3.49
2012-09-19,3.5
2012-09-20,3.33
2012-09-21,3.29
2012-09-24,3.36
2012-09-25,3.33
2012-09-26,3.3
2012-09-27,3.35
2012-09-28,3.42
2012-10-08,3.54
2012-10-09,3.57
2012-10-10,3.63
2012-10-11,3.55
2012-10-12,3.55
2012-10-15,3.57
2012-10-16,3.64
2012-10-17,3.64
2012-10-18,3.82
2012-10-19,3.83
2012-10-22,3.88
2012-10-23,3.79
2012-10-24,3.98
2012-10-25,3.78
2012-10-26,3.72
2012-10-29,3.71
2012-10-30,3.74
2012-10-31,3.67
2012-11-01,3.77
2012-11-02,3.82
2012-11-05,3.85
2012-11-06,3.8
2012-11-07,3.81
2012-11-08,3.72
2012-11-09,3.81
2012-11-12,3.85
2012-11-13,3.72
2012-11-14,3.67
2012-11-15,3.62
2012-11-16,3.62
2012-11-19,3.76
2012-11-20,3.75
2012-11-21,3.76
2012-11-22,3.78
2012-11-23,3.78
2012-11-26,3.75
2012-11-27,3.56
2012-11-28,3.44
2012-11-29,3.37
2012-11-30,3.42
2012-12-03,3.31
2012-12-04,3.34
2012-12-05,3.48
2012-12-06,3.47
2012-12-07,3.51
2012-12-10,3.55
2012-12-11,3.56
2012-12-12,3.54
2012-12-13,3.52
2012-12-14,3.64
2012-12-17,3.63
2012-12-18,3.56
2012-12-19,3.56
2012-12-20,3.54
2012-12-21,3.58
2012-12-24,3.62
2012-12-25,3.65
2012-12-26,3.68
2012-12-27,3.8
2012-12-28,3.99
2012-12-31,4.19
2013-01-04,4.16
2013-01-07,4.37
2013-01-08,4.46
2013-01-09,4.39
2013-01-10,4.29
2013-01-11,4.31
2013-01-14,4.45
2013-01-15,4.43
2013-01-16,4.65
2013-01-17,4.55
2013-01-18,4.62
2013-01-21,4.64
2013-01-22,4.87
2013-01-23,4.63
2013-01-24,4.46
2013-01-31,4.91
2013-02-01,5.4
2013-02-04,5.13
2013-02-05,4.91
2013-02-06,4.86
2013-02-07,4.84
2013-02-08,4.7
2013-02-18,4.81
2013-02-19,4.68
2013-02-20,4.7
2013-02-21,4.65
2013-02-22,4.56
2013-02-25,4.55
2013-02-26,4.44
2013-02-27,4.56
2013-02-28,4.57
2013-03-01,4.58
2013-03-04,4.2
2013-03-05,4.3
2013-03-06,4.52
2013-03-07,4.53
2013-03-08,4.38
2013-03-11,4.38
2013-03-12,4.3
2013-03-13,4.25
2013-03-14,4.25
2013-03-15,4.28
2013-03-18,4.39
2013-03-19,4.62
2013-03-20,4.68
2013-03-21,4.74
2013-03-22,4.68
2013-03-25,4.6
2013-03-26,4.8
2013-03-27,4.74
2013-03-28,4.63
2013-03-29,4.67
2013-04-01,4.59
2013-04-02,4.41
2013-04-03,4.27
2013-04-08,4.26
2013-04-09,4.35
2013-04-10,4.32
2013-04-11,4.3
2013-04-12,4.22
2013-04-15,4.15
2013-04-16,4.2
2013-04-17,4.27
2013-04-18,4.35
2013-04-19,4.38
2013-04-22,4.44
2013-04-23,4.28
2013-04-24,4.35
2013-04-25,4.23
2013-04-26,4.19
2013-05-02,4.19
2013-05-03,4.28
2013-05-06,4.35
2013-05-07,4.34
2013-05-08,4.35
2013-05-09,4.27
2013-05-10,4.33
2013-05-13,4.35
2013-05-14,4.3
2013-05-15,4.43
2013-05-16,4.5
2013-05-17,4.68
2013-05-20,4.66
2013-05-21,4.63
2013-05-22,4.82
2013-05-23,4.85
2013-05-24,4.87
2013-05-27,4.89
2013-05-28,4.97
2013-05-29,4.88
2013-05-30,4.8
2013-05-31,4.69
2013-06-03,4.73
2013-06-04,4.72
2013-06-05,4.75
2013-06-06,4.58
2013-06-07,4.46
2013-06-13,4.28
2013-06-14,4.37
2013-06-17,4.33
2013-06-18,4.32
2013-06-19,4.26
2013-06-20,4.15
2013-06-21,4.19
2013-06-24,3.87
2013-06-25,3.83
2013-06-26,3.87
2013-06-27,3.74
2013-06-28,3.74
2013-07-01,3.82
2013-07-02,3.83
2013-07-03,3.77
2013-07-04,3.79
2013-07-05,3.86
2013-07-08,3.62
2013-07-09,3.7
2013-07-10,3.82
2013-07-11,3.89
2013-07-12,3.84
2013-07-15,3.95
2013-07-16,3.99
2013-07-17,3.93
2013-07-18,4.01
2013-07-19,3.88
2013-07-22,4.0
2013-07-23,4.04
2013-07-24,4.01
2013-07-25,3.9
2013-07-26,3.95
2013-07-29,3.83
2013-07-30,3.82
2013-07-31,3.86
2013-08-01,4.04
2013-08-02,4.11
2013-08-05,4.21
2013-08-06,4.19
2013-08-07,4.22
2013-08-08,4.29
2013-08-09,4.25
2013-08-12,4.29
2013-08-13,4.41
2013-08-14,4.36
2013-08-15,4.35
2013-08-16,4.26
2013-08-19,4.4
2013-08-20,4.37
2013-08-21,4.4
2013-08-22,4.55
2013-08-23,4.52
2013-08-26,4.57
2013-08-27,4.59
2013-08-28,4.47
2013-08-29,4.51
2013-08-30,4.6
2013-09-02,4.45
2013-09-03,4.5
2013-09-04,4.67
2013-09-05,4.7
2013-09-06,4.65
2013-09-09,4.7
2013-09-10,4.65
2013-09-11,4.55
2013-09-12,4.6
2013-09-13,4.72
2013-09-16,4.95
2013-09-17,4.85
2013-09-18,5.14
2013-09-23,5.1
2013-09-24,5.16
2013-09-25,5.29
2013-09-26,5.1
2013-09-27,5.17
2013-09-30,5.23
2013-10-08,5.38
2013-10-09,5.37
2013-10-10,5.23
2013-10-11,5.45
2013-10-14,5.38
2013-10-15,5.21
2013-10-16,5.13
2013-10-17,5.15
2013-10-18,5.16
2013-10-21,5.1
2013-10-22,5.12
2013-10-23,4.88
2013-10-24,4.9
2013-10-25,4.84
2013-10-28,4.78
2013-10-29,4.66
2013-10-30,4.72
2013-10-31,4.75
2013-11-01,4.71
2013-11-04,4.83
2013-11-05,4.89
2013-11-06,4.83
2013-11-07,4.63
2013-11-08,4.68
2013-11-11,4.71
2013-11-12,5.02
2013-11-13,4.82
2013-11-14,4.84
2013-11-15,4.87
2013-11-18,4.9
2013-11-19,4.95
2013-11-20,4.94
2013-11-21,4.85
2013-11-22,4.86
2013-11-25,4.83
2013-11-26,4.88
2013-11-27,5.02
2013-11-28,5.0
2013-11-29,5.19
2013-12-02,4.77
2013-12-03,4.75
2013-12-04,4.8
2013-12-05,4.76
2013-12-06,4.8
2013-12-09,4.79
2013-12-10,4.77
2013-12-11,4.71
2013-12-12,4.71
2013-12-13,4.73
2013-12-16,4.7
2013-12-17,4.59
2013-12-18,4.62
2013-12-19,4.63
2013-12-20,4.5
2013-12-23,4.44
2013-12-24,4.46
2013-12-25,4.44
2013-12-26,4.33
2013-12-27,4.39
2013-12-30,4.37
2013-12-31,4.28
2014-01-02,4.31
2014-01-03,4.21
2014-01-06,4.06
2014-01-07,4.01
2014-01-08,3.97
2014-01-09,3.87
2014-01-10,3.79
2014-01-13,3.76
2014-01-14,3.89
2014-01-15,3.87
2014-01-16,3.88
2014-01-17,3.86
2014-01-20,3.86
2014-01-21,3.92
2014-01-22,4.01
2014-01-23,4.02
2014-01-24,4.06
2014-01-27,3.99
2014-01-28,3.94
2014-01-29,4.04
2014-01-30,4.09
2014-02-07,4.09
2014-02-10,4.22
2014-02-11,4.27
2014-02-12,4.28
2014-02-13,4.25
2014-02-14,4.32
2014-02-17,4.36
2014-02-18,4.37
2014-02-19,4.45
2014-02-20,4.33
2014-02-21,4.29
2014-02-24,4.24
2014-02-25,4.02
2014-02-26,4.16
2014-02-27,4.15
2014-02-28,4.19
2014-03-03,4.26
2014-03-04,4.29
2014-03-05,4.32
2014-03-06,4.32
2014-03-07,4.49
2014-03-10,4.48
2014-03-11,4.65
2014-03-12,4.58
2014-03-13,4.5
2014-03-14,4.61
2014-03-17,4.82
2014-03-18,4.67
2014-03-19,4.66
2014-03-20,4.56
2014-03-21,4.62
2014-03-24,4.62
2014-03-25,4.62
2014-06-03,4.35
2014-06-04,4.2
2014-06-05,4.3
2014-06-06,4.27
2014-06-09,4.19
2014-06-10,4.29
2014-06-11,4.37
2014-06-12,4.35
2014-06-13,4.37
2014-06-16,4.44
2014-06-17,4.7
2014-06-18,4.66
2014-06-19,4.57
2014-06-20,4.52
2014-06-23,4.51
2014-06-24,4.64
2014-06-25,4.63
2014-06-26,4.61
2014-06-27,4.61
2014-06-30,4.66
2014-07-01,4.72
2014-07-02,4.7
2014-07-03,4.78
2014-07-04,4.81
2014-07-07,4.83
2014-07-08,4.81
2014-07-09,4.66
2014-07-10,4.68
2014-07-11,4.68
2014-07-14,4.77
2014-07-15,4.74
2014-07-16,4.84
2014-07-17,4.78
2014-07-18,4.94
2014-07-21,5.0
2014-07-22,4.98
2014-07-23,4.83
2014-07-24,4.85
2014-07-25,4.88
2014-07-28,4.93
2014-07-29,5.01
2014-07-30,5.08
2014-07-31,5.12
2014-08-01,5.06
2014-08-04,5.11
2014-08-05,5.15
2014-08-06,5.14
2014-08-07,5.15
2014-08-08,5.22
2014-08-11,5.29
2014-08-12,5.43
2014-08-13,5.43
2014-08-14,5.43
2014-08-15,5.61
2014-08-18,6.01
2014-08-19,5.97
2014-08-20,5.9
2014-08-21,5.97
2014-08-22,5.94
2014-08-25,5.94
2014-08-26,5.72
2014-08-27,5.73
2014-08-28,5.7
2014-08-29,5.8
2014-09-01,6.05
2014-09-02,6.09
2014-09-03,6.12
2014-09-04,6.25
2014-09-05,6.2
2014-09-09,6.22
2014-09-10,6.42
2014-09-11,6.63
2014-09-12,6.73
2014-09-15,7.05
2014-09-16,6.73
2014-09-17,6.75
2014-09-18,6.91
2014-09-19,6.99
2014-09-22,6.78
2014-09-23,6.87
2014-09-24,6.94
2014-09-25,6.89
2014-09-26,6.84
2014-09-29,7.11
2014-09-30,7.28
2014-10-08,7.31
2014-10-09,7.44
2014-10-10,7.87
2014-10-13,8.0
2014-10-14,7.75
2014-10-15,7.86
2014-10-16,7.58
2014-10-17,7.19
2014-10-20,7.19
2014-10-21,7.14
2014-10-22,6.97
2014-10-23,6.69
2014-10-24,6.71
2014-10-27,6.74
2014-10-28,7.13
2014-10-29,7.09
2014-10-30,7.15
2014-10-31,7.47
2014-11-03,7.46
2014-11-04,7.22
2014-11-05,7.36
2014-11-06,7.26
2014-11-07,7.15
2014-11-10,7.17
2014-11-11,6.94
2014-11-12,7.06
2014-11-13,6.9
2014-11-14,7.05
2014-11-17,7.15
2014-11-18,7.22
2014-12-15,7.51
2014-12-16,7.29
2014-12-17,6.95
2014-12-18,6.99
2014-12-19,7.05
2015-01-22,7.76
2015-01-23,8.2
2015-01-26,8.11
2015-01-27,8.01
2015-01-28,8.2
2015-01-29,8.01
2015-01-30,7.92
2015-02-02,7.9
2015-02-03,7.98
2015-02-04,8.04
2015-02-05,8.05
2015-02-06,8.24
2015-02-09,9.06
2015-02-10,8.71
2015-02-11,8.79
2015-02-12,8.81
2015-02-13,9.16
2015-02-16,9.19
2015-02-17,9.11
2015-02-25,9.33
2015-02-26,9.49
2015-02-27,9.72
2015-03-02,9.73
2015-03-03,9.98
2015-03-04,9.89
2015-03-05,9.64
2015-03-06,9.6
2015-03-09,10.02
2015-03-10,9.93
2015-03-11,9.79
2015-03-12,10.01
2015-08-03,11.01
2015-08-04,12.11
2015-08-05,11.89
2015-08-06,11.81
2015-08-07,11.72
2015-08-10,12.01
2015-08-11,13.21
2015-08-12,12.73
2015-08-13,12.71
2015-08-14,13.98
2015-08-17,15.16
2015-08-18,13.64
2015-08-19,13.12
2015-08-20,11.96
2015-08-21,10.76
2015-08-24,9.68
2015-08-25,8.71
2015-08-26,8.8
2015-08-27,9.68
2015-08-28,10.65
2015-08-31,11.26
2015-09-01,10.13
2015-09-02,9.12
2015-09-07,9.42
2015-09-08,10.12
2015-09-09,11.13
2015-09-10,11.37
2015-09-11,11.16
2015-09-14,10.04
2015-09-15,10.07
2015-09-16,10.85
2015-09-17,10.68
2015-09-18,10.89
2015-09-21,11.12
2015-09-22,11.39
2015-09-23,11.82
2015-09-24,11.72
2015-09-25,10.97
2015-09-28,11.15
2015-09-29,11.18
2015-09-30,11.04
2015-10-08,11.94
2015-10-09,12.65
2015-10-12,13.49
2015-10-13,13.12
2015-10-14,12.96
2015-10-22,12.45
2015-10-23,11.88
2015-10-26,11.94
2015-10-27,13.13
2015-10-28,11.95
2015-10-29,12.03
2015-10-30,11.77
2015-11-02,11.05
2015-11-03,11.12
2015-11-04,11.55
2015-11-05,11.79
2015-11-12,12.85
2015-11-13,12.16
2015-11-16,12.32
2015-11-17,12.32
2015-11-18,12.06
2015-11-19,12.05
2015-11-20,12.18
2015-11-23,12.78
2015-11-24,13.11
2015-11-25,13.09
2015-11-26,13.94
2015-11-27,13.39
2015-11-30,13.39
2015-12-01,12.9
2015-12-02,12.45
2015-12-03,12.64
2015-12-04,12.86
2015-12-07,12.91
2015-12-08,12.45
2015-12-09,12.22
2015-12-10,12.83
2015-12-11,12.9
2015-12-14,13.0
2015-12-15,13.22
2015-12-16,13.28
2015-12-17,13.7
2015-12-18,13.61
2015-12-21,13.75
2015-12-22,13.49
2015-12-23,13.43
2015-12-24,13.47
2015-12-25,13.93
2015-12-28,13.18
2015-12-29,13.38
2015-12-30,13.6
2015-12-31,13.15
2016-01-04,11.84
2016-01-05,11.13
2016-01-06,11.48
2016-01-07,10.45
2016-01-08,11.08
2016-01-11,10.61
2016-01-12,11.01
2016-01-13,10.78
2016-01-14,10.78
2016-01-15,10.25
2016-01-18,10.28
2016-01-19,10.73
2016-01-20,10.99
2016-01-29,9.98
2016-02-01,9.1
2016-02-02,9.42
2016-02-03,9.53
2016-02-04,9.61
2016-02-05,9.48
2016-02-15,9.14
2016-02-16,9.7
2016-02-17,10.02
2016-02-18,9.88
2016-02-19,10.12
2016-02-22,10.44
2016-02-23,10.37
2016-02-24,10.34
2016-02-25,9.31
2016-02-26,9.88
2016-02-29,10.49
2016-03-01,11.17
2016-03-02,11.44
2016-03-03,11.17
2016-03-04,10.73
2016-03-07,10.93
2016-03-08,10.79
2016-03-09,10.5
2016-03-10,10.61
2016-03-11,10.6
2016-03-14,10.9
2016-03-15,10.71
2016-03-16,10.52
2016-03-17,10.73
2016-03-18,11.0
2016-03-21,11.17
2016-03-22,10.97
2016-03-23,10.98
2016-03-24,10.52
2016-03-25,10.49
2016-03-28,10.56
2016-03-29,11.17
2016-03-30,11.22
2016-03-31,11.13
2016-04-01,10.82
2016-04-05,11.32
2016-04-06,11.24
2016-04-07,11.18
2016-04-08,11.27
2016-04-11,11.5
2016-04-12,11.27
2016-04-13,11.3
2016-04-14,11.21
2016-04-15,11.3
2016-04-18,10.93
2016-04-19,10.9
2016-04-20,10.24
2016-04-21,10.06
2016-04-22,10.69
2016-04-25,10.59
2016-04-26,10.47
2016-04-27,10.45
2016-04-28,10.6
2016-04-29,10.53
2016-05-03,10.72
2016-05-04,10.54
2016-05-05,10.53
2016-05-06,10.15
2016-05-09,9.72
2016-05-10,9.9
2016-05-11,10.01
2016-05-12,10.05
2016-05-13,9.97
2016-05-16,9.88
2016-05-17,9.68
2016-05-18,9.35
2016-05-19,9.32
2016-05-20,9.37
2016-05-23,9.44
2016-05-24,9.55
2016-05-25,9.33
2016-05-26,9.34
2016-05-27,9.3
2016-05-30,9.45
2016-05-31,9.68
2016-06-01,9.67
2016-06-02,9.81
2016-06-03,9.7
2016-06-06,9.91
2016-06-07,9.67
2016-06-08,9.47
2016-06-13,9.14
2016-06-14,9.4
2016-06-15,9.55
2016-06-16,9.39
2016-06-17,9.4
2016-06-20,9.37
2016-06-21,9.41
2016-06-22,9.55
2016-06-23,9.59
2016-06-24,10.54
2016-06-27,11.01
2016-06-28,10.87
2016-06-29,10.93
2016-06-30,10.84
2016-07-01,10.91
2016-07-04,10.92
2016-07-05,10.91
2016-07-06,10.72
2016-07-07,10.7
2016-07-08,10.67
2016-07-11,10.59
2016-07-12,10.89
2016-07-13,10.78
2016-07-14,10.7
2016-07-15,10.7
2016-07-18,10.78
2016-07-19,11.15
2016-07-20,11.13
2016-07-21,11.37
2016-07-22,11.38
2016-07-25,11.3
2016-07-26,11.76
2016-07-27,11.69
2016-07-28,11.88
2016-07-29,11.57
2016-08-01,11.37
2016-08-02,11.42
2016-08-03,11.45
2016-08-04,11.52
2016-08-05,11.69
2016-08-08,12.12
2016-08-09,12.29
2016-08-10,12.25
2016-08-11,12.12
2016-08-12,12.13
2016-08-15,12.1
2016-08-16,12.3
2016-08-17,12.45
2016-08-18,12.24
2016-08-19,12.11
2016-08-22,11.89
2016-08-23,11.97
2016-08-24,11.69
2016-08-25,11.65
2016-08-26,11.61
2016-08-29,11.83
2016-08-30,11.87
2016-08-31,11.89
2016-09-01,11.65
2016-09-02,11.65
2016-09-05,11.88
2016-09-06,11.96
2016-09-07,12.11
2016-09-08,12.35
2016-09-09,12.24
2016-09-12,11.83
2016-09-13,11.82
2016-09-14,11.9
2016-09-19,11.87
2016-09-20,11.83
2016-09-21,11.8
2016-09-22,11.85
2016-09-23,12.18
2016-09-26,12.42
2016-09-27,12.93
2016-09-28,12.96
2016-09-29,12.95
2016-09-30,12.96
2016-10-10,13.58
2016-10-11,13.58
2016-10-12,13.61
2016-10-13,13.22
2016-10-14,13.09
2016-10-17,13.16
2016-10-18,13.45
2016-10-19,14.4
2016-10-20,14.23
2016-10-21,13.9
2016-10-24,13.98
2016-10-25,13.65
2016-10-26,13.44
2016-10-27,13.4
2016-10-28,13.63
2016-10-31,14.36
2016-11-01,14.4
2016-11-02,14.78
2016-11-03,14.71
2016-11-04,14.63
2016-11-07,14.28
2016-11-08,14.23
2016-11-09,14.26
2016-11-10,14.54
2016-11-11,14.58
2016-11-14,14.43
2016-11-15,14.58
2016-11-16,14.64
2016-11-17,14.57
2016-11-18,14.46
2016-11-21,14.94
2016-11-22,15.27
2016-11-23,15.17
2016-11-24,15.18
2016-11-25,15.61
2016-11-28,15.6
2016-11-29,15.14
2016-11-30,15.17
2016-12-01,15.15
2016-12-02,15.07
2016-12-05,14.85
2016-12-06,15.36
2016-12-07,15.9
2016-12-22,15.18
2016-12-23,15.56
2016-12-26,15.47
2016-12-27,15.55
2016-12-28,15.5
2016-12-29,15.49
2016-12-30,15.84
2017-01-03,15.98
2017-01-04,15.98
2017-01-05,15.62
2017-01-06,15.77
2017-01-09,16.36
2017-01-10,16.37
2017-04-21,18.01
2017-04-24,16.9
2017-04-25,16.84
2017-04-26,17.25
2017-04-27,17.85
2017-04-28,17.11
2017-05-02,18.09
2017-05-03,17.83
2017-05-04,17.76
2017-05-05,17.47
2017-05-08,16.72
2017-05-09,16.79
2017-05-10,16.58
2017-05-11,16.2
2017-05-12,15.82
2017-05-15,15.76
2017-05-16,14.72
2017-05-17,16.16
2017-05-18,15.57
2017-05-19,15.37
2017-05-22,13.83
2017-05-23,12.95
2017-05-24,13.29
2017-05-25,13.21
2017-05-26,13.53
2017-05-31,13.57
2017-06-01,13.39
2017-06-02,13.54
2017-06-05,13.61
2017-06-06,13.45
2017-06-07,13.84
2017-06-08,14.11
2017-06-09,14.17
2017-06-12,13.97
2017-06-13,13.9
2017-06-14,13.89
2017-06-16,13.67
2017-06-19,13.68
2017-06-20,13.77
2017-06-21,13.68
2017-06-22,13.38
2017-06-23,13.09
2017-06-26,13.04
2017-06-27,13.04
2017-06-28,12.85
2017-06-29,13.72
2017-06-30,14.11
2017-07-03,14.09
2017-07-04,14.19
2017-07-05,14.32
2017-07-06,14.27
2017-07-07,14.29
2017-07-10,14.04
2017-07-11,13.9
2017-07-12,13.93
2017-07-13,14.05
2017-07-14,14.28
2017-07-17,13.44
2017-07-18,13.25
2017-07-19,13.19
2017-07-20,13.24
2017-07-21,13.63
2017-07-24,14.06
2017-07-25,13.91
2017-07-26,14.18
2017-07-27,14.09
2017-07-28,14.09
2017-07-31,13.99
2017-08-01,14.7
2017-08-02,14.54
2017-08-03,15.37
2017-08-04,15.83
2017-08-07,16.42
2017-08-08,16.4
2017-08-09,16.37
2017-08-10,16.06
2017-08-11,15.87
2017-08-14,16.32
2017-08-15,16.23
2017-08-16,15.79
2017-08-17,15.63
2017-08-18,15.42
2017-08-21,16.14
2017-08-22,15.83
2017-08-23,15.8
2017-08-24,16.02
2017-08-25,16.04
2017-08-28,15.83
2017-08-29,15.78
2017-08-30,15.67
2017-08-31,15.39
2017-09-01,15.57
2017-09-04,15.44
2017-09-05,15.08
2017-09-06,15.66
2017-09-07,15.32
2017-09-08,15.18
2017-09-11,14.57
2017-09-12,14.46
2017-09-13,14.66
2017-09-22,14.89
2017-09-25,15.12
2017-09-26,15.15
2017-09-27,15.03
2017-09-28,14.71
2017-09-29,14.95
2017-10-09,14.9
2017-10-10,15.0
2017-10-11,15.5
2017-10-12,15.78
2017-10-13,15.76
2017-10-16,15.51
2017-10-17,15.68
2017-10-18,15.92
2017-10-19,15.63
2017-10-20,15.53
2017-10-23,16.29
2017-10-24,16.05
2017-10-25,16.14
2017-10-26,16.23
2017-10-27,16.14
2017-10-30,15.84
2017-10-31,15.77
2017-11-01,15.35
2017-11-02,15.28
2017-11-03,14.89
2017-11-06,14.86
2017-11-07,15.06
2017-11-08,15.27
2017-11-09,15.11
2017-11-10,15.03
2017-11-13,14.78
2017-11-14,14.69
2017-11-15,14.32
2017-11-16,14.36
2017-11-17,14.05
2017-11-20,14.08
2017-11-21,13.78
2017-11-22,13.23
2017-11-23,13.1
2017-11-24,13.39
2017-11-27,13.6
2017-11-28,13.61
2017-11-29,13.96
2017-11-30,13.96
2017-12-01,13.81
2017-12-04,14.49
2017-12-05,14.29
2017-12-06,13.8
2017-12-07,13.21
2017-12-08,13.35
2017-12-11,13.45
2017-12-12,13.31
2017-12-13,13.34
2017-12-14,13.9
2017-12-15,13.6
2017-12-18,13.42
2017-12-19,13.42
2017-12-20,13.62
2017-12-21,13.97
2017-12-22,14.53
2017-12-25,14.65
2017-12-26,14.94
2017-12-27,14.37
2017-12-28,13.67
2017-12-29,13.55
2018-01-02,13.65
2018-01-03,13.67
2018-01-04,13.68
2018-01-05,14.02
2018-01-08,13.98
2018-01-09,14.06
2018-01-10,14.12
2018-01-11,14.23
2018-01-12,13.89
2018-01-15,13.53
2018-01-16,13.41
2018-01-17,13.01
2018-01-18,13.3
2018-01-19,13.16
2018-01-22,13.17
2018-01-23,13.23
2018-01-24,13.44
2018-01-25,13.18
2018-01-26,13.19
2018-01-29,12.78
2018-01-30,12.49
2018-01-31,12.18
2018-02-01,11.37
2018-02-02,11.63
2018-02-05,11.84
2018-02-06,11.47
2018-02-07,11.55
2018-02-08,11.47
2018-02-09,11.4
2018-02-12,11.54
2018-02-13,11.43
2018-02-14,11.41
2018-02-22,11.57
2018-02-23,11.94
2018-02-26,12.02
2018-02-27,11.86
2018-02-28,12.08
2018-03-01,12.11
2018-03-02,11.88
2018-03-05,11.9
2018-03-06,11.98
2018-03-07,12.18
2018-03-08,12.2
2018-03-09,12.21
2018-03-12,12.33
2018-03-13,12.79
2018-03-14,12.54
2018-03-15,12.3
2018-03-16,12.32
2018-03-19,12.35
2018-03-20,12.44
2018-03-21,12.34
2018-03-22,12.22
2018-03-23,11.48
2018-03-26,11.43
2018-03-27,11.85
2018-03-28,11.75
2018-03-29,11.86
2018-03-30,11.92
2018-04-02,11.88
2018-04-03,11.82
2018-04-04,11.87
2018-04-09,11.84
2018-04-10,12.1
2018-04-11,12.25
2018-04-12,12.33
2018-04-13,12.42
2018-04-16,12.48
2018-04-17,12.56
2018-04-18,12.73
2018-04-19,12.65
2018-04-20,12.58
2018-04-23,12.43
2018-04-24,12.57
2018-04-25,12.52
2018-04-26,12.37
2018-04-27,12.42
2018-05-02,12.66
2018-05-03,12.83
2018-05-04,12.99
2018-05-07,13.23
2018-05-08,13.13
2018-05-09,12.98
2018-05-10,13.31
2018-05-11,13.27
2018-05-14,13.12
2018-05-15,13.14
2018-05-16,13.33
2018-05-17,13.25
2018-05-18,13.71
2018-05-21,13.68
2018-05-22,13.72
2018-05-23,13.53
2018-05-24,13.79
2018-05-25,13.9
2018-05-28,13.89
2018-05-29,13.91
2018-05-30,13.35
2018-05-31,13.33
2018-06-01,13.31
2018-06-04,13.35
2018-06-05,13.35
2018-06-06,14.43
2018-06-07,14.13
2018-06-08,13.41
2018-06-11,13.59
2018-06-12,13.72
2018-06-13,13.54
2018-06-14,13.62
2018-06-15,13.75
2018-06-19,12.95
2018-06-20,13.1
2018-06-21,13.12
2018-06-22,13.15
2018-06-25,13.17
2018-06-26,13.19
2018-06-27,13.13
2018-06-28,12.84
2018-06-29,12.96
2018-07-02,12.78
2018-07-03,12.84
2018-07-04,13.09
2018-07-05,13.01
2018-07-06,12.83
2018-07-09,12.97
2018-07-10,13.02
2018-07-11,12.77
2018-07-12,12.88
2018-07-13,12.94
2018-07-16,13.2
2018-07-17,13.28
2018-07-18,13.02
2018-07-19,13.1
2018-07-20,13.35
2018-07-23,13.41
2018-07-24,13.71
2018-07-25,13.62
2018-07-26,13.78
2018-07-27,13.85
2018-07-30,13.81
2018-07-31,13.98
2018-08-01,13.81
2018-08-02,13.51
2018-08-03,13.95
2018-08-06,13.62
2018-08-07,13.91
2018-08-08,14.34
2018-08-09,14.4
2018-08-10,14.1
2018-08-13,14.2
2018-08-14,14.26
2018-08-15,13.96
2018-08-16,13.48
2018-08-17,13.43
2018-08-20,13.33
2018-08-21,13.33
2018-08-22,13.32
2018-08-23,13.27
2018-08-24,13.14
2018-08-27,13.2
2018-08-28,13.44
2018-08-29,13.23
2018-08-30,12.97
2018-08-31,12.9
2018-09-03,12.7
2018-09-04,12.59
2018-09-05,12.59
2018-09-06,12.81
2018-09-07,12.67
2018-09-10,12.68
2018-09-11,12.49
2018-09-12,12.28
2018-09-13,12.61
2018-09-14,12.73
2018-09-17,12.83
2018-09-18,13.12
2018-09-19,12.91
2018-09-20,13.0
2018-09-21,13.06
2018-09-25,13.3
2018-09-26,13.32
2018-09-27,13.37
2018-09-28,13.4
2018-10-08,13.26
2018-10-09,13.56
2018-10-10,13.64
2018-10-11,13.06
2018-10-12,12.8
2018-10-15,13.18
2018-10-16,13.26
2018-10-17,14.0
2018-10-18,14.53
2018-10-19,14.45
2018-10-22,14.69
2018-10-23,14.41
2018-10-24,14.38
2018-10-25,14.17
2018-10-26,14.18
2018-10-29,14.06
2018-10-30,13.92
2018-10-31,14.2
2018-11-01,13.93
2018-11-02,14.1
2018-11-05,13.95
2018-11-06,14.33
2018-11-07,14.0
2018-11-08,13.65
2018-11-09,13.55
2018-11-12,13.67
2018-11-13,13.63
2018-11-14,13.45
2018-11-15,13.56
2018-11-16,13.3
2018-11-19,13.32
2018-11-20,13.35
2018-11-21,13.39
2018-11-22,13.31
2018-11-23,12.96
2018-11-26,13.02
2018-11-27,13.03
2018-11-28,13.14
2018-11-29,13.03
2018-11-30,13.05
2018-12-03,13.15
2018-12-04,13.13
2018-12-05,12.86
2018-12-06,12.67
2018-12-07,12.68
2018-12-10,12.41
2018-12-11,12.42
2018-12-12,12.41
2018-12-13,12.54
2018-12-14,12.51
2018-12-17,12.45
2018-12-18,12.51
2018-12-19,12.33
2018-12-20,12.11
2018-12-21,11.61
2018-12-24,11.39
2018-12-25,11.4
2018-12-26,11.35
2018-12-27,11.51
2018-12-28,11.84
2019-01-02,11.71
2019-01-03,11.79
2019-01-04,11.8
2019-01-07,11.71
2019-01-08,12.17
2019-01-09,12.0
2019-01-10,11.99
2019-01-11,11.85
2019-01-14,11.8
2019-01-15,12.23
2019-01-16,12.45
2019-01-17,12.22
2019-01-18,12.27
2019-01-21,12.26
2019-01-22,12.22
2019-01-23,12.17
2019-01-24,12.11
2019-01-25,12.05
2019-01-28,11.94
2019-01-29,11.8
2019-01-30,11.67
2019-01-31,11.47
2019-02-01,11.69
2019-02-11,11.84
2019-02-12,11.94
2019-02-13,11.95
2019-02-14,12.27
2019-02-15,12.23
2019-02-18,12.43
2019-02-19,12.51
2019-02-20,12.49
2019-02-21,12.56
2019-02-22,12.57
2019-02-25,13.31
2019-02-26,13.28
2019-02-27,13.48
2019-02-28,13.83
2019-03-01,14.31
2019-03-04,14.86
2019-03-05,14.55
2019-03-06,14.22
2019-03-07,13.54
2019-03-08,13.26
2019-03-11,13.52
2019-03-12,13.87
2019-03-13,13.41
2019-03-14,13.19
2019-03-15,13.33
2019-03-18,13.69
2019-03-19,13.92
2019-03-20,13.83
2019-03-21,13.71
2019-03-22,13.51
2019-03-25,13.5
2019-03-26,13.76
2019-03-27,13.56
2019-03-28,13.07
2019-03-29,13.16
2019-04-01,13.4
2019-04-02,13.48
2019-04-03,13.54
2019-04-04,13.75
2019-04-08,13.65
2019-04-09,13.44
2019-04-10,13.37
2019-04-11,13.11
2019-04-12,13.44
2019-04-15,13.87
2019-04-16,13.88
2019-04-17,13.75
2019-04-18,13.5
2019-04-19,13.94
2019-04-22,13.78
2019-04-23,13.78
2019-04-24,13.78
2019-04-25,9.08
2019-04-26,8.79
2019-04-29,8.69
2019-04-30,8.7
2019-05-06,8.1
2019-05-07,8.27
2019-05-08,8.26
2019-05-09,8.18
2019-05-10,8.27
2019-05-13,8.12
2019-05-14,8.08
2019-05-15,8.12
2019-05-16,8.08
2019-05-17,7.93
2019-05-20,7.68
2019-05-21,7.79
2019-05-22,7.68
2019-05-23,7.65
2019-05-24,7.57
2019-05-27,7.66
2019-05-28,7.61
2019-05-29,7.63
2019-05-30,7.63
2019-05-31,7.86
2019-06-03,7.78
2019-06-04,7.67
2019-06-05,7.64
2019-06-06,7.42
2019-06-10,7.53
2019-06-11,7.72
2019-06-12,7.68
2019-06-13,7.64
2019-06-14,7.48
2019-06-17,7.27
2019-06-18,7.2
2019-06-19,7.24
2019-06-20,7.33
2019-06-21,7.53
2019-06-24,7.51
2019-06-25,7.37
2019-06-26,7.49
2019-06-27,7.44
2019-06-28,7.44
2019-07-01,7.61
2019-07-02,7.43
2019-07-03,7.3
2019-07-04,7.31
2019-07-05,7.41
2019-07-08,7.28
2019-07-09,7.24
2019-07-10,7.14
2019-07-11,7.1
2019-07-12,7.13
2019-07-15,7.17
2019-07-16,7.25
2019-07-17,7.23
2019-07-18,7.08
2019-07-19,7.12
2019-07-22,7.02
2019-07-23,7.2
2019-07-24,7.18
2019-07-25,7.12
2019-07-26,7.12
2019-07-29,7.07
2019-07-30,7.24
2019-07-31,7.38
2019-08-01,7.35
2019-08-02,7.35
2019-08-05,7.21
2019-08-06,7.09
2019-08-07,7.16
2019-08-08,7.29
2019-08-09,7.2
2019-08-12,7.17
2019-08-13,7.11
2019-08-14,7.12
2019-08-15,7.08
2019-08-16,7.06
2019-08-19,7.2
2019-08-20,7.26
2019-08-21,7.2
2019-08-22,7.16
2019-08-23,7.09
2019-08-26,7.13
2019-08-27,7.19
2019-08-28,7.13
2019-08-29,7.09
2019-08-30,7.04
2019-09-02,7.14
2019-09-03,7.07
2019-09-04,7.1
2019-09-05,7.48
2019-09-06,7.33
2019-09-09,7.39
2019-09-10,7.35
2019-09-11,7.4
2019-09-12,7.41
2019-09-16,7.37
2019-09-17,7.42
2019-09-18,7.28
2019-09-19,7.3
2019-09-20,7.27
2019-09-23,7.16
2019-09-24,7.14
2019-09-25,7.05
2019-09-26,6.99
2019-09-27,7.0
2019-09-30,7.02
2019-10-08,7.01
2019-10-09,6.98
2019-10-10,7.02
2019-10-11,7.09
2019-10-14,7.26
2019-10-15,7.36
2019-10-16,7.29
2019-10-17,7.38
2019-10-18,7.24
2019-10-21,7.05
2019-10-22,7.1
2019-10-23,7.05
2019-10-24,7.25
2019-10-25,7.21
2019-10-28,7.2
2019-10-29,7.28
2019-10-30,7.07
2019-10-31,7.04
2019-11-01,7.08
2019-11-04,7.19
2019-11-05,7.3
2019-11-06,7.21
2019-11-07,7.31
2019-11-08,7.3
2019-11-11,7.05
2019-11-12,7.07
2019-11-13,7.05
2019-11-14,7.06
2019-11-15,6.92
2019-11-18,6.86
2019-11-19,6.9
2019-11-20,6.77
2019-11-21,6.79
2019-11-22,6.77
2019-11-25,6.85
2019-11-26,6.85
2019-11-27,6.84
2019-11-28,6.79
2019-11-29,6.81
2019-12-02,6.75
2019-12-03,6.75
2019-12-04,6.79
2019-12-05,6.83
2019-12-06,6.83
2019-12-09,6.84
2019-12-10,6.79
2019-12-11,6.74
2019-12-12,6.72
2019-12-13,6.73
2019-12-16,6.76
2019-12-17,6.86
2019-12-18,6.84
2019-12-19,6.92
2019-12-20,6.84
2019-12-23,6.74
2019-12-24,6.79
2019-12-25,6.74
2019-12-26,6.77
2019-12-27,6.76
2019-12-30,6.79
2019-12-31,6.8
2020-01-02,6.86
2020-01-03,6.86
2020-01-06,6.95
2020-01-07,6.99
2020-01-08,6.89
2020-01-09,6.92
2020-01-10,6.87
2020-01-13,6.89
2020-01-14,6.9
2020-01-15,6.81
2020-01-16,6.67
2020-01-17,6.53
2020-01-20,6.56
2020-01-21,6.46
2020-01-22,6.37
2020-01-23,6.13
2020-02-03,5.52
2020-02-04,5.42
2020-02-05,5.76
2020-02-06,5.85
2020-02-07,5.87
2020-02-10,5.9
2020-02-11,5.9
2020-02-12,5.91
2020-02-13,5.86
2020-02-14,5.82
2020-02-17,5.93
2020-02-18,6.01
2020-02-19,5.96
2020-02-20,6.02
2020-02-21,6.06
2020-02-24,5.97
2020-02-25,5.8
2020-02-26,5.74
2020-02-27,5.7
2020-02-28,5.43
2020-03-02,5.57
2020-03-03,5.61
2020-03-04,5.68
2020-03-05,5.88
2020-03-06,5.9
2020-03-09,5.69
2020-03-10,5.76
2020-03-11,5.74
2020-03-12,5.73
2020-03-13,5.7
2020-03-16,5.51
2020-03-17,5.48
2020-03-18,5.46
2020-03-19,5.37
2020-03-20,5.45
2020-03-23,5.37
2020-03-24,5.4
2020-03-25,5.47
2020-03-26,5.4
2020-03-27,5.45
2020-03-30,5.36
2020-03-31,5.39
2020-04-01,5.34
2020-04-02,5.37
2020-04-03,5.35
2020-04-07,5.45
2020-04-08,5.48
2020-04-09,5.48
2020-04-10,5.42
2020-04-13,5.43
2020-04-14,5.47
2020-04-15,5.44
2020-04-16,5.7
2020-04-17,5.58
2020-04-20,5.58
2020-04-21,5.52
2020-04-22,5.5
2020-04-23,5.48
2020-04-24,5.41
2020-04-27,5.4
2020-04-28,5.36
2020-04-29,5.35
2020-04-30,5.45
2020-05-06,5.5
2020-05-07,5.5
2020-05-08,5.53
2020-05-11,5.5
2020-05-12,5.5
2020-05-13,5.5
2020-05-14,5.44
2020-05-15,5.46
2020-05-18,5.67
2020-05-19,5.61
2020-05-20,5.71
2020-05-21,5.65
2020-05-22,5.11
2020-05-25,5.05
2020-05-26,5.02
2020-05-27,5.05
2020-05-28,5.12
2020-05-29,5.1
2020-06-01,5.15
2020-06-02,5.18
2020-06-03,5.15
2020-06-04,5.14
2020-06-05,5.16
2020-06-08,5.15
2020-06-09,5.16
2020-06-10,5.12
2020-06-11,5.05
2020-06-12,5.11
2020-06-15,5.1
2020-06-16,5.15
2020-06-17,5.24
2020-06-18,5.19
2020-06-19,5.22
2020-06-22,5.17
2020-06-23,5.14
2020-06-24,5.12
2020-06-29,5.12
2020-06-30,5.12
2020-07-01,5.14
2020-07-02,5.23
2020-07-03,5.29
2020-07-06,5.53
2020-07-07,5.5
2020-07-08,5.57
2020-07-09,5.75
2020-07-10,5.62
2020-07-13,5.71
2020-07-14,5.71
2020-07-15,5.88
2020-07-16,5.56
2020-07-17,5.51
2020-07-20,5.7
2020-07-21,5.64
2020-07-22,5.6
2020-07-23,5.53
2020-07-24,5.41
2020-07-27,5.38
2020-07-28,5.4
2020-07-29,5.43
2020-07-30,5.42
2020-07-31,5.41
2020-08-03,5.54
2020-08-04,5.59
2020-08-05,5.6
2020-08-06,5.54
2020-08-07,5.43
2020-08-10,5.55
2020-08-11,5.49
2020-08-12,5.45
2020-08-13,5.44
2020-08-14,5.52
2020-08-17,5.57
2020-08-18,5.56
2020-08-19,5.6
2020-08-20,5.61
2020-08-21,5.74
2020-08-24,5.71
2020-08-25,5.81
2020-08-26,5.85
2020-08-27,5.87
2020-08-28,5.94
2020-08-31,5.7
2020-09-01,5.73
2020-09-02,5.63
2020-09-03,5.56
2020-09-04,5.57
2020-09-07,5.52
2020-09-08,5.52
2020-09-09,5.51
2020-09-10,5.38
2020-09-11,5.42
2020-09-14,5.45
2020-09-15,5.45
2020-09-16,5.42
2020-09-17,5.38
2020-09-18,5.42
2020-09-21,5.4
2020-09-22,5.34
2020-09-23,5.33
2020-09-24,5.35
2020-09-25,5.33
2020-09-28,5.23
2020-09-29,5.21
2020-09-30,5.14
2020-10-09,5.21
2020-10-12,5.41
2020-10-13,5.38
2020-10-14,5.36
2020-10-15,5.34
2020-10-16,5.57
2020-10-19,5.48
2020-10-20,5.46
2020-10-21,5.43
2020-10-22,5.47
2020-10-23,5.4
2020-10-26,5.38
2020-10-27,5.3
2020-10-28,5.3
2020-10-29,5.2
2020-10-30,5.12
2020-11-02,5.03
2020-11-03,5.1
2020-11-04,5.09
2020-11-05,5.12
2020-11-06,5.1
2020-11-09,5.16
2020-11-10,5.18
2020-11-11,5.27
2020-11-12,5.21
2020-11-13,5.14
2020-11-16,5.24
2020-11-17,5.22
2020-11-18,5.24
2020-11-19,5.22
2020-11-20,5.29
2020-11-23,5.32
2020-11-24,5.29
2020-11-25,5.2
2020-11-26,5.16
2020-11-27,5.16
2020-11-30,5.16
2020-12-01,5.21
2020-12-02,5.23
2020-12-03,5.28
2020-12-04,5.24
2020-12-07,5.18
2020-12-08,5.14
2020-12-09,5.16
2020-12-10,5.09
2020-12-11,5.04
2020-12-14,5.07
2020-12-15,5.04
2020-12-16,5.03
2020-12-17,5.05
2020-12-18,5.16
2020-12-21,5.09
2020-12-22,4.98
2020-12-23,5.01
2020-12-24,5.15
2020-12-25,5.24
2020-12-28,5.27
2020-12-29,5.1
2020-12-30,5.07
2020-12-31,5.07
2021-01-04,5.03
2021-01-05,5.06
2021-01-06,5.07
2021-01-07,5.01
2021-01-08,5.21
2021-01-11,5.15
2021-01-12,5.15
2021-01-13,5.08
2021-01-14,5.12
2021-01-15,5.24
2021-01-18,5.23
2021-01-19,5.25
2021-01-20,5.25
2021-01-21,5.23
2021-01-22,5.31
2021-01-25,5.39
2021-01-26,5.27
2021-01-27,5.23
2021-01-28,5.18
2021-01-29,5.25
2021-02-01,5.32
2021-02-02,5.34
2021-02-03,5.23
2021-02-04,5.11
2021-02-05,5.05
2021-02-08,5.09
2021-02-09,5.14
2021-02-10,5.11
2021-02-18,5.17
2021-02-19,5.29
2021-02-22,5.33
2021-02-23,5.34
2021-02-24,5.28
2021-02-25,5.22
2021-02-26,5.15
2021-03-01,5.2
2021-03-02,5.36
2021-03-03,5.36
2021-03-04,5.34
2021-03-05,5.5
2021-03-08,5.43
2021-03-09,5.47
2021-03-10,5.32
2021-03-11,5.38
2021-03-12,5.49
2021-03-15,5.47
2021-03-16,5.54
2021-03-17,5.5
2021-03-18,5.59
2021-03-19,5.56
2021-03-22,5.6
2021-03-23,5.57
2021-03-24,5.56
2021-03-25,5.44
2021-03-26,5.45
2021-03-29,5.67
2021-03-30,5.65
2021-03-31,5.72
2021-04-01,5.66
2021-04-02,5.59
2021-04-06,5.6
2021-04-07,5.57
2021-04-08,5.52
2021-04-09,5.47
2021-04-12,5.59
2021-04-13,5.5
2021-04-14,5.56
2021-04-15,5.01
2021-04-16,5.02
2021-04-19,5.02
2021-04-20,4.98
2021-04-21,4.93
2021-04-22,4.92
2021-04-23,4.83
2021-04-26,4.85
2021-04-27,4.79
2021-04-28,4.82
2021-04-29,4.84
2021-04-30,4.84
2021-05-06,4.9
2021-05-07,4.91
2021-05-10,4.89
2021-05-11,4.95
2021-05-12,5.0
2021-05-13,4.93
2021-05-14,5.0
2021-05-17,4.97
2021-05-18,4.91
2021-05-19,4.87
2021-05-20,4.85
2021-05-21,4.88
2021-05-24,4.91
2021-05-25,4.88
2021-05-26,4.9
2021-05-27,4.91
2021-05-28,4.88
2021-05-31,4.96
2021-06-01,4.91
2021-06-02,4.87
2021-06-03,4.9
2021-06-04,4.85
2021-06-07,4.85
2021-06-08,4.86
2021-06-09,4.89
2021-06-10,4.92
2021-06-11,4.92
2021-06-15,4.86
2021-06-16,4.82
2021-06-17,4.7
2021-06-18,4.64
2021-06-21,4.63
2021-06-22,4.67
2021-06-23,4.66
2021-06-24,4.65
2021-06-25,4.67
2021-06-28,4.71
2021-06-29,4.67
2021-06-30,4.65
2021-07-01,4.62
2021-07-02,4.62
2021-07-05,4.63
2021-07-06,4.63
2021-07-07,4.61
2021-07-08,4.56
2021-07-09,4.54
2021-07-12,4.53
2021-07-13,4.64
2021-07-14,4.62
2021-07-15,4.64
2021-07-16,4.67
2021-07-19,4.74
2021-07-20,4.75
2021-07-21,4.73
2021-07-22,4.68
2021-07-23,4.66
2021-07-26,4.58
2021-07-27,4.59
2021-07-28,4.57
2021-07-29,4.6
2021-07-30,4.51
2021-08-02,4.57
2021-08-03,4.84
2021-08-04,4.74
2021-08-05,4.78
2021-08-06,4.74
2021-08-09,4.86
2021-08-10,4.83
2021-08-11,4.81
2021-08-12,4.84
2021-08-13,4.82
2021-08-16,4.95
2021-08-17,4.85
2021-08-18,4.9
2021-08-19,4.85
2021-08-20,4.82
2021-08-23,4.93
2021-08-24,5.42
2021-08-25,5.52
2021-08-26,5.43
2021-08-27,5.36
2021-08-30,5.31
2021-08-31,5.38
2021-09-01,5.37
2021-09-02,5.48
2021-09-03,5.37
2021-09-06,5.45
2021-09-07,5.38
2021-09-08,5.57
2021-09-09,6.13
2021-09-10,6.29
2021-09-13,6.37
2021-09-14,6.21
2021-09-15,6.14
2021-09-16,5.98
2021-09-17,6.01
2021-09-22,6.2
2021-09-23,6.0
2021-09-24,5.87
2021-09-27,5.99
2021-09-28,6.44
2021-09-29,5.81
2021-09-30,5.8
2021-10-08,5.92
2021-10-11,5.54
2021-10-12,5.37
2021-10-13,5.18
2021-10-14,5.25
2021-10-15,5.23
2021-10-18,5.35
2021-10-19,5.36
2021-10-20,5.24
2021-10-21,5.13
2021-10-22,5.0
2021-10-25,5.09
2021-10-26,5.1
2021-10-27,4.99
2021-10-28,4.85
2021-10-29,4.89
2021-11-01,4.88
2021-11-02,4.74
2021-11-03,4.79
2021-11-04,4.88
2021-11-05,4.77
2021-11-08,4.81
2021-11-09,4.79
2021-11-10,4.74
2021-11-11,4.76
2021-11-12,4.7
2021-11-15,4.86
2021-11-16,4.82
2021-11-17,4.99
2021-11-18,4.99
2021-11-19,5.04
2021-11-22,5.04
2021-11-23,4.98
2021-11-24,4.99
2021-11-25,4.97
2021-11-26,4.95
2021-11-29,5.18
2021-11-30,5.4
2021-12-01,5.57
2021-12-02,5.63
2021-12-03,5.82
2021-12-06,6.1
2021-12-07,6.04
2021-12-08,6.05
2021-12-09,6.39
2021-12-10,6.22
2021-12-13,6.18
2021-12-14,6.08
2021-12-15,5.96
2021-12-16,5.95
2021-12-17,5.85
2021-12-20,5.69
2021-12-21,5.66
2021-12-22,5.67
2021-12-23,5.6
2021-12-24,5.55
2021-12-27,5.55
2021-12-28,5.52
2021-12-29,5.47
2021-12-30,5.52
2021-12-31,5.53
2022-01-04,5.61
2022-01-05,5.51
2022-01-06,5.52
2022-01-07,5.56
2022-01-10,5.52
2022-01-11,5.53
2022-01-12,5.57
2022-01-13,5.51
2022-01-14,5.31
2022-01-17,5.3
2022-01-18,5.28
2022-01-19,5.3
2022-01-20,5.2
2022-01-21,5.14
2022-01-24,5.15
2022-01-25,4.97
2022-01-26,5.06
2022-01-27,4.93
2022-01-28,5.01
2022-02-07,5.17
2022-02-08,5.3
2022-02-09,5.33
2022-02-10,5.37
2022-02-11,5.32
2022-02-14,5.21
2022-02-15,5.17
2022-02-16,5.2
2022-02-17,5.24
2022-02-18,5.29
2022-02-21,5.32
2022-02-22,5.41
2022-02-23,5.38
2022-02-24,5.49
2022-02-25,5.37
2022-02-28,5.35
2022-03-01,5.43
2022-03-02,5.52
2022-03-03,5.75
2022-03-04,5.59
2022-03-07,5.46
2022-03-08,5.21
2022-03-09,5.27
2022-03-10,5.24
2022-03-11,5.26
2022-03-14,5.12
2022-03-15,4.79
2022-03-16,5.0
2022-03-17,5.0
2022-03-18,5.07
2022-03-21,5.07
2022-03-22,5.21
2022-03-23,5.17
2022-03-24,5.11
2022-03-25,5.12
2022-03-28,5.16
2022-03-29,5.11
2022-03-30,5.13
2022-03-31,5.16
2022-04-01,5.19
2022-04-06,5.4
2022-04-07,5.23
2022-04-08,5.13
2022-04-11,4.87
2022-04-12,4.91
2022-04-13,4.86
2022-04-14,4.92
2022-04-15,4.91
2022-04-18,4.95
2022-04-19,5.16
2022-04-20,5.1
2022-04-21,4.91
2022-04-22,5.01
2022-04-25,4.3
2022-04-26,4.11
2022-04-27,4.29
2022-04-28,4.24
2022-04-29,4.36
2022-05-05,4.36
2022-05-06,4.3
2022-05-09,4.3
2022-05-10,4.35
2022-05-11,4.3
2022-05-12,4.37
2022-05-13,4.35
2022-05-16,4.33
2022-05-17,4.33
2022-05-18,4.31
2022-05-19,4.33
2022-05-20,4.35
2022-05-23,4.43
2022-05-24,4.31
2022-05-25,4.4
2022-05-26,4.45
2022-05-27,4.44
2022-05-30,4.52
2022-05-31,4.55
2022-06-01,4.57
2022-06-02,4.59
2022-06-06,4.59
2022-06-07,4.58
2022-06-08,4.64
2022-06-09,4.65
2022-06-10,4.79
2022-06-13,4.75
2022-06-14,4.79
2022-06-15,4.75
2022-06-16,4.65
2022-06-17,4.62
2022-06-20,4.65
2022-06-21,4.61
2022-06-22,4.48
2022-06-23,4.52
2022-06-24,4.52
2022-06-27,4.49
2022-06-28,4.55
2022-06-29,4.46
2022-06-30,4.43
2022-07-01,4.44
2022-07-04,4.48
2022-07-05,4.52
2022-07-06,4.44
2022-07-07,4.49
2022-07-08,4.51
2022-07-11,4.46
2022-07-12,4.47
2022-07-13,4.54
2022-07-14,4.52
2022-07-15,4.5
2022-07-18,4.62
2022-07-19,4.64
2022-07-20,4.68
2022-07-21,4.65
2022-07-22,4.67
2022-07-25,4.64
2022-07-26,4.63
2022-07-27,4.83
2022-07-28,4.76
2022-07-29,4.77
2022-08-01,4.77
2022-08-02,4.55
2022-08-03,4.46
2022-08-04,4.55
2022-08-05,4.55
2022-08-08,4.54
2022-08-09,4.65
2022-08-10,4.65
2022-08-11,4.69
2022-08-12,4.8
2022-08-15,4.79
2022-08-16,4.79
2022-08-17,4.83
2022-08-18,4.74
2022-08-19,4.73
2022-08-22,4.75
2022-08-23,5.0
2022-08-24,4.86
2022-08-25,5.17
2022-08-26,5.01
2022-08-29,5.0
2022-08-30,4.89
2022-08-31,4.68
2022-09-01,4.74
2022-09-02,4.75
2022-09-05,5.01
2022-09-06,5.01
2022-09-07,4.97
2022-09-08,4.7
2022-09-09,4.68
2022-09-13,4.57
2022-09-14,4.6
2022-09-15,4.56
2022-09-16,4.38
2022-09-19,4.34
2022-09-20,4.39
2022-09-21,4.47
2022-09-22,4.5
2022-09-23,4.47
2022-09-26,4.29
2022-09-27,4.34
2022-09-28,4.35
2022-09-29,4.4
2022-09-30,4.43
2022-10-10,4.46
2022-10-11,4.51
2022-10-12,4.53
2022-10-13,4.52
2022-10-14,4.5
2022-10-17,4.48
2022-10-18,4.48
2022-10-19,4.4
2022-10-20,4.37
2022-10-21,4.36
2022-10-24,4.3
2022-10-25,4.32
2022-10-26,4.33
2022-10-27,4.29
2022-10-28,4.18
2022-10-31,4.19
2022-11-01,4.25
2022-11-02,4.25
2022-11-03,4.23
2022-11-04,4.29
2022-11-07,4.34
2022-11-08,4.3
2022-11-09,4.3
2022-11-10,4.3
2022-11-11,4.31
2022-11-14,4.31
2022-11-15,4.32
2022-11-16,4.38
2022-11-17,4.36
2022-11-18,4.36
2022-11-21,4.34
2022-11-22,4.35
2022-11-23,4.38
2022-11-24,4.4
2022-11-25,4.43
2022-11-28,4.44
2022-11-29,4.46
2022-11-30,4.53
2022-12-01,4.52
2022-12-02,4.46
2022-12-05,4.53
2022-12-06,4.46
2022-12-07,4.51
2022-12-08,4.55
2022-12-09,4.36
2022-12-12,4.46
2022-12-13,4.42
2022-12-14,4.38
2022-12-15,4.34
2022-12-16,4.34
2022-12-19,4.24
2022-12-20,4.28
2022-12-21,4.25
2022-12-22,4.2
2022-12-23,4.21
2022-12-26,4.25
2022-12-27,4.26
2022-12-28,4.27
2022-12-29,4.25
2022-12-30,4.27
2023-01-03,4.31
2023-01-04,4.29
2023-01-05,4.31
2023-01-06,4.28
2023-01-09,4.3
2023-01-10,4.26
2023-01-11,4.27
2023-01-12,4.27
2023-01-13,4.28
2023-01-16,4.33
2023-01-17,4.31
2023-01-18,4.34
2023-01-19,4.36
2023-01-20,4.39
2023-01-30,4.4
2023-01-31,4.4
2023-02-01,4.44
2023-02-02,4.41
2023-02-03,4.41
2023-02-06,4.42
2023-02-07,4.43
2023-02-08,4.38
2023-02-09,4.41
2023-02-10,4.43
2023-02-13,4.43
2023-02-14,4.45
2023-02-15,4.43
2023-02-16,4.36
2023-02-17,4.35
2023-02-20,4.39
2023-02-21,4.4
2023-02-22,4.41
2023-02-23,4.42
2023-02-24,4.4
2023-02-27,4.38
2023-02-28,4.41
2023-03-01,4.41
2023-03-02,4.44
2023-03-03,4.45
2023-03-06,4.48
2023-03-07,4.48
2023-03-08,4.51
2023-03-09,4.51
2023-03-10,4.49
2023-03-13,4.47
2023-03-14,4.49
2023-03-15,4.56
2023-03-16,4.51
2023-03-17,4.5
2023-03-20,4.47
2023-03-21,4.42
2023-03-22,4.42
2023-03-23,4.38
2023-03-24,4.38
2023-03-27,4.33
2023-03-28,4.34
2023-03-29,4.3
2023-03-30,4.29
2023-03-31,4.35
2023-04-03,4.34
2023-04-04,4.32
2023-04-06,4.33
2023-04-07,4.33
2023-04-10,4.36
2023-04-11,4.34
2023-04-12,4.34
2023-04-13,4.35
2023-04-14,4.38
2023-04-17,4.4
2023-04-18,4.39
2023-04-19,4.37
2023-04-20,4.36
2023-04-21,4.33
2023-04-24,4.33
2023-04-25,4.18
2023-04-26,4.21
2023-04-27,4.26
2023-04-28,4.28
2023-05-04,4.44
2023-05-05,4.44
2023-05-08,4.53
2023-05-09,4.55
2023-05-10,4.54
2023-05-11,4.65
2023-05-12,4.67
2023-05-15,4.66
2023-05-16,4.6
2023-05-17,4.58
2023-05-18,4.58
2023-05-19,4.59
2023-05-22,4.57
2023-05-23,4.55
2023-05-24,4.51
2023-05-25,4.59
2023-05-26,4.59
2023-05-29,4.66
2023-05-30,4.6
2023-05-31,4.56
2023-06-01,4.42
2023-06-02,4.46
2023-06-05,4.45
2023-06-06,4.34
2023-06-07,4.41
2023-06-08,4.4
2023-06-09,4.36
2023-06-12,4.33
2023-06-13,4.32
2023-06-14,4.3
2023-06-15,4.33
2023-06-16,4.37
2023-06-19,4.29
2023-06-20,4.24
2023-06-21,4.25
2023-06-26,4.32
2023-06-27,4.45
2023-06-28,4.64
2023-06-29,4.72
2023-06-30,4.67
2023-07-03,4.64
2023-07-04,4.6
2023-07-05,4.64
2023-07-06,4.65
2023-07-07,4.65
2023-07-10,4.69
2023-07-11,4.65
2023-07-12,4.62
2023-07-13,4.62
2023-07-14,4.61
2023-07-17,4.63
2023-07-18,4.66
2023-07-19,4.66
2023-07-20,4.64
2023-07-21,4.68
2023-07-24,4.66
2023-07-25,4.65
2023-07-26,4.66
2023-07-27,4.64
2023-07-28,4.7
2023-07-31,4.73
2023-08-01,4.78
2023-08-02,4.72
2023-08-03,4.71
2023-08-04,4.63
2023-08-07,4.39
2023-08-08,4.34
2023-08-09,4.34
2023-08-10,4.77
2023-08-11,4.52
2023-08-14,4.46
2023-08-15,4.43
2023-08-16,4.35
2023-08-17,4.4
2023-08-18,4.41
2023-08-21,4.43
2023-08-22,4.45
2023-08-23,4.46
2023-08-24,4.39
2023-08-25,4.46
2023-08-28,4.47
2023-08-29,4.51
2023-08-30,4.44
2023-08-31,4.38
2023-09-01,4.41
2023-09-04,4.48
2023-09-05,4.45
2023-09-06,4.44
2023-09-07,4.4
2023-09-08,4.41
2023-09-11,4.46
2023-09-12,4.44
2023-09-13,4.46
2023-09-14,4.49
2023-09-15,4.45
2023-09-18,4.45
2023-09-19,4.45
2023-09-20,4.44
2023-09-21,4.41
2023-09-22,4.43
2023-09-25,4.43
2023-09-26,4.43
2023-09-27,4.43
2023-09-28,4.47
2023-10-09,4.54
2023-10-10,4.5
2023-10-11,4.38
2023-10-12,4.26
2023-10-13,4.28
2023-10-16,4.37
2023-10-17,4.33
2023-10-18,4.23
2023-10-19,4.22
2023-10-20,4.21
2023-10-23,4.09
2023-10-24,4.24
2023-10-25,4.26
2023-10-26,4.27
2023-10-27,4.33
2023-10-30,4.3
2023-10-31,4.23
2023-11-01,4.25
2023-11-02,4.24
2023-11-03,4.24
2023-11-06,4.24
2023-11-07,4.24
2023-11-08,4.21
2023-11-09,4.19
2023-11-10,4.23
2023-11-13,4.27
2023-11-14,4.24
2023-11-15,4.24
2023-11-16,4.21
2023-11-17,4.21
2023-11-20,4.21
2023-11-21,4.2
2023-11-22,4.19
2023-11-23,4.19
2023-11-24,4.18
2023-11-27,4.15
2023-11-28,4.19
2023-11-29,4.15
2023-11-30,4.17
2023-12-01,4.17
2023-12-04,4.17
2023-12-05,4.11
2023-12-06,4.07
2023-12-07,4.02
2023-12-08,4.06
2023-12-11,4.06
2023-12-12,4.07
2023-12-13,4.09
2023-12-14,4.15
2023-12-15,4.12
2023-12-18,4.07
2023-12-19,4.05
2023-12-20,4.04
2023-12-21,4.01
2023-12-22,3.96
2023-12-25,3.92
2023-12-26,3.91
2023-12-27,3.92
2023-12-28,3.94
2023-12-29,3.93
2024-01-02,3.97
2024-01-03,3.98
2024-01-04,3.98
2024-01-05,3.95
2024-01-08,3.89
2024-01-09,3.92
2024-01-10,3.89
2024-01-11,3.92
2024-01-12,3.93
2024-01-15,3.92
2024-01-16,3.87
2024-01-17,3.82
2024-01-18,3.77
2024-01-19,3.77
2024-01-22,3.62
2024-01-23,3.67
2024-01-24,3.72
2024-01-25,3.81
2024-01-26,3.84
2024-01-29,3.83
2024-01-30,3.77
2024-01-31,3.71
2024-02-01,3.63
2024-02-02,3.59
2024-02-05,3.42
2024-02-06,3.56
2024-02-07,3.54
2024-02-08,3.66
2024-02-19,3.68
2024-02-20,3.67
2024-02-21,3.71
2024-02-22,3.74
2024-02-23,3.79
2024-02-26,3.76
2024-02-27,3.79
2024-02-28,3.72
2024-02-29,3.79
2024-03-01,3.79
2024-03-04,3.79
2024-03-05,3.77
2024-03-06,3.81
2024-03-07,3.8
2024-03-08,3.86
2024-03-11,3.88
2024-03-12,3.89
2024-03-13,3.86
2024-03-14,3.83
2024-03-15,3.82
2024-03-18,3.83
2024-03-19,3.81
2024-03-20,3.81
2024-03-21,3.8
2024-03-22,3.76
2024-03-25,3.71
2024-03-26,3.71
2024-03-27,3.68
2024-03-28,3.69
2024-03-29,3.73
2024-04-01,3.76
2024-04-02,3.8
2024-04-03,3.84
2024-04-08,3.81
2024-04-09,3.85
2024-04-10,3.87
2024-04-11,3.95
2024-04-12,3.86
2024-04-15,3.83
2024-04-16,3.74
2024-04-17,3.81
2024-04-18,3.85
2024-04-19,3.9
2024-04-22,3.87
2024-04-23,3.83
2024-04-24,3.82
2024-04-25,3.86
2024-04-26,3.86
2024-04-29,3.91
2024-04-30,3.78
2024-05-06,3.85
2024-05-07,3.83
2024-05-08,3.83
2024-05-09,3.88
2024-05-10,3.88
2024-05-13,3.95
2024-05-14,3.91
2024-05-15,3.86
2024-05-16,3.87
2024-05-17,3.86
2024-05-20,3.9
2024-05-21,3.88
2024-05-22,3.86
2024-05-23,3.81
2024-05-24,3.83
2024-05-27,3.86
2024-05-28,3.84
2024-05-29,3.83
2024-05-30,3.79
2024-05-31,3.78
2024-06-03,3.72
2024-06-04,3.74
2024-06-05,3.69
2024-06-06,3.6
2024-06-07,3.61
2024-06-11,3.54
2024-06-12,3.56
2024-06-13,3.49
2024-06-14,3.52
2024-06-17,3.55
2024-06-18,3.42
2024-06-19,3.4
2024-06-20,3.36
2024-06-21,3.36
2024-06-24,3.31
2024-06-25,3.33
2024-06-26,3.39
2024-06-27,3.35
2024-06-28,3.37
2024-07-01,3.38
2024-07-02,3.39
2024-07-03,3.37
2024-07-04,3.34
2024-07-05,3.37
2024-07-08,3.33
2024-07-09,3.32
2024-07-10,3.27
2024-07-11,3.33
2024-07-12,3.32
2024-07-15,3.31
2024-07-16,3.31
2024-07-17,3.3
2024-07-18,3.29
2024-07-19,3.31
2024-07-22,3.32
2024-07-23,3.32
2024-07-24,3.33
2024-07-25,3.37
2024-07-26,3.38
2024-07-29,3.4
2024-07-30,3.43
2024-07-31,3.46
2024-08-01,3.43
2024-08-02,3.39
2024-08-05,3.36
2024-08-06,3.39
2024-08-07,3.38
2024-08-08,3.38
2024-08-09,3.39
2024-08-12,3.41
2024-08-13,3.43
2024-08-14,3.42
2024-08-15,3.42
2024-08-16,3.39
2024-08-19,3.39
2024-08-20,3.33
2024-08-21,3.3
2024-08-22,3.29
2024-08-23,3.25
2024-08-26,3.26
2024-08-27,3.21
2024-08-28,3.22
2024-08-29,3.22
2024-08-30,3.25
2024-09-02,3.23
2024-09-03,3.24
2024-09-04,3.22
2024-09-05,3.23
2024-09-06,3.24
2024-09-09,3.23
2024-09-10,3.23
2024-09-11,3.2
2024-09-12,3.22
2024-09-13,3.22
2024-09-18,3.22
2024-09-19,3.26
2024-09-20,3.25
2024-09-23,3.25
2024-09-24,3.32
2024-09-25,3.34
2024-09-26,3.4
2024-09-27,3.47
2024-09-30,3.71
2024-10-08,3.85
2024-10-09,3.49
2024-10-10,3.51
2024-10-11,3.44
2024-10-14,3.47
2024-10-15,3.45
2024-10-16,3.52
2024-10-17,3.46
2024-10-18,3.5
2024-10-21,3.5
2024-10-22,3.53
2024-10-23,3.54
2024-10-24,3.55
2024-10-25,3.48
2024-10-28,3.57
2024-10-29,3.49
2024-10-30,3.5
2024-10-31,3.51
2024-11-01,3.51
2024-11-04,3.56
2024-11-05,3.62
2024-11-06,3.67
2024-11-07,3.78
2024-11-08,3.71
2024-11-11,3.71
2024-11-12,3.66
2024-11-13,3.64
2024-11-14,3.54
2024-11-15,3.52
2024-11-18,3.57
2024-11-19,3.61
2024-11-20,3.67
2024-11-21,3.66
2024-11-22,3.59
2024-11-25,3.65
2024-11-26,3.59
2024-11-27,3.62
2024-11-28,3.65
2024-11-29,3.66
2024-12-02,3.74
2024-12-03,3.74
2024-12-04,3.69
2024-12-05,3.67
2024-12-06,3.75
2024-12-09,3.75
2024-12-10,3.72
2024-12-11,3.77
2024-12-12,3.82
2024-12-13,3.7
2024-12-16,3.76
2024-12-17,3.65
2024-12-18,3.63
2024-12-19,3.57
2024-12-20,3.57
2024-12-23,3.5
2024-12-24,3.52
2024-12-25,3.49
2024-12-26,3.48
2024-12-27,3.54
2024-12-30,3.5
2024-12-31,3.5
2025-01-02,3.4
2025-01-03,3.34
2025-01-06,3.36
2025-01-07,3.35
2025-01-08,3.34
2025-01-09,3.32
2025-01-10,3.27
2025-01-13,3.25
2025-01-14,3.33
2025-01-15,3.3
2025-01-16,3.33
2025-01-17,3.31
2025-01-20,3.29
2025-01-21,3.28
2025-01-22,3.27
2025-01-23,3.29
2025-01-24,3.3
2025-01-27,3.33
2025-02-05,3.31
2025-02-06,3.31
2025-02-07,3.33
2025-02-10,3.35
2025-02-11,3.36
2025-02-12,3.34
2025-02-13,3.34
2025-02-14,3.32
2025-02-17,3.34
2025-02-18,3.29
2025-02-19,3.29
2025-02-20,3.31
2025-02-21,3.3
2025-02-24,3.32
2025-02-25,3.3
2025-02-26,3.34
2025-02-27,3.34
2025-02-28,3.32
2025-03-03,3.32
2025-03-04,3.32
2025-03-05,3.3
2025-03-06,3.3
2025-03-07,3.3
2025-03-10,3.32
2025-03-11,3.34
2025-03-12,3.34
2025-03-13,3.39
2025-03-14,3.39
2025-03-17,3.41
2025-03-18,3.4
2025-03-19,3.4
2025-03-20,3.42
2025-03-21,3.43
2025-03-24,3.41
2025-03-25,3.42
2025-03-26,3.44
2025-03-27,3.4
2025-03-28,3.38
2025-03-31,3.34
2025-04-01,3.43
2025-04-02,3.39
2025-04-03,3.42
2025-04-07,3.15
2025-04-08,3.25
2025-04-09,3.25
2025-04-10,3.26
2025-04-11,3.23
2025-04-14,3.26
2025-04-15,3.29
2025-04-16,3.27
2025-04-17,3.28
2025-04-18,3.27
2025-04-21,3.28
2025-04-22,3.29
2025-04-23,3.47
2025-04-24,3.58
2025-04-25,3.55
2025-04-28,3.53
2025-04-29,3.47
2025-04-30,3.39
2025-05-06,3.55
2025-05-07,3.51
2025-05-08,3.5
2025-05-09,3.54
2025-05-12,3.49
2025-05-13,3.5
2025-05-14,3.51
2025-05-15,3.5
2025-05-16,3.49
2025-05-19,3.55
2025-05-20,3.53
2025-05-21,3.58
2025-05-22,3.53
2025-05-23,3.51
2025-05-26,3.52
2025-05-27,3.4
2025-05-28,3.44
2025-05-29,3.45
2025-05-30,3.41
2025-06-03,3.4
2025-06-04,3.44
2025-06-05,3.41
2025-06-06,3.44
2025-06-09,3.46
2025-06-10,3.45
2025-06-11,3.45
2025-06-12,3.44
2025-06-13,3.43
2025-06-16,3.49
2025-06-17,3.56
2025-06-18,3.51
2025-06-19,3.56
2025-06-20,3.53
2025-06-23,3.59
2025-06-24,3.54
2025-06-25,3.53
2025-06-26,3.5
2025-06-27,3.51
2025-06-30,3.51
2025-07-01,3.5
2025-07-02,3.52
2025-07-03,3.52
2025-07-04,3.53
2025-07-07,3.64
2025-07-08,3.64
2025-07-09,3.65
2025-07-10,3.68
2025-07-11,3.64
2025-07-14,3.68
2025-07-15,3.61
2025-07-16,3.64
2025-07-17,3.64
2025-07-18,3.64
2025-07-21,3.7
2025-07-22,3.71
2025-07-23,3.7
2025-07-24,3.73
2025-07-25,3.69
2025-07-28,3.68
2025-07-29,3.67
2025-07-30,3.67
2025-07-31,3.61
2025-08-01,3.65
2025-08-04,3.68
2025-08-05,3.71
2025-08-06,3.68
2025-08-07,3.69
2025-08-08,3.74
2025-08-11,3.73
2025-08-12,3.75
2025-08-13,3.74
2025-08-14,3.7
2025-08-15,3.71
2025-08-18,3.69
2025-08-19,3.72
2025-08-20,3.73
2025-08-21,3.77
2025-08-22,3.77
2025-08-25,3.79
2025-08-26,3.84
2025-08-27,3.74
2025-08-28,3.76
2025-08-29,3.71
2025-09-01,3.87
2025-09-02,3.84
2025-09-03,3.79
2025-09-04,3.82
2025-09-05,3.8
2025-09-08,3.85
2025-09-09,3.88
2025-09-10,3.87
2025-09-11,3.89
2025-09-12,3.81
2025-09-15,3.82
2025-09-16,3.87
2025-09-17,3.9
2025-09-18,3.79
2025-09-19,3.9
2025-09-22,3.93
2025-09-23,3.88
2025-09-24,3.95
2025-09-25,3.9
2025-09-26,3.9
2025-09-29,3.87
2025-09-30,3.81
2025-10-09,3.83
2025-10-10,3.92
2025-10-13,3.95
2025-10-14,3.99
2025-10-15,3.99
2025-10-16,3.95
2025-10-17,4.15
2025-10-20,4.57
2025-10-21,5.03
2025-10-22,5.16
2025-10-23,5.09
2025-10-24,4.58
2025-10-27,4.4
2025-10-28,4.29
2025-10-29,4.33
2025-10-30,4.42
2025-10-31,4.22
2025-11-03,4.64
2025-11-04,4.82
2025-11-05,4.68
2025-11-06,4.62
2025-11-07,4.63
2025-11-10,4.53
2025-11-11,4.98
2025-11-12,5.48
2025-11-13,5.29
2025-11-14,5.43
2025-11-17,5.11
2025-11-18,4.84
2025-11-19,4.69
2025-11-20,4.57
2025-11-21,4.31
2025-11-24,4.25
2025-11-25,4.36
2025-11-26,4.28
2025-11-27,4.21
2025-11-28,4.26
2025-12-01,4.32
2025-12-02,4.32
2025-12-03,4.42
2025-12-04,4.33
2025-12-05,4.26
2025-12-08,4.26
2025-12-09,4.12
2025-12-10,4.14
2025-12-11,4.02
2025-12-12,4.02
2025-12-15,4.03
2025-12-16,3.95
2025-12-17,4.02
2025-12-18,4.02
2025-12-19,4.09
2025-12-22,4.14
2025-12-23,4.1
2025-12-24,4.1
2025-12-25,4.19
2025-12-26,4.11
2025-12-29,4.1
2025-12-30,4.08
2025-12-31,4.32
2026-01-05,4.37
2026-01-06,4.29
2026-01-07,4.25
2026-01-08,4.23
2026-01-09,4.26
2026-01-12,4.22
2026-01-13,4.18
2026-01-14,4.17
2026-01-15,4.1
2026-01-16,4.05
2026-01-19,4.17
2026-01-20,4.18
2026-01-21,4.17
2026-01-22,4.29
2026-01-23,4.28
2026-01-26,4.3
2026-01-27,4.18
2026-01-28,4.25
2026-01-29,4.3
2026-01-30,4.34
2026-02-02,4.13
2026-02-03,4.15
2026-02-04,4.24
2026-02-05,4.12
2026-02-06,4.15
2026-02-09,4.18
2026-02-10,4.19
2026-02-11,4.22
2026-02-12,4.13
2026-02-13,4.04
2026-02-24,4.22
2026-02-25,4.25
2026-02-26,4.19
2026-02-27,4.29
2026-03-02,4.33
2026-03-03,4.76
2026-03-04,4.68
2026-03-05,4.55
2026-03-06,4.53
2026-03-09,4.49
2026-03-10,4.39
2026-03-11,4.39
2026-03-12,4.55
2026-03-13,4.49
2026-03-16,4.4
2026-03-17,4.33
2026-03-18,4.32
2026-03-19,4.55
2026-03-20,4.57
2026-03-23,4.73
2026-03-24,4.96
2026-03-25,4.84
2026-03-26,5.09
2026-03-27,4.86
2026-03-30,4.52
2026-03-31,4.42
2026-04-01,4.38
2026-04-02,4.45
2026-04-03,4.11
2026-04-07,4.15
2026-04-08,4.17
2026-04-09,4.09
2026-04-10,4.11
