date,open,close,high,low
2011-04-21,38.0,36.1,38.0,35.68
2011-04-22,37.2,36.05,37.5,36.05
2011-04-25,35.0,35.02,35.42,34.4
2011-04-26,34.13,33.45,34.77,33.45
2011-04-27,33.3,33.8,34.1,33.3
2011-04-28,33.56,32.11,33.85,32.0
2011-04-29,32.11,31.9,32.8,31.77
2011-05-03,32.19,32.08,32.28,31.5
2011-05-04,32.0,31.31,32.0,31.2
2011-05-05,31.32,31.55,31.84,31.0
2011-05-06,31.12,32.25,32.54,31.1
2011-05-09,32.33,32.02,32.4,31.94
2011-05-10,32.25,32.1,32.37,31.78
2011-05-11,32.0,32.86,32.91,32.0
2011-05-12,32.55,32.7,33.19,32.51
2011-05-13,32.66,33.5,33.58,32.66
2011-05-16,33.21,33.98,34.38,33.21
2011-05-17,33.68,33.83,34.18,33.4
2011-05-18,33.68,33.1,33.68,32.85
2011-05-19,33.1,33.19,33.91,33.09
2011-05-20,33.14,33.24,33.68,33.02
2011-05-23,33.1,32.46,33.74,32.45
2011-05-24,32.33,33.35,33.65,32.06
2011-05-25,33.36,32.12,33.37,31.8
2011-05-26,32.15,32.1,32.75,32.01
2011-05-27,32.1,32.18,32.37,31.76
2011-05-30,31.97,31.9,32.23,31.33
2011-05-31,31.92,32.42,32.58,31.92
2011-06-01,31.88,32.6,32.73,31.77
2011-06-02,32.1,32.0,32.29,31.55
2011-06-03,32.0,32.34,32.42,31.81
2011-06-07,32.5,33.0,33.25,32.35
2011-06-08,33.0,33.01,33.08,32.6
2011-06-09,32.71,33.2,33.59,32.71
2011-06-10,33.0,33.25,33.49,32.45
2011-06-13,32.81,32.1,33.23,31.88
2011-06-14,31.97,31.98,32.3,31.7
2011-06-15,31.95,29.68,31.96,29.57
2011-06-16,29.5,28.7,29.8,28.65
2011-06-17,28.33,28.39,28.87,28.2
2011-06-20,27.95,27.12,28.3,26.8
2011-06-21,27.45,27.57,27.63,26.85
2011-06-22,27.33,27.57,27.75,27.31
2011-06-23,27.49,28.4,28.65,27.48
2011-06-24,28.01,28.9,28.98,28.01
2011-06-27,29.05,30.16,30.18,29.05
2011-06-28,29.97,30.0,30.12,29.8
2011-06-29,30.0,30.12,30.4,29.7
2011-06-30,30.12,30.28,30.47,30.12
2011-07-01,30.38,30.11,30.4,30.0
2011-07-04,30.22,30.53,30.63,30.08
2011-07-05,30.53,30.81,30.92,30.5
2011-07-06,30.76,30.95,30.98,30.5
2011-07-07,31.29,31.7,31.8,31.21
2011-07-08,31.6,31.85,32.28,31.5
2011-07-11,32.15,31.67,32.33,31.56
2011-07-12,31.23,31.1,31.66,30.89
2011-07-13,30.71,31.5,31.61,30.71
2011-07-14,31.5,31.8,31.9,31.5
2011-07-15,31.88,32.76,32.8,31.7
2011-07-18,33.0,33.35,34.0,33.0
2011-07-19,33.33,32.4,33.33,32.38
2011-07-20,32.33,31.31,32.98,31.08
2011-07-21,31.9,31.43,31.9,31.16
2011-07-22,31.37,31.54,31.78,31.37
2011-07-25,31.6,30.68,31.75,30.05
2011-07-26,30.65,30.25,30.69,29.25
2011-07-27,30.18,31.06,31.25,29.6
2011-07-28,30.42,31.2,31.2,30.42
2011-07-29,31.19,31.66,32.16,30.9
2011-08-01,31.9,31.94,32.28,31.48
2011-08-02,31.85,31.39,32.29,30.51
2011-08-03,29.6,30.77,31.27,29.6
2011-08-04,30.6,29.9,31.0,29.85
2011-08-05,29.0,28.9,29.31,28.6
2011-08-08,28.01,27.7,28.75,26.36
2011-08-09,26.61,27.95,28.29,26.61
2011-08-10,28.7,28.52,28.78,28.38
2011-08-11,27.86,29.71,29.95,27.85
2011-08-12,29.73,30.23,30.55,29.73
2011-08-15,30.11,30.76,31.31,30.08
2011-08-16,31.0,30.09,31.18,30.0
2011-08-17,30.03,30.4,30.65,29.9
2011-08-18,30.18,30.46,31.43,30.18
2011-08-19,30.0,30.03,30.19,29.6
2011-08-22,29.6,28.5,29.88,28.5
2011-08-23,28.4,30.29,30.43,28.4
2011-08-24,30.38,30.69,31.47,29.98
2011-08-25,31.0,30.85,31.15,30.0
2011-08-26,30.85,31.53,31.77,30.5
2011-08-29,31.45,31.8,32.13,31.2
2011-08-30,31.75,30.25,31.88,30.2
2011-08-31,30.15,29.7,30.38,29.07
2011-09-01,29.77,29.29,29.91,29.25
2011-09-02,29.23,28.98,29.48,28.87
2011-09-05,28.69,28.04,28.78,27.96
2011-09-07,28.15,28.53,28.75,27.8
2011-09-08,28.59,27.61,28.77,27.51
2011-09-09,27.5,27.68,27.85,27.27
2011-09-13,27.48,26.99,27.48,26.8
2011-09-14,27.29,27.34,27.35,26.68
2011-09-15,27.45,27.6,27.78,27.37
2011-09-16,27.61,27.41,27.9,27.38
2011-09-19,27.12,26.65,27.2,26.65
2011-09-20,26.65,26.61,26.85,26.48
2011-09-21,26.64,27.56,27.59,26.57
2011-09-22,27.2,26.59,27.44,26.59
2011-09-23,26.18,26.32,26.5,25.96
2011-09-26,26.3,26.1,26.5,25.85
2011-09-27,26.26,26.21,26.49,26.02
2011-09-28,26.39,26.0,26.49,25.86
2011-09-29,25.9,25.31,25.9,25.3
2011-09-30,25.18,25.4,25.59,25.16
2011-10-10,25.74,25.1,25.75,25.03
2011-10-11,25.65,24.85,25.68,24.5
2011-10-12,24.7,25.59,25.7,24.21
2011-10-13,25.6,25.8,26.0,25.4
2011-10-14,25.8,25.66,25.86,25.4
2011-10-17,25.86,25.99,26.1,25.76
2011-10-18,25.79,25.22,25.97,25.21
2011-10-19,25.3,24.51,25.39,24.48
2011-10-20,24.5,24.0,24.68,23.75
2011-10-21,23.99,23.06,24.0,23.0
2011-10-24,23.09,23.3,23.39,22.76
2011-10-25,23.26,23.9,23.93,23.08
2011-10-26,23.46,23.75,23.98,23.2
2011-10-27,23.71,23.83,24.18,23.61
2011-10-28,24.07,24.44,24.45,23.75
2011-10-31,24.44,24.62,24.74,24.21
2011-11-01,24.43,24.5,24.7,24.31
2011-11-02,24.3,25.09,25.27,23.81
2011-11-03,25.26,25.16,26.07,25.1
2011-11-04,25.26,25.33,25.44,25.03
2011-11-07,25.32,25.35,25.62,25.15
2011-11-08,25.42,25.08,25.48,24.76
2011-11-09,25.17,25.32,25.41,24.9
2011-11-10,25.11,25.78,26.4,24.9
2011-11-11,26.09,26.86,28.36,25.82
2011-11-14,27.0,27.7,27.88,26.33
2011-11-15,27.58,27.83,28.13,27.2
2011-11-16,27.8,27.27,28.3,27.25
2011-11-17,27.2,28.28,28.59,27.2
2011-11-18,28.1,27.46,28.48,27.3
2011-11-21,27.35,26.47,27.46,25.75
2011-11-22,26.0,26.39,26.65,25.7
2011-11-23,26.4,26.52,26.78,26.35
2011-11-24,26.41,26.54,26.7,25.83
2011-11-25,26.27,26.32,26.85,26.2
2011-11-28,26.45,26.45,26.75,25.8
2011-11-29,26.46,26.73,26.73,26.27
2011-11-30,26.73,24.91,26.8,24.4
2011-12-01,25.8,25.2,25.96,25.0
2011-12-02,25.08,23.9,25.13,23.9
2011-12-05,23.92,23.75,24.25,23.21
2011-12-06,23.68,23.86,24.1,23.5
2011-12-07,24.0,24.21,24.25,23.7
2011-12-08,24.18,24.09,24.5,23.53
2011-12-09,23.99,23.99,24.18,23.72
2011-12-12,24.05,23.6,24.05,23.52
2011-12-13,23.5,22.54,23.5,22.13
2011-12-14,22.44,21.91,22.6,21.87
2011-12-15,22.05,21.8,22.27,21.6
2011-12-16,21.75,22.48,22.48,21.64
2011-12-19,22.06,22.9,22.9,21.8
2011-12-20,22.67,22.53,23.0,22.5
2011-12-21,22.71,21.94,22.88,21.94
2011-12-22,21.6,21.4,21.86,20.98
2011-12-23,21.26,21.45,21.71,21.26
2011-12-26,21.45,21.15,21.8,21.15
2011-12-27,21.01,20.23,21.25,20.18
2011-12-28,20.36,19.92,20.36,19.52
2011-12-29,19.72,19.94,20.07,19.71
2011-12-30,19.99,20.17,20.38,19.99
2012-01-04,20.3,20.2,20.58,20.16
2012-01-05,19.99,18.69,19.99,18.55
2012-01-06,18.8,18.69,18.87,18.08
2012-01-09,18.46,19.5,19.57,18.32
2012-01-10,19.75,20.15,20.28,19.35
2012-01-11,20.26,20.17,20.4,19.88
2012-01-12,19.84,20.02,20.44,19.7
2012-01-13,19.85,19.04,20.16,19.0
2012-01-16,18.6,18.3,18.88,18.08
2012-01-17,18.3,19.1,19.2,18.15
2012-01-18,19.09,18.39,19.2,18.2
2012-01-19,18.36,19.1,19.56,18.36
2012-01-20,18.9,19.4,19.4,18.83
2012-01-30,19.41,19.37,19.88,19.25
2012-01-31,19.25,19.38,19.45,19.18
2012-02-01,19.3,19.44,19.59,19.16
2012-02-02,19.44,19.28,19.44,18.75
2012-02-03,19.28,19.7,19.79,19.06
2012-02-06,19.8,19.77,19.82,19.53
2012-02-07,19.75,19.18,19.75,19.03
2012-02-08,19.23,19.63,19.68,19.14
2012-02-09,19.62,19.91,20.18,19.55
2012-02-10,20.1,19.86,20.1,19.76
2012-02-13,19.71,20.29,20.45,19.66
2012-02-14,20.29,20.1,20.38,20.0
2012-02-15,20.15,20.59,20.6,20.06
2012-02-16,20.53,20.68,20.87,20.34
2012-02-17,20.86,21.16,21.29,20.63
2012-02-20,21.38,21.07,21.4,20.87
2012-02-21,20.97,21.4,21.4,20.8
2012-02-22,21.4,21.97,21.97,21.23
2012-02-23,22.07,22.98,23.26,22.07
2012-02-24,22.99,22.93,22.99,22.52
2012-02-27,22.93,22.63,22.93,22.55
2012-02-28,22.35,22.13,22.55,21.89
2012-02-29,22.15,21.61,22.26,21.61
2012-03-01,21.55,21.67,21.92,21.5
2012-03-02,21.7,22.09,22.16,21.67
2012-03-05,22.15,21.6,22.24,21.6
2012-03-06,21.55,21.25,21.8,21.17
2012-03-07,21.26,21.44,21.49,21.1
2012-03-08,21.44,21.54,21.95,21.43
2012-03-09,21.52,22.1,22.13,21.52
2012-03-12,22.11,22.21,22.3,21.81
2012-03-13,22.26,22.33,22.38,22.11
2012-03-14,22.48,21.51,22.88,21.38
2012-03-15,21.41,21.23,21.59,20.9
2012-03-16,21.11,21.61,21.64,21.11
2012-03-19,21.61,22.29,22.29,21.31
2012-03-20,22.2,21.63,22.2,21.5
2012-03-21,21.66,21.35,21.72,21.15
2012-03-22,21.35,21.31,21.53,21.2
2012-03-23,21.26,20.98,21.35,20.98
2012-03-26,21.19,20.93,21.19,20.5
2012-03-27,20.93,20.78,21.03,20.78
2012-03-28,20.7,19.47,20.7,19.4
2012-03-29,19.59,19.04,19.59,18.9
2012-03-30,18.94,19.01,19.25,18.9
2012-04-05,19.05,19.93,19.95,19.05
2012-04-06,19.41,19.49,19.58,19.1
2012-04-09,19.38,19.08,19.4,19.08
2012-04-10,19.0,19.09,19.22,18.7
2012-04-11,18.99,19.3,19.42,18.8
2012-04-12,19.45,19.73,19.8,19.21
2012-04-13,19.87,19.88,19.97,19.66
2012-04-16,19.8,19.68,19.82,19.58
2012-04-17,19.65,19.68,20.07,19.61
2012-04-18,19.7,20.0,20.05,19.54
2012-04-19,20.01,20.31,20.56,20.01
2012-04-20,20.2,20.53,20.68,20.18
2012-04-23,20.46,19.84,20.6,19.81
2012-04-24,19.9,19.68,20.29,19.1
2012-04-25,19.71,20.2,20.2,19.54
2012-04-26,20.37,20.57,21.28,20.35
2012-05-02,20.49,20.79,20.99,20.49
2012-05-03,20.79,20.94,20.97,20.5
2012-05-04,20.88,21.5,21.54,20.71
2012-05-07,21.49,21.6,21.76,21.41
2012-05-08,21.75,21.58,22.05,21.46
2012-05-09,21.44,21.36,21.73,21.32
2012-05-10,21.25,21.51,21.96,21.25
2012-05-11,21.5,20.97,21.5,20.9
2012-05-14,21.15,20.91,21.18,20.91
2012-05-15,20.98,21.25,21.25,20.75
2012-05-16,21.11,21.01,21.35,20.85
2012-05-17,20.88,20.98,21.23,20.6
2012-05-18,20.7,20.61,21.05,20.6
2012-05-21,20.87,20.43,20.87,20.37
2012-05-22,20.47,20.68,20.7,20.35
2012-05-23,20.52,20.93,21.2,20.52
2012-05-24,20.94,21.2,21.49,20.63
2012-05-25,21.34,20.83,21.34,20.8
2012-05-28,20.6,20.58,20.75,20.3
2012-05-29,20.58,20.65,20.8,20.45
2012-05-30,20.55,20.5,20.68,20.41
2012-05-31,20.49,20.2,20.51,20.0
2012-06-01,20.22,20.16,20.44,20.12
2012-06-04,20.0,19.65,20.1,19.62
2012-06-05,19.5,19.76,19.9,19.5
2012-06-06,19.6,19.66,19.86,19.58
2012-06-07,19.86,19.63,19.87,19.6
2012-06-08,19.77,19.48,19.77,19.46
2012-06-11,19.48,19.83,19.86,19.3
2012-06-12,19.85,20.11,20.14,19.78
2012-06-13,20.15,20.32,20.35,20.01
2012-06-14,20.0,20.61,20.84,20.0
2012-06-15,20.75,20.87,21.16,20.64
2012-06-18,20.95,21.1,21.5,20.81
2012-06-19,21.0,21.24,21.3,20.76
2012-06-20,21.3,20.96,21.3,20.78
2012-06-21,20.88,20.55,20.88,20.54
2012-06-25,20.5,19.63,20.5,19.55
2012-06-26,19.55,19.57,19.68,19.39
2012-06-27,19.57,20.04,20.15,19.57
2012-06-28,20.04,20.14,20.47,19.83
2012-06-29,20.1,20.49,20.49,19.93
2012-07-02,20.54,21.86,22.09,20.35
2012-07-03,21.63,21.76,22.2,21.63
2012-07-04,21.95,22.37,22.68,21.8
2012-07-05,22.42,22.05,22.6,21.91
2012-07-06,22.08,22.66,22.77,21.5
2012-07-09,22.55,22.36,22.85,22.27
2012-07-10,22.33,21.63,22.33,21.61
2012-07-11,21.6,21.51,21.73,21.21
2012-07-12,21.58,22.4,22.48,21.45
2012-07-13,22.43,22.01,22.57,21.6
2012-07-16,22.2,22.22,22.64,21.7
2012-07-17,22.0,22.6,22.63,21.42
2012-07-18,22.57,22.75,22.81,22.01
2012-07-19,22.75,22.46,23.1,22.36
2012-07-20,22.29,21.76,22.7,21.76
2012-07-23,21.77,22.28,22.75,21.75
2012-07-24,22.5,22.3,22.59,22.06
2012-07-25,22.31,22.41,22.75,22.09
2012-07-26,22.31,22.58,22.95,22.24
2012-07-27,22.65,21.6,22.7,21.5
2012-07-30,21.33,20.9,21.59,20.83
2012-07-31,20.9,20.79,21.14,20.62
2012-08-01,20.9,20.68,21.15,20.47
2012-08-02,20.59,20.68,20.83,20.51
2012-08-03,20.68,21.18,21.24,20.61
2012-08-06,21.2,22.02,22.14,21.0
2012-08-07,22.0,22.14,22.44,21.95
2012-08-08,21.9,21.95,22.19,21.65
2012-08-09,21.95,22.4,22.55,21.6
2012-08-10,22.38,22.45,22.55,21.95
2012-08-13,22.35,21.8,22.75,21.8
2012-08-14,21.66,22.35,22.38,21.52
2012-08-15,22.02,23.8,24.5,22.02
2012-08-16,23.46,22.95,23.52,22.65
2012-08-17,22.9,22.46,22.95,22.2
2012-08-20,22.5,23.34,23.42,22.25
2012-08-21,23.18,24.0,24.17,22.81
2012-08-22,24.05,23.96,24.2,23.6
2012-08-23,23.96,24.16,24.48,23.7
2012-08-24,23.16,22.79,23.64,22.6
2012-08-27,22.59,21.9,22.59,21.83
2012-08-28,21.73,22.26,22.48,21.73
2012-08-29,22.09,22.6,22.8,22.0
2012-08-30,22.3,21.47,22.7,21.38
2012-08-31,21.38,21.47,21.7,21.23
2012-09-03,21.29,21.61,22.33,21.0
2012-09-04,21.61,21.34,21.91,21.34
2012-09-05,21.18,21.43,21.55,21.17
2012-09-06,21.56,21.57,21.65,21.29
2012-09-07,21.69,22.32,22.47,21.69
2012-09-10,22.34,22.89,23.0,22.33
2012-09-11,22.75,22.48,22.75,22.34
2012-09-12,22.57,22.8,22.84,22.36
2012-09-13,22.87,22.39,22.89,22.39
2012-09-14,22.58,21.79,22.77,21.59
2012-09-17,21.86,20.39,21.86,20.39
2012-09-18,20.24,20.37,20.54,20.21
2012-09-19,20.3,20.52,20.73,20.28
2012-09-20,20.52,19.68,20.52,19.58
2012-09-21,19.6,19.34,19.78,19.34
2012-09-24,19.32,19.34,19.44,19.03
2012-09-25,19.42,19.0,19.47,18.8
2012-09-26,19.18,18.79,19.18,18.58
2012-09-27,18.7,19.11,19.18,18.6
2012-09-28,19.11,19.37,19.37,19.0
2012-10-08,19.39,19.28,19.49,19.13
2012-10-09,19.28,19.66,19.9,19.28
2012-10-10,19.61,19.84,19.84,19.51
2012-10-11,19.67,19.42,19.88,19.36
2012-10-12,19.52,19.28,19.63,19.16
2012-10-15,19.3,19.43,19.54,19.3
2012-10-16,19.56,20.01,20.24,19.48
2012-10-17,20.18,20.48,20.98,20.11
2012-10-18,20.49,20.52,20.75,20.31
2012-10-19,20.5,20.23,20.52,20.21
2012-10-22,20.1,20.37,20.5,20.1
2012-10-23,20.43,20.11,20.43,20.11
2012-10-24,20.0,19.71,20.14,19.68
2012-10-25,19.73,19.52,19.92,19.51
2012-10-26,19.52,19.0,19.6,18.88
2012-10-29,19.0,18.76,19.1,18.51
2012-10-30,18.72,18.81,19.03,18.72
2012-10-31,18.84,18.96,19.0,18.71
2012-11-01,19.0,19.23,19.27,18.97
2012-11-02,19.18,19.31,19.34,19.12
2012-11-05,19.38,18.93,19.38,18.9
2012-11-06,18.91,18.92,19.05,18.64
2012-11-07,18.92,18.68,18.95,18.68
2012-11-08,18.49,17.81,18.5,17.81
2012-11-09,17.8,17.62,17.99,17.56
2012-11-12,17.62,17.77,17.87,17.62
2012-11-13,17.76,17.37,17.76,17.37
2012-11-14,17.37,17.44,17.55,17.19
2012-11-15,17.28,17.19,17.7,17.19
2012-11-16,17.2,17.29,17.36,17.12
2012-11-19,17.38,17.54,17.62,17.21
2012-11-20,17.62,17.43,17.62,17.41
2012-11-21,17.51,17.42,17.58,17.01
2012-11-22,17.4,17.5,17.69,17.05
2012-11-23,17.45,17.43,17.59,17.36
2012-11-26,17.45,17.25,17.45,17.13
2012-11-27,17.16,16.53,17.16,16.42
2012-11-28,16.45,16.24,16.45,16.18
2012-11-29,16.18,16.05,16.44,15.96
2012-11-30,16.03,15.98,16.25,15.86
2012-12-03,16.05,15.2,16.05,15.18
2012-12-04,15.03,15.32,15.33,14.96
2012-12-05,15.18,15.8,16.0,15.18
2012-12-06,15.71,15.6,15.95,15.49
2012-12-07,15.56,16.0,16.03,15.5
2012-12-10,15.96,16.3,16.34,15.84
2012-12-11,16.21,16.09,16.25,16.02
2012-12-12,16.14,16.0,16.17,15.77
2012-12-13,15.81,15.77,16.03,15.74
2012-12-14,15.7,16.47,16.5,15.7
2012-12-17,16.42,16.57,16.6,16.35
2012-12-18,16.56,16.76,17.02,16.49
2012-12-19,16.71,16.7,16.85,16.61
2012-12-20,16.8,16.91,17.35,16.71
2012-12-21,16.92,17.38,17.7,16.87
2012-12-24,17.36,18.14,18.18,17.36
2012-12-25,17.9,18.16,18.46,17.9
2012-12-26,18.18,19.12,19.14,18.1
2012-12-27,19.19,18.49,19.49,18.48
2012-12-28,18.41,19.38,19.4,18.41
2012-12-31,19.46,19.25,19.67,19.11
2013-01-04,19.4,19.13,19.4,18.78
2013-01-07,19.2,19.4,19.58,19.06
2013-01-08,19.4,19.71,19.89,19.13
2013-01-09,19.58,19.27,19.74,19.13
2013-01-10,19.16,19.05,19.41,18.92
2013-01-11,19.27,19.03,19.62,19.0
2013-01-14,19.45,20.17,20.27,19.22
2013-01-15,20.35,20.55,20.95,20.0
2013-01-16,20.4,20.46,20.79,20.11
2013-01-17,20.22,19.87,20.43,19.82
2013-01-18,19.9,20.06,20.16,19.61
2013-01-21,19.99,20.04,20.38,19.93
2013-01-22,19.93,19.15,20.08,19.03
2013-01-23,18.99,19.32,19.36,18.8
2013-01-24,19.32,18.72,19.48,18.61
2013-01-25,18.8,19.0,19.21,18.77
2013-01-28,19.2,19.58,19.6,19.11
2013-01-29,19.65,19.64,19.72,19.45
2013-01-30,19.71,19.54,19.73,19.3
2013-01-31,19.06,18.32,19.07,18.0
2013-02-01,18.15,18.33,18.46,18.09
2013-02-04,18.41,18.25,18.48,18.1
2013-02-05,18.15,18.5,18.5,18.15
2013-02-06,18.59,18.7,18.77,18.4
2013-02-07,18.7,18.82,18.84,18.57
2013-02-08,18.79,19.27,19.37,18.71
2013-02-18,19.31,19.54,19.76,19.05
2013-02-19,19.49,19.1,19.57,19.1
2013-02-20,19.1,19.88,19.88,19.1
2013-02-21,19.89,19.62,20.36,19.35
2013-02-22,19.45,19.24,19.68,19.22
2013-02-25,19.24,19.45,19.68,19.18
2013-02-26,19.45,19.23,19.74,19.22
2013-02-27,19.33,18.61,19.42,18.45
2013-02-28,18.74,19.0,19.0,18.55
2013-03-01,19.0,19.66,19.75,18.92
2013-03-04,19.8,19.45,20.17,19.37
2013-03-05,19.44,20.34,20.34,19.42
2013-03-06,20.4,20.19,20.69,20.19
2013-03-07,20.23,20.03,20.65,19.82
2013-03-08,20.1,19.69,20.17,19.6
2013-03-11,19.75,19.8,19.86,19.51
2013-03-12,19.79,19.21,19.8,18.76
2013-03-13,19.12,19.22,19.22,18.7
2013-03-14,19.01,19.2,19.25,18.95
2013-03-15,19.19,19.3,19.5,18.93
2013-03-18,19.05,19.2,19.29,19.0
2013-03-19,19.13,19.22,19.27,18.82
2013-03-20,19.27,20.58,20.69,19.22
2013-03-21,20.42,20.44,20.63,20.28
2013-03-22,20.46,20.98,21.31,20.3
2013-03-25,21.0,21.06,21.15,20.7
2013-03-26,21.06,20.56,21.07,20.15
2013-03-27,20.49,20.7,20.75,20.21
2013-03-28,20.57,19.81,20.57,19.8
2013-03-29,19.9,20.1,20.35,19.79
2013-04-01,20.05,20.9,21.06,20.05
2013-04-02,20.82,20.23,20.97,20.1
2013-04-03,20.3,19.61,20.4,19.45
2013-04-08,18.4,18.26,18.4,17.65
2013-04-09,18.2,18.38,18.38,18.03
2013-04-10,18.33,18.18,18.33,18.03
2013-04-11,18.18,18.04,18.3,18.0
2013-04-12,18.02,17.9,18.03,17.66
2013-04-15,18.0,17.5,18.06,17.48
2013-04-16,17.44,17.51,17.61,17.3
2013-04-17,17.53,17.75,17.83,17.33
2013-04-18,17.69,17.8,17.81,17.58
2013-04-19,17.83,18.18,18.26,17.8
2013-04-22,18.2,18.61,18.72,18.08
2013-04-23,18.6,18.28,18.65,18.21
2013-04-24,18.38,18.59,18.75,18.26
2013-04-25,18.41,19.1,19.35,18.41
2013-04-26,19.02,18.86,19.13,18.81
2013-05-02,18.66,19.58,19.69,18.66
2013-05-03,19.64,19.72,20.02,19.47
2013-05-06,19.87,20.42,20.63,19.8
2013-05-07,20.45,20.39,20.48,20.0
2013-05-08,20.4,21.0,21.03,20.3
2013-05-09,20.9,21.6,21.74,20.5
2013-05-10,21.4,22.07,22.37,21.4
2013-05-13,22.1,22.05,22.48,21.7
2013-05-14,22.09,21.92,22.19,21.69
2013-05-15,21.9,22.7,23.1,21.74
2013-05-16,22.7,21.92,22.98,21.73
2013-05-17,16.63,16.68,16.87,16.23
2013-05-20,16.68,17.2,17.2,16.23
2013-05-21,17.05,17.89,18.1,17.0
2013-05-22,17.9,18.3,18.8,17.9
2013-05-23,18.28,18.41,18.78,18.09
2013-05-24,18.41,18.49,18.7,18.1
2013-05-27,18.39,20.34,20.34,18.36
2013-05-28,20.54,20.05,20.89,19.88
2013-05-29,19.9,19.61,19.9,19.1
2013-05-30,19.41,19.9,20.44,19.38
2013-05-31,20.06,20.88,21.22,19.8
2013-06-03,20.89,20.51,21.15,20.29
2013-06-04,20.33,19.94,21.2,19.78
2013-06-05,19.85,19.62,20.37,19.12
2013-06-06,19.64,19.0,19.64,18.84
2013-06-07,19.0,18.7,19.39,18.3
2013-06-13,18.62,18.23,18.85,17.8
2013-06-14,18.52,19.21,19.37,18.35
2013-06-17,19.21,20.28,20.65,19.0
2013-06-18,20.01,19.97,20.3,19.6
2013-06-19,19.88,19.8,20.15,19.4
2013-06-20,19.67,18.7,19.84,18.7
2013-06-21,18.0,18.29,18.7,17.8
2013-06-24,18.07,17.26,18.2,17.0
2013-06-25,17.21,16.95,17.45,15.58
2013-06-26,16.99,17.71,17.88,16.56
2013-06-27,17.79,17.43,18.44,17.24
2013-06-28,17.3,17.08,17.54,16.73
2013-07-01,17.29,18.01,18.06,17.1
2013-07-02,18.06,19.0,19.45,17.99
2013-07-03,18.99,19.49,19.7,18.61
2013-07-04,19.43,19.37,20.2,19.08
2013-07-05,19.18,18.43,19.58,18.16
2013-07-08,18.02,17.71,18.29,17.56
2013-07-09,17.51,17.96,18.0,17.5
2013-07-10,17.89,17.7,17.89,17.36
2013-07-11,17.7,18.6,18.6,17.7
2013-07-12,18.6,19.01,19.38,18.51
2013-07-15,18.79,19.59,19.7,18.6
2013-07-16,19.59,21.3,21.48,19.25
2013-07-17,21.0,20.55,21.4,20.3
2013-07-18,20.65,21.36,22.2,20.65
2013-07-19,21.04,22.05,22.8,21.04
2013-07-22,22.0,23.37,24.1,21.53
2013-07-23,23.3,23.96,24.4,23.02
2013-07-24,23.0,23.99,24.25,23.0
2013-07-25,23.97,22.5,24.15,22.35
2013-07-26,22.51,22.66,23.1,21.9
2013-07-29,22.6,21.76,22.94,21.7
2013-07-30,21.74,21.39,22.26,21.0
2013-07-31,21.39,22.01,22.4,21.15
2013-08-01,22.1,23.55,23.6,22.04
2013-08-02,23.3,24.99,25.1,23.04
2013-08-05,24.83,25.09,26.01,24.83
2013-08-06,25.1,25.6,25.68,24.21
2013-08-07,25.56,24.12,25.6,23.81
2013-08-08,23.9,25.2,25.21,23.6
2013-08-09,24.83,24.81,25.28,24.4
2013-08-12,24.85,23.96,24.99,23.25
2013-08-13,23.98,23.8,24.2,23.42
2013-08-14,23.89,23.48,24.05,23.46
2013-08-15,23.7,22.78,24.03,22.63
2013-08-16,22.71,22.7,23.6,22.39
2013-08-19,22.71,22.99,23.93,22.41
2013-08-20,23.09,22.21,23.3,21.98
2013-08-21,22.05,23.02,23.07,22.01
2013-08-22,22.85,24.09,24.15,22.8
2013-08-23,24.1,26.5,26.5,24.09
2013-08-26,27.41,27.7,28.5,27.07
2013-08-27,27.98,27.6,28.5,27.23
2013-08-28,27.0,26.5,27.58,26.45
2013-08-29,26.5,26.31,26.98,26.06
2013-08-30,26.29,24.2,26.45,23.88
2013-09-02,23.45,26.62,26.62,23.45
2013-09-03,27.3,27.76,28.73,27.2
2013-09-04,27.78,27.19,27.83,26.8
2013-09-05,26.9,27.4,27.79,26.82
2013-09-06,27.25,26.55,27.3,26.3
2013-09-09,26.61,26.54,27.0,25.61
2013-09-10,26.5,26.5,27.5,25.6
2013-09-11,26.2,25.3,26.2,24.3
2013-09-12,25.27,24.89,25.92,24.71
2013-09-13,24.89,27.09,27.1,24.5
2013-09-16,27.17,26.72,27.83,26.55
2013-09-17,26.8,25.28,26.8,24.99
2013-09-18,25.3,25.82,26.1,25.01
2013-09-23,25.81,27.29,28.0,25.4
2013-09-24,26.85,27.12,27.47,26.61
2013-09-25,27.09,28.4,28.88,27.0
2013-09-26,28.89,29.05,29.45,27.86
2013-09-27,28.9,30.0,31.5,28.8
2013-09-30,30.03,30.13,30.65,29.3
2013-10-08,30.6,29.9,31.15,29.58
2013-10-09,29.52,31.55,31.68,29.51
2013-10-10,31.2,30.13,31.48,30.11
2013-10-11,30.2,29.63,30.28,29.32
2013-10-14,29.5,29.6,29.69,28.8
2013-10-15,30.0,30.59,31.25,28.75
2013-10-16,29.88,28.75,30.29,28.05
2013-10-17,28.74,28.05,29.25,28.02
2013-10-18,28.0,27.85,28.39,27.66
2013-10-21,28.0,29.53,29.96,27.86
2013-10-22,29.41,27.7,29.41,27.65
2013-10-23,27.3,26.0,27.3,25.12
2013-10-24,26.0,25.2,26.45,25.0
2013-10-25,25.11,23.77,25.55,23.63
2013-10-28,23.8,24.12,24.59,23.55
2013-10-29,24.2,24.57,24.88,23.19
2013-10-30,24.35,25.68,26.14,24.01
2013-10-31,25.46,25.53,25.85,24.59
2013-11-01,25.7,25.0,25.7,24.82
2013-11-04,24.88,24.36,25.24,24.3
2013-11-05,24.4,25.41,25.45,24.3
2013-11-06,25.28,24.45,25.48,24.45
2013-11-07,24.36,23.7,24.36,23.68
2013-11-08,23.6,23.73,23.86,23.31
2013-11-11,23.72,24.36,24.43,23.6
2013-11-12,24.49,25.02,25.19,24.32
2013-11-13,25.08,23.98,25.1,23.81
2013-11-14,23.91,24.91,24.97,23.34
2013-11-15,24.89,25.8,26.0,24.68
2013-11-18,26.8,26.15,27.0,25.85
2013-11-19,26.28,25.58,26.38,25.41
2013-11-20,25.62,25.88,25.96,25.2
2013-11-21,25.77,25.4,25.95,25.3
2013-11-22,25.13,25.2,25.48,25.03
2013-11-25,25.05,26.03,26.44,25.0
2013-11-26,26.08,26.38,26.67,25.75
2013-11-27,26.25,27.2,27.29,26.18
2013-11-28,27.35,26.73,27.49,26.7
2013-11-29,26.67,26.77,27.0,26.3
2013-12-02,25.0,24.09,25.35,24.09
2013-12-03,22.9,22.87,23.17,21.78
2013-12-04,22.81,22.51,23.28,22.41
2013-12-05,22.5,21.94,22.79,21.79
2013-12-06,21.8,22.0,22.22,21.72
2013-12-09,22.05,22.19,22.29,21.92
2013-12-10,22.09,21.8,22.37,21.73
2013-12-11,21.82,21.98,22.15,21.71
2013-12-12,21.9,22.23,22.55,21.81
2013-12-13,22.3,22.34,22.74,22.2
2013-12-16,22.34,22.6,22.82,22.12
2013-12-17,22.61,22.75,22.91,22.29
2013-12-18,22.58,22.55,22.79,22.34
2013-12-19,22.67,22.55,22.78,22.28
2013-12-20,22.59,22.3,22.79,22.27
2013-12-23,22.32,22.79,22.93,21.6
2013-12-24,22.69,23.22,23.42,22.69
2013-12-25,23.2,24.06,24.15,23.1
2013-12-26,24.0,23.85,24.29,23.79
2013-12-27,23.88,24.1,24.21,23.72
2013-12-30,24.25,24.06,24.48,23.85
2013-12-31,24.24,24.6,24.6,23.36
2014-01-02,24.05,25.18,25.3,23.81
2014-01-03,25.3,25.22,25.99,25.0
2014-01-06,25.08,24.07,25.2,23.54
2014-01-07,23.88,24.38,24.38,23.66
2014-01-08,24.45,24.74,25.09,24.17
2014-01-09,24.51,23.8,24.66,23.76
2014-01-10,23.65,22.92,23.97,22.9
2014-01-13,22.91,23.04,23.18,22.48
2014-01-14,22.76,24.3,24.35,22.7
2014-01-15,24.31,25.18,25.2,24.22
2014-01-16,25.03,25.85,25.95,24.5
2014-01-17,25.62,25.39,25.89,25.24
2014-01-20,25.25,23.89,25.49,23.89
2014-01-21,23.9,24.43,24.45,23.41
2014-01-22,24.39,24.43,24.8,24.21
2014-01-23,24.38,24.9,25.3,24.26
2014-01-24,24.81,25.69,25.88,24.81
2014-01-27,25.15,27.16,27.5,24.0
2014-01-28,26.9,27.35,27.5,26.55
2014-01-29,27.11,29.2,29.2,27.0
2014-01-30,29.18,28.41,29.2,28.27
2014-02-07,28.3,28.78,29.03,28.01
2014-02-10,28.71,29.83,30.78,28.53
2014-02-11,29.83,29.3,30.23,28.0
2014-02-12,28.8,31.69,32.22,28.8
2014-02-13,31.51,31.53,32.2,30.78
2014-02-14,31.16,32.72,32.9,30.85
2014-02-17,32.59,33.77,34.29,32.2
2014-02-18,33.68,33.75,34.33,32.88
2014-02-19,33.38,31.79,34.09,31.75
2014-02-20,32.39,30.91,32.57,30.21
2014-02-21,31.03,31.9,32.77,30.5
2014-02-24,31.0,33.3,33.53,30.5
2014-02-25,32.97,29.97,33.4,29.97
2014-02-26,29.35,30.9,30.91,28.68
2014-02-27,30.7,30.61,31.66,30.0
2014-02-28,30.49,30.29,30.79,28.58
2014-03-03,30.0,29.76,30.87,29.08
2014-03-04,29.66,30.58,30.75,29.41
2014-03-05,30.6,29.5,30.86,29.4
2014-03-06,29.5,28.58,29.79,28.15
2014-03-07,28.69,29.03,29.77,27.72
2014-03-10,28.88,28.53,29.73,27.82
2014-03-11,28.15,28.8,29.5,28.15
2014-03-12,28.51,29.55,30.0,28.27
2014-03-13,29.57,31.8,32.05,29.06
2014-03-14,31.55,32.24,33.7,31.19
2014-03-17,32.24,32.65,33.0,31.63
2014-03-18,32.35,32.45,33.55,32.02
2014-03-19,32.15,31.83,32.59,31.15
2014-03-20,31.7,31.25,33.4,31.25
2014-03-21,30.91,30.22,30.91,29.01
2014-03-24,29.92,29.28,29.92,29.0
2014-03-25,29.04,29.46,29.96,28.9
2014-03-26,29.41,31.6,31.6,29.31
2014-03-27,31.78,30.03,31.8,30.01
2014-03-28,30.0,29.17,30.5,28.5
2014-03-31,29.21,28.72,29.5,28.01
2014-04-01,28.65,29.16,29.4,28.19
2014-04-02,29.45,27.76,29.48,27.76
2014-04-03,27.52,26.99,27.75,26.72
2014-04-04,26.8,27.1,27.33,26.03
2014-04-08,26.88,26.6,26.88,26.2
2014-04-09,26.75,28.6,28.6,26.39
2014-04-10,27.88,28.3,29.0,27.88
2014-04-11,27.98,28.94,29.3,27.61
2014-04-14,28.9,29.12,29.38,28.29
2014-04-15,29.12,29.0,29.47,28.5
2014-04-16,28.77,28.73,29.27,28.51
2014-04-17,28.99,29.08,29.25,28.51
2014-04-18,28.83,28.84,29.5,28.26
2014-04-21,28.66,28.92,29.57,28.5
2014-04-22,28.58,28.37,29.49,28.06
2014-04-23,28.11,27.83,28.91,27.67
2014-04-24,27.98,27.44,27.98,25.8
2014-04-25,27.07,26.11,27.2,26.03
2014-04-28,25.8,24.05,25.85,24.0
2014-04-29,24.05,24.22,24.64,23.78
2014-04-30,24.22,23.83,24.69,23.45
2014-05-05,23.9,24.58,24.59,23.5
2014-05-06,24.58,25.17,25.61,24.01
2014-05-07,25.09,24.49,25.38,24.41
2014-05-08,24.15,23.98,24.44,23.67
2014-05-09,23.91,23.25,23.91,22.85
2014-05-12,23.38,23.55,23.66,22.9
2014-05-13,23.59,23.5,24.35,23.25
2014-05-14,23.59,23.73,23.96,23.37
2014-05-15,23.95,23.7,24.3,23.41
2014-05-16,23.9,22.94,23.9,22.74
2014-05-19,22.84,22.41,22.98,22.2
2014-05-20,22.8,23.38,23.54,22.8
2014-05-21,23.35,23.83,23.87,23.11
2014-05-22,15.89,16.26,16.63,15.51
2014-05-23,16.23,17.05,17.18,15.91
2014-05-26,17.09,17.25,18.08,17.09
2014-05-27,17.35,17.5,17.68,17.1
2014-05-28,17.85,18.49,19.25,17.85
2014-05-29,18.65,18.2,18.99,18.08
2014-05-30,18.11,18.46,19.0,17.78
2014-06-03,18.56,18.72,18.96,18.3
2014-06-04,18.58,17.98,18.75,17.8
2014-06-05,18.07,18.44,18.65,17.95
2014-06-06,18.6,19.25,19.29,18.35
2014-06-09,19.18,19.03,19.39,18.88
2014-06-10,18.9,19.4,19.52,18.89
2014-06-11,19.31,19.43,19.55,19.17
2014-06-12,19.23,19.31,19.5,19.2
2014-06-13,19.28,19.28,19.63,19.12
2014-06-16,19.3,19.89,19.9,18.8
2014-06-17,19.84,19.13,19.84,19.02
2014-06-18,19.13,18.66,19.25,18.51
2014-06-19,18.63,18.66,19.33,18.15
2014-06-20,18.64,18.68,18.78,18.2
2014-06-23,18.53,19.83,19.95,18.53
2014-06-24,20.0,20.14,20.2,19.5
2014-06-25,20.04,20.28,20.29,19.7
2014-06-26,20.28,21.08,21.2,20.2
2014-06-27,21.19,21.25,21.65,20.91
2014-06-30,21.1,21.23,21.47,20.86
2014-07-01,21.23,20.6,21.5,20.38
2014-07-02,20.58,20.33,20.88,20.08
2014-07-03,20.33,21.8,21.8,20.2
2014-07-04,21.6,21.85,21.93,21.39
2014-07-07,21.8,21.36,21.8,21.18
2014-07-08,21.28,21.25,21.54,20.78
2014-07-09,20.6,20.51,21.08,20.4
2014-07-11,19.71,20.55,20.63,19.67
2014-07-14,20.28,20.43,20.79,20.21
2014-07-15,20.41,19.75,20.42,19.1
2014-07-16,19.73,18.89,19.73,18.71
2014-07-17,18.9,18.9,19.19,18.8
2014-07-18,19.1,18.58,19.18,18.5
2014-07-21,18.58,19.31,19.43,18.4
2014-07-22,19.2,19.58,19.59,19.0
2014-07-23,19.58,19.0,19.64,18.68
2014-07-24,18.8,19.43,19.56,18.28
2014-07-25,19.47,18.99,19.5,18.71
2014-07-28,19.18,19.85,20.06,18.8
2014-07-29,19.9,20.46,20.64,19.68
2014-07-30,20.35,20.6,20.69,20.06
2014-07-31,20.59,20.29,20.6,20.11
2014-08-01,20.23,20.33,20.84,20.0
2014-08-04,20.3,20.05,20.32,19.73
2014-08-05,20.06,20.05,20.09,19.33
2014-08-06,19.92,20.05,20.3,19.8
2014-08-07,20.04,19.83,20.22,19.8
2014-08-08,19.92,20.18,20.68,19.86
2014-08-11,20.36,20.63,20.65,20.19
2014-08-12,20.63,21.0,21.0,20.4
2014-08-13,21.09,21.05,21.28,20.6
2014-08-14,20.88,21.35,21.68,20.86
2014-08-15,21.21,22.43,22.47,21.21
2014-08-18,22.9,22.31,23.5,22.24
2014-08-19,22.44,22.5,22.7,22.01
2014-08-20,22.79,22.47,22.79,22.18
2014-08-21,22.31,22.3,22.35,21.98
2014-08-22,22.2,22.46,22.72,22.16
2014-08-25,22.4,22.07,22.58,21.8
2014-08-26,21.91,21.5,22.23,21.2
2014-08-27,21.5,21.37,21.85,21.3
2014-08-28,21.49,21.79,22.18,21.1
2014-08-29,21.7,22.3,22.47,21.54
2014-09-01,22.47,22.51,22.68,22.01
2014-09-02,22.45,22.55,22.76,22.32
2014-09-03,22.52,22.65,22.88,22.46
2014-09-04,22.65,22.58,22.83,22.52
2014-09-05,22.75,21.9,22.77,21.62
2014-09-09,21.84,21.96,22.23,21.65
2014-09-10,21.8,21.97,22.2,21.77
2014-09-11,21.97,22.97,22.97,21.78
2014-09-12,22.7,22.5,22.96,22.28
2014-09-15,22.35,23.06,23.32,22.32
2014-09-16,23.09,22.32,23.09,22.27
2014-09-17,22.34,22.5,22.59,21.85
2014-09-18,22.3,23.29,23.4,22.3
2014-09-19,23.22,23.75,24.37,23.2
2014-09-22,23.75,22.76,23.79,22.7
2014-09-23,22.87,22.54,22.9,21.96
2014-09-24,22.41,22.35,22.5,22.15
2014-09-25,22.44,22.12,22.78,22.02
2014-09-26,22.08,22.0,22.29,21.85
2014-09-29,22.21,22.25,22.72,22.03
2014-09-30,22.2,23.15,23.27,22.08
2014-10-08,23.3,23.86,24.12,23.23
2014-10-09,23.9,23.93,24.2,23.31
2014-10-10,23.9,25.48,25.67,23.73
2014-10-13,25.35,25.48,25.49,24.36
2014-10-14,25.14,24.1,26.47,23.68
2014-10-15,23.99,24.32,24.32,23.37
2014-10-16,24.0,23.8,24.27,23.58
2014-10-17,23.38,23.0,23.61,22.0
2014-10-20,22.95,23.9,24.0,22.8
2014-10-21,23.93,23.84,24.28,23.51
2014-10-22,23.83,23.51,24.17,23.43
2014-10-23,23.41,23.03,23.74,22.8
2014-10-24,23.12,23.06,23.5,22.85
2014-10-27,22.88,23.1,23.25,22.8
2014-10-28,23.01,24.46,24.52,23.01
2014-10-29,24.46,24.56,24.56,24.15
2014-10-30,24.58,24.28,24.99,23.95
2014-10-31,24.45,24.73,24.98,24.08
2014-11-03,24.74,24.51,25.3,24.35
2014-11-04,24.49,24.15,24.49,23.77
2014-11-05,24.09,23.89,24.09,23.65
2014-11-06,24.04,24.56,24.59,23.93
2014-11-07,24.56,23.39,24.84,23.3
2014-11-10,23.52,22.7,23.72,22.31
2014-11-11,22.66,21.5,22.66,21.22
2014-11-12,21.22,21.63,21.88,21.22
2014-11-13,21.68,20.49,21.68,19.9
2014-11-14,20.5,20.67,20.78,20.05
2014-11-17,20.7,20.68,20.86,20.08
2014-11-18,20.69,20.65,20.76,20.39
2014-11-19,20.6,20.93,21.0,20.42
2014-11-20,20.93,20.26,20.93,20.17
2014-11-21,20.18,20.48,20.7,20.18
2014-11-24,20.67,20.48,20.9,20.26
2014-11-25,20.63,21.25,21.39,20.47
2014-11-26,21.3,21.72,21.99,21.1
2014-11-27,21.66,21.69,21.99,21.21
2014-11-28,21.43,21.8,21.86,21.37
2014-12-01,22.0,21.33,22.15,20.28
2014-12-02,21.03,20.77,21.24,20.57
2014-12-03,20.51,20.1,20.75,18.9
2014-12-04,19.86,20.38,20.5,19.86
2014-12-05,20.41,19.26,20.41,19.09
2014-12-08,19.15,19.45,19.93,18.8
2014-12-09,19.02,18.53,19.42,18.4
2014-12-10,18.5,19.15,19.35,18.47
2014-12-11,19.0,19.16,19.35,18.91
2014-12-12,19.21,19.71,19.87,19.18
2014-12-15,19.71,20.81,20.9,19.46
2014-12-16,20.8,20.29,20.96,20.01
2014-12-17,20.28,20.1,20.28,19.82
2014-12-18,20.2,19.92,20.25,19.8
2014-12-19,19.88,19.34,19.97,19.13
2014-12-22,19.18,19.08,19.39,18.01
2014-12-23,18.76,18.95,19.5,18.76
2014-12-24,19.28,19.05,19.58,18.92
2014-12-25,19.27,19.78,19.9,19.0
2014-12-26,19.79,19.82,19.95,19.6
2014-12-29,19.83,19.17,19.83,19.09
2014-12-30,19.14,18.87,19.14,18.4
2014-12-31,18.6,18.88,19.0,18.5
2015-01-05,18.85,18.29,18.85,18.1
2015-01-06,18.29,19.15,19.3,18.21
2015-01-07,19.27,18.8,19.4,18.71
2015-01-08,18.85,19.06,19.3,18.6
2015-01-09,19.06,18.9,19.55,18.87
2015-01-12,18.77,18.87,19.0,18.28
2015-01-13,18.87,19.25,19.26,18.63
2015-01-14,19.13,18.88,19.33,18.68
2015-01-15,18.9,18.63,19.07,18.51
2015-01-16,18.51,18.83,18.94,18.51
2015-01-19,18.6,19.49,19.76,18.4
2015-01-20,19.78,20.58,20.6,19.51
2015-01-21,20.58,20.82,21.4,20.33
2015-01-22,20.7,20.62,21.19,20.23
2015-01-23,20.6,19.99,20.62,19.92
2015-01-26,19.97,20.35,20.47,19.97
2015-01-27,20.11,20.66,20.69,20.11
2015-01-28,20.6,21.35,21.66,20.54
2015-01-29,21.55,21.5,22.4,21.32
2015-01-30,21.3,21.19,21.76,21.01
2015-02-02,21.02,21.88,22.36,20.8
2015-02-03,21.8,22.52,22.75,21.6
2015-02-04,22.5,22.35,22.69,21.9
2015-02-05,22.5,21.8,22.65,21.66
2015-02-06,21.7,22.45,22.6,20.92
2015-02-09,22.36,22.0,23.0,21.87
2015-02-10,21.93,22.66,22.69,21.56
2015-02-11,22.66,22.4,22.84,22.32
2015-02-12,22.6,22.8,23.13,22.36
2015-02-13,22.81,22.97,23.29,22.6
2015-02-16,22.97,23.6,23.95,22.82
2015-02-17,23.45,23.8,23.95,23.3
2015-02-25,23.8,23.2,23.8,22.95
2015-02-26,23.2,23.22,23.75,22.7
2015-02-27,23.22,23.1,23.31,22.8
2015-03-02,23.1,23.39,23.5,22.7
2015-03-03,23.3,22.6,23.3,22.6
2015-03-04,22.6,24.6,24.85,22.4
2015-03-05,24.6,24.7,25.47,24.1
2015-03-06,24.7,23.88,24.7,23.6
2015-03-09,23.5,23.78,24.36,23.23
2015-03-10,23.77,24.45,24.65,23.6
2015-03-11,24.45,24.04,24.45,23.73
2015-03-12,24.0,23.62,24.2,23.38
2015-03-13,23.75,24.41,24.62,23.45
2015-03-16,24.43,25.24,25.48,24.41
2015-03-17,25.25,25.77,26.2,25.2
2015-03-18,25.9,26.0,26.18,25.32
2015-03-19,26.35,28.24,28.58,26.0
2015-03-20,28.5,29.17,30.0,27.95
2015-03-23,29.18,32.08,32.09,28.45
2015-03-24,31.8,33.77,34.5,31.18
2015-03-25,33.97,33.3,33.97,32.13
2015-03-26,32.31,31.89,33.45,29.97
2015-03-27,31.88,32.04,32.58,30.91
2015-03-30,32.05,31.44,32.05,30.8
2015-03-31,31.68,33.07,33.6,31.36
2015-04-01,32.75,33.28,34.68,32.55
2015-04-02,33.6,33.29,34.6,32.88
2015-04-03,33.65,33.61,33.95,32.28
2015-04-07,33.26,36.11,36.97,33.09
2015-04-08,36.04,38.61,38.78,32.86
2015-04-09,38.2,37.42,38.6,34.95
2015-04-10,36.0,38.0,40.5,35.41
2015-04-13,37.5,37.66,40.0,36.3
2015-04-14,37.08,38.4,39.86,36.66
2015-04-15,39.1,37.85,39.45,35.0
2015-04-16,36.56,39.48,39.78,35.74
2015-04-17,38.93,37.0,39.57,36.8
2015-04-20,36.6,37.4,37.6,33.93
2015-04-21,36.0,38.68,39.0,36.0
2015-04-22,38.0,38.3,38.9,37.75
2015-04-23,38.65,37.24,39.28,37.0
2015-04-24,36.99,36.64,37.08,35.8
2015-04-27,36.41,36.06,38.2,36.01
2015-04-28,36.22,36.3,37.13,33.8
2015-04-29,35.81,36.36,36.95,35.34
2015-04-30,36.36,38.8,39.97,36.2
2015-05-04,38.85,39.0,39.45,37.55
2015-05-05,39.44,38.73,41.07,37.56
2015-05-06,38.65,39.63,41.5,38.28
2015-05-07,39.48,40.94,41.5,39.01
2015-05-08,40.91,45.03,45.03,40.91
2015-05-11,46.5,48.48,49.4,46.49
2015-05-12,48.4,47.94,49.9,45.0
2015-05-13,46.46,46.36,47.99,45.19
2015-05-14,46.11,44.79,47.6,44.5
2015-05-15,45.16,46.9,48.61,43.4
2015-05-18,46.9,50.8,51.08,46.39
2015-05-19,50.72,51.8,51.96,48.5
2015-05-20,51.67,51.8,54.29,50.81
2015-05-21,51.02,53.18,54.0,51.02
2015-05-22,53.61,51.88,55.63,50.5
2015-05-25,50.18,51.88,52.49,49.5
2015-05-26,51.5,54.98,55.0,51.2
2015-05-27,54.98,52.5,55.52,51.58
2015-05-28,43.5,42.0,47.0,41.6
2015-05-29,41.95,42.5,43.5,37.8
2015-06-01,42.0,43.2,44.4,41.5
2015-06-02,43.27,45.59,46.2,43.26
2015-06-03,45.66,48.57,48.57,43.88
2015-06-04,47.45,51.97,51.98,45.12
2015-06-05,51.97,49.91,53.28,49.6
2015-06-08,49.31,46.5,49.33,44.92
2015-06-09,46.05,44.0,46.99,42.75
2015-06-10,43.8,44.94,46.0,42.38
2015-06-11,44.53,46.75,46.99,43.98
2015-06-12,46.12,48.5,48.8,45.71
2015-06-15,48.03,43.84,48.2,43.65
2015-06-16,42.33,41.5,45.0,40.8
2015-06-17,41.99,42.95,43.33,39.2
2015-06-18,42.28,40.67,42.98,39.98
2015-06-19,39.5,36.61,40.3,36.6
2015-06-23,35.66,38.97,39.5,34.8
2015-06-24,39.5,39.35,40.92,38.18
2015-06-25,39.36,37.82,39.96,36.0
2015-06-26,35.52,34.04,36.9,34.04
2015-06-29,34.15,30.64,34.98,30.64
2015-06-30,28.63,32.02,33.18,27.58
2015-07-01,31.05,28.82,32.5,28.82
2015-07-02,27.6,25.94,27.61,25.94
2015-07-03,23.37,23.35,25.52,23.35
2015-07-06,24.8,21.02,24.9,21.02
2015-07-07,18.92,18.92,19.02,18.92
2015-07-10,20.81,20.81,20.81,20.81
2015-07-13,22.89,22.89,22.89,22.89
2015-07-14,25.18,25.18,25.18,25.18
2015-07-15,24.0,22.66,25.08,22.66
2015-07-16,22.4,21.3,23.38,20.39
2015-07-17,21.35,23.43,23.43,21.07
2015-07-20,24.01,25.77,25.77,23.5
2015-07-21,24.8,26.65,27.63,24.5
2015-07-22,26.0,26.3,27.3,25.38
2015-07-23,26.3,28.3,28.58,26.21
2015-07-24,28.39,26.88,29.78,25.48
2015-07-27,25.7,24.19,27.3,24.19
2015-07-28,21.77,21.77,24.0,21.77
2015-07-29,22.2,22.72,22.8,20.01
2015-07-30,22.23,20.8,22.7,20.5
2015-07-31,20.1,19.56,21.15,19.08
2015-08-03,19.13,17.75,19.25,17.6
2015-08-04,18.0,19.53,19.53,18.0
2015-08-05,20.88,20.36,21.38,19.8
2015-08-06,19.58,20.39,20.67,19.51
2015-08-07,20.7,22.25,22.35,20.41
2015-08-10,22.28,23.49,24.0,22.28
2015-08-11,23.55,23.78,24.42,23.14
2015-08-12,23.47,22.68,23.78,22.65
2015-08-13,22.66,23.8,23.84,22.35
2015-08-14,24.0,23.5,24.3,23.36
2015-08-17,23.43,24.29,24.29,22.51
2015-08-18,24.01,21.86,24.5,21.86
2015-08-19,20.79,22.09,22.34,19.7
2015-08-20,21.9,22.0,22.86,21.01
2015-08-21,21.4,19.97,21.68,19.9
2015-08-24,18.2,17.97,18.97,17.97
2015-08-25,16.62,16.17,17.19,16.17
2015-08-26,16.17,14.56,16.7,14.55
2015-08-27,14.98,15.21,15.51,13.82
2015-08-28,15.55,16.73,16.73,15.29
2015-08-31,16.76,16.55,17.15,16.03
2015-09-01,16.0,14.9,16.2,14.9
2015-09-02,13.51,13.78,15.8,13.5
2015-09-07,14.2,14.98,15.16,14.1
2015-09-08,14.7,16.48,16.48,14.61
2015-09-09,17.0,17.6,17.77,16.62
2015-09-10,17.11,17.82,18.15,16.95
2015-09-11,17.7,18.9,18.94,17.55
2015-09-14,18.96,17.01,18.97,17.01
2015-09-15,15.96,15.48,16.65,15.31
2015-09-16,15.79,17.03,17.03,15.48
2015-09-17,17.4,17.3,18.55,17.18
2015-09-18,17.79,18.29,18.35,17.27
2015-09-21,17.7,19.62,19.99,17.63
2015-09-22,19.6,19.49,20.28,18.75
2015-09-23,19.0,19.24,19.99,18.63
2015-09-24,19.26,19.36,19.88,19.15
2015-09-25,19.1,18.28,19.26,17.5
2015-09-28,18.25,20.11,20.11,17.81
2015-09-29,19.8,20.03,20.54,19.43
2015-09-30,20.37,19.1,20.49,18.98
2015-10-08,20.0,20.86,21.01,19.64
2015-10-09,20.63,20.78,21.18,20.4
2015-10-12,21.05,21.88,22.6,21.04
2015-10-13,21.6,22.3,22.98,21.5
2015-10-14,22.1,21.36,22.4,21.36
2015-10-15,21.21,22.57,22.68,21.21
2015-10-16,22.74,23.0,23.2,21.95
2015-10-19,22.94,22.72,23.46,22.35
2015-10-20,22.7,23.48,24.0,22.38
2015-10-21,23.4,21.13,24.25,21.13
2015-10-22,21.29,23.24,23.24,21.29
2015-10-23,24.49,25.56,25.56,24.25
2015-10-26,26.0,25.6,26.98,24.28
2015-10-27,24.9,26.7,27.76,23.6
2015-10-28,25.99,24.73,26.48,24.5
2015-10-29,25.1,24.73,25.45,24.31
2015-10-30,25.47,25.7,27.2,24.9
2015-11-02,24.28,23.88,25.2,23.5
2015-11-03,23.84,23.42,24.28,23.19
2015-11-04,23.78,25.42,25.6,23.76
2015-11-05,25.36,24.91,25.93,24.66
2015-11-06,24.91,25.44,25.9,24.89
2015-11-09,25.23,25.87,26.44,24.65
2015-11-10,25.55,26.38,26.57,25.45
2015-11-11,26.15,27.5,27.5,26.15
2015-11-12,27.52,27.55,29.3,27.21
2015-11-13,27.0,25.93,27.5,25.6
2015-11-16,25.11,27.17,27.2,25.03
2015-11-17,27.38,27.04,27.85,26.3
2015-11-18,26.88,25.38,27.18,25.0
2015-11-19,25.55,26.17,26.19,25.11
2015-11-20,26.03,27.46,28.11,25.91
2015-11-23,27.6,27.41,28.8,27.0
2015-11-24,27.38,27.8,27.8,26.3
2015-11-25,27.55,29.5,30.0,27.51
2015-11-26,29.85,29.73,30.0,28.75
2015-11-27,29.19,26.77,29.55,26.76
2015-11-30,27.06,26.45,27.4,24.3
2015-12-01,26.35,26.12,26.92,25.6
2015-12-02,26.18,25.2,26.36,24.17
2015-12-03,25.4,26.2,26.34,25.21
2015-12-04,26.1,25.91,26.68,25.6
2015-12-07,25.96,26.22,26.3,25.47
2015-12-08,26.0,24.88,26.16,24.7
2015-12-09,24.79,24.57,25.15,24.4
2015-12-10,24.53,24.77,25.25,24.52
2015-12-11,24.9,24.58,25.1,24.42
2015-12-14,24.24,25.35,25.47,24.0
2015-12-15,25.3,25.74,26.26,25.15
2015-12-16,25.75,25.74,26.15,25.7
2015-12-17,25.74,26.7,26.73,25.74
2015-12-18,26.8,26.48,27.32,26.32
2015-12-21,26.5,27.18,27.48,26.3
2015-12-22,27.19,27.29,27.48,26.69
2015-12-23,27.25,27.77,27.99,27.02
2015-12-24,27.5,26.6,27.64,25.8
2015-12-25,26.56,26.76,26.92,26.2
2015-12-28,26.77,25.6,27.25,25.6
2015-12-29,25.59,26.0,26.0,25.35
2015-12-30,26.12,27.61,28.15,25.93
2015-12-31,27.92,27.56,28.22,27.22
2016-01-04,27.3,24.8,27.42,24.8
2016-01-05,22.58,23.5,24.71,22.34
2016-01-06,23.66,23.9,24.08,22.81
2016-01-07,23.18,21.51,23.25,21.51
2016-01-08,21.8,20.8,21.99,19.6
2016-01-11,20.36,18.72,20.36,18.72
2016-01-12,18.77,18.82,19.35,18.21
2016-01-13,19.1,17.11,19.4,17.03
2016-01-14,16.35,18.19,18.35,16.0
2016-01-15,18.1,17.47,18.6,17.0
2016-01-18,17.02,18.37,18.72,17.0
2016-01-19,18.13,19.19,19.25,18.13
2016-01-20,19.01,18.93,19.5,18.61
2016-01-21,18.45,18.06,19.68,18.06
2016-01-22,18.4,18.74,18.78,17.58
2016-01-25,18.95,18.92,19.5,18.51
2016-01-26,18.57,17.03,18.75,17.03
2016-01-27,17.2,17.36,17.6,15.75
2016-01-28,17.0,16.48,17.5,16.26
2016-01-29,17.0,18.13,18.13,16.89
2016-02-01,18.3,18.8,18.9,18.14
2016-02-02,18.51,19.11,19.85,18.45
2016-02-03,18.62,19.2,19.4,18.5
2016-02-04,19.3,19.65,19.72,19.11
2016-02-05,19.57,19.06,19.82,19.05
2016-02-15,18.5,20.53,20.53,18.35
2016-02-16,20.53,21.04,21.5,20.43
2016-02-17,20.86,21.0,21.09,20.41
2016-02-18,21.28,20.37,21.28,20.35
2016-02-19,20.36,20.57,20.85,20.2
2016-02-22,20.88,20.8,20.97,20.43
2016-02-23,20.71,21.32,21.35,20.51
2016-02-24,21.35,20.94,21.6,20.26
2016-02-25,20.78,18.85,20.8,18.85
2016-02-26,19.01,18.2,19.25,17.96
2016-02-29,18.09,16.46,18.28,16.38
2016-03-01,16.6,17.08,17.69,16.21
2016-03-02,17.18,18.4,18.79,17.05
2016-03-03,18.3,18.53,19.3,18.08
2016-03-04,18.3,16.95,18.53,16.9
2016-03-07,17.2,17.31,17.95,17.2
2016-03-08,17.2,17.78,17.89,16.2
2016-03-09,17.3,17.8,18.18,17.05
2016-03-10,17.68,17.38,18.08,17.3
2016-03-11,17.03,17.24,17.45,16.8
2016-03-14,17.55,18.2,18.68,17.55
2016-03-15,18.2,17.99,18.36,17.86
2016-03-16,18.38,18.01,18.5,17.88
2016-03-17,18.14,19.16,19.28,18.03
2016-03-18,19.2,20.2,20.39,19.11
2016-03-21,20.5,20.49,20.88,20.02
2016-03-22,20.23,20.45,20.8,20.1
2016-03-23,20.32,20.75,20.8,20.12
2016-03-24,20.45,20.08,20.65,20.06
2016-03-25,20.06,20.16,20.26,19.65
2016-03-28,20.43,20.2,21.2,20.18
2016-03-29,20.3,20.6,21.41,20.0
2016-03-30,20.85,22.58,22.61,20.51
2016-03-31,22.2,22.64,23.48,22.14
2016-04-01,22.54,23.55,23.79,22.3
2016-04-05,23.4,23.96,24.12,23.0
2016-04-06,23.68,23.22,23.8,22.89
2016-04-07,23.36,23.03,23.6,23.0
2016-04-08,23.1,22.25,23.15,21.83
2016-04-11,22.5,22.87,23.31,22.27
2016-04-12,22.86,22.43,23.29,22.0
2016-04-13,22.49,22.98,23.98,22.41
2016-04-14,23.1,23.03,23.39,22.58
2016-04-15,25.25,25.33,25.33,24.62
2016-04-18,25.68,25.18,26.17,25.09
2016-04-19,25.38,25.8,26.85,25.22
2016-04-20,25.68,24.01,25.83,23.55
2016-04-21,23.85,23.8,24.72,23.61
2016-04-22,23.45,24.48,24.61,23.41
2016-04-25,24.28,24.3,24.5,23.4
2016-04-26,24.3,24.88,24.92,24.2
2016-04-27,25.46,24.99,26.6,24.91
2016-04-28,24.88,26.01,26.2,24.7
2016-04-29,25.78,25.6,26.35,25.56
2016-05-03,25.47,26.35,26.45,25.01
2016-05-04,26.06,26.6,27.1,25.9
2016-05-05,26.41,27.23,27.43,26.39
2016-05-06,27.28,25.39,27.69,25.39
2016-05-09,25.1,23.2,25.1,22.9
2016-05-10,23.0,23.12,23.5,22.8
2016-05-11,23.5,23.14,23.69,23.0
2016-05-12,22.65,23.15,23.15,21.88
2016-05-13,22.88,23.0,23.6,22.8
2016-05-16,23.0,23.74,23.76,22.88
2016-05-17,23.71,25.37,25.88,23.71
2016-05-18,24.97,23.8,25.15,23.2
2016-05-19,23.98,24.35,24.89,23.98
2016-05-20,23.8,24.6,24.67,23.56
2016-05-23,24.57,25.29,25.63,24.33
2016-05-24,25.28,24.99,25.28,24.58
2016-05-25,25.1,24.9,25.73,24.72
2016-05-26,24.71,25.05,25.1,23.81
2016-05-27,25.69,25.19,26.3,25.15
2016-05-30,24.8,25.05,25.37,24.06
2016-05-31,25.2,27.56,27.56,25.2
2016-06-01,11.26,10.9,11.5,10.81
2016-06-02,10.7,11.99,11.99,10.63
2016-06-03,12.4,11.65,12.72,11.63
2016-06-06,11.4,11.43,11.98,11.31
2016-06-07,11.45,11.47,11.6,11.1
2016-06-08,11.39,11.22,11.46,11.15
2016-06-13,11.0,10.5,11.38,10.5
2016-06-14,10.44,10.36,10.59,10.2
2016-06-15,10.2,10.66,10.83,10.1
2016-06-16,10.72,10.46,10.75,10.4
2016-06-17,10.54,11.2,11.51,10.54
2016-06-20,11.01,11.04,11.18,10.71
2016-06-21,11.15,10.59,11.18,10.38
2016-06-22,10.42,10.79,10.81,10.4
2016-06-23,10.8,10.58,10.8,10.43
2016-06-24,10.6,10.77,10.98,10.1
2016-06-27,10.65,11.1,11.2,10.58
2016-06-28,11.07,11.35,11.47,10.98
2016-06-29,11.36,11.16,11.43,11.06
2016-06-30,11.25,11.12,11.25,10.99
2016-07-01,11.16,10.84,11.18,10.76
2016-07-04,10.65,10.98,11.05,10.64
2016-07-05,10.98,11.01,11.04,10.85
2016-07-06,11.0,11.17,11.2,10.88
2016-07-07,11.2,11.2,11.42,11.1
2016-07-08,11.22,11.28,11.5,11.2
2016-07-11,11.25,10.98,11.27,10.9
2016-07-12,10.95,11.1,11.15,10.7
2016-07-13,11.31,11.5,11.88,11.31
2016-07-14,11.5,11.58,11.6,11.4
2016-07-15,11.75,11.48,11.8,11.43
2016-07-18,11.43,11.3,11.47,11.16
2016-07-19,11.24,11.63,11.67,11.21
2016-07-20,11.65,11.58,11.84,11.51
2016-07-21,11.58,11.9,12.12,11.53
2016-07-22,11.84,11.65,11.9,11.61
2016-07-25,11.55,11.56,11.67,11.41
2016-07-26,11.59,11.79,11.92,11.51
2016-07-27,11.83,10.83,11.83,10.71
2016-07-28,10.79,10.67,11.0,10.5
2016-07-29,10.66,10.58,10.82,10.52
2016-08-01,10.39,10.3,10.48,10.08
2016-08-02,10.33,10.47,10.49,10.23
2016-08-03,10.5,10.42,10.5,10.3
2016-08-04,10.43,10.51,10.57,10.32
2016-08-05,10.5,10.27,10.5,10.27
2016-08-08,10.14,10.43,10.49,10.12
2016-08-09,10.37,10.52,10.57,10.37
2016-08-10,10.55,10.5,10.67,10.5
2016-08-11,10.46,10.22,10.53,10.21
2016-08-12,10.2,10.38,10.46,10.16
2016-08-15,10.4,10.6,10.7,10.26
2016-08-16,10.67,10.78,10.93,10.62
2016-08-17,10.75,10.67,10.83,10.61
2016-08-18,10.68,10.79,10.87,10.65
2016-08-19,10.79,10.67,10.83,10.63
2016-08-22,10.79,10.72,11.04,10.7
2016-08-23,10.55,10.6,10.69,10.45
2016-08-24,10.65,10.58,10.7,10.51
2016-08-25,10.55,10.5,10.57,10.36
2016-08-26,10.53,10.59,10.73,10.5
2016-08-29,10.61,10.64,10.74,10.51
2016-08-30,10.6,10.63,10.79,10.6
2016-08-31,10.66,10.53,10.72,10.46
2016-09-01,10.55,10.41,10.59,10.41
2016-09-02,10.43,10.45,10.54,10.38
2016-09-05,10.48,10.39,10.56,10.38
2016-09-06,10.4,10.63,10.64,10.3
2016-09-07,10.63,10.55,10.68,10.54
2016-09-08,10.56,10.73,10.8,10.56
2016-09-09,10.79,10.57,10.8,10.55
2016-09-12,10.38,10.18,10.48,10.16
2016-09-13,10.26,10.22,10.32,10.15
2016-09-14,10.12,10.15,10.22,10.07
2016-09-19,10.19,10.27,10.29,10.15
2016-09-20,10.29,10.2,10.31,10.17
2016-09-21,10.18,10.32,10.4,10.18
2016-09-22,10.38,10.4,10.5,10.37
2016-09-23,10.39,10.22,10.46,10.18
2016-09-26,10.28,10.02,10.28,10.01
2016-09-27,9.95,10.12,10.14,9.95
2016-09-28,10.14,10.06,10.14,10.03
2016-09-29,10.05,10.1,10.14,10.05
2016-09-30,10.15,10.14,10.16,10.08
2016-10-10,10.04,10.36,10.36,10.04
2016-10-11,10.37,10.32,10.37,10.23
2016-10-12,10.3,10.3,10.43,10.25
2016-10-13,10.31,10.37,10.39,10.28
2016-10-14,10.31,10.31,10.4,10.21
2016-10-17,10.31,10.1,10.32,10.09
2016-10-18,10.07,10.15,10.16,9.95
2016-10-19,10.2,10.15,10.21,10.11
2016-10-20,10.12,10.14,10.21,10.1
2016-10-21,10.14,10.17,10.2,10.04
2016-10-24,10.2,10.3,10.34,10.13
2016-10-25,10.3,10.24,10.32,10.2
2016-10-26,10.29,11.26,11.26,10.29
2016-10-27,11.3,10.9,11.3,10.75
2016-10-28,10.85,10.57,10.94,10.56
2016-10-31,10.53,10.67,10.72,10.45
2016-11-01,10.71,10.75,10.78,10.55
2016-11-02,10.7,10.51,10.81,10.51
2016-11-03,10.46,10.58,10.7,10.42
2016-11-04,10.6,10.45,10.64,10.43
2016-11-07,10.46,10.53,10.54,10.36
2016-11-08,10.59,10.58,10.6,10.5
2016-11-09,10.58,10.62,10.74,10.38
2016-11-10,10.72,10.69,10.75,10.58
2016-11-11,10.69,10.68,10.74,10.58
2016-11-14,10.65,10.75,10.88,10.63
2016-11-15,10.76,10.77,10.84,10.56
2016-11-16,10.78,10.77,10.89,10.73
2016-11-17,10.66,10.64,10.77,10.61
2016-11-18,10.63,10.58,10.68,10.56
2016-11-21,10.59,10.63,10.63,10.52
2016-11-22,10.62,10.65,10.69,10.56
2016-11-23,10.65,10.67,10.75,10.61
2016-11-24,10.63,10.64,10.73,10.62
2016-11-25,10.64,10.5,10.64,10.06
2016-11-28,10.6,10.4,10.62,10.34
2016-11-29,10.35,10.26,10.4,10.26
2016-11-30,10.26,10.33,10.42,10.21
2016-12-01,10.29,10.28,10.35,10.23
2016-12-02,10.28,10.11,10.31,10.1
2016-12-05,10.1,10.13,10.23,10.03
2016-12-06,10.2,10.14,10.2,10.08
2016-12-07,10.17,10.25,10.28,10.08
2016-12-08,10.26,10.19,10.28,10.17
2016-12-09,10.14,10.21,10.26,10.14
2016-12-12,10.2,9.51,10.2,9.36
2016-12-13,9.64,9.43,9.65,9.23
2016-12-14,9.4,9.37,9.46,9.25
2016-12-15,9.37,9.46,9.58,9.26
2016-12-16,9.4,9.54,9.58,9.4
2016-12-19,9.5,9.44,9.54,9.4
2016-12-20,9.54,9.41,9.54,9.35
2016-12-21,9.49,9.54,9.63,9.42
2016-12-22,9.5,9.52,9.62,9.47
2016-12-23,9.48,9.38,9.52,9.34
2016-12-26,9.32,9.54,9.55,9.23
2016-12-27,9.5,9.54,9.61,9.49
2016-12-28,9.55,9.53,9.59,9.5
2016-12-29,9.5,9.5,9.62,9.48
2016-12-30,9.5,9.5,9.57,9.47
2017-01-03,9.54,9.67,9.77,9.46
2017-01-04,9.68,9.74,9.76,9.64
2017-01-05,9.77,9.7,9.82,9.7
2017-01-06,9.7,9.59,9.8,9.57
2017-01-09,9.6,9.63,9.68,9.51
2017-01-10,9.66,9.53,9.69,9.53
2017-01-11,9.56,9.52,9.56,9.39
2017-01-12,9.5,9.17,9.51,9.15
2017-01-13,9.09,8.4,9.14,8.37
2017-01-16,8.41,8.31,8.54,7.92
2017-01-17,8.3,8.32,8.46,8.04
2017-01-18,8.55,8.18,8.55,8.12
2017-01-19,8.06,8.19,8.24,8.04
2017-01-20,8.2,8.34,8.45,8.12
2017-01-23,8.21,8.36,8.47,8.2
2017-01-24,8.31,8.19,8.38,8.16
2017-01-25,8.18,8.25,8.26,8.14
2017-01-26,8.26,8.36,8.37,8.21
2017-02-03,8.4,8.34,8.41,8.28
2017-02-06,8.34,8.4,8.42,8.26
2017-02-07,8.38,8.39,8.43,8.31
2017-02-08,8.36,8.46,8.47,8.31
2017-02-09,8.45,8.7,8.86,8.44
2017-02-10,8.68,8.71,8.72,8.61
2017-02-13,8.69,8.73,8.74,8.61
2017-02-14,8.69,8.65,8.73,8.64
2017-02-15,8.63,8.65,8.8,8.55
2017-02-16,8.61,8.58,8.63,8.5
2017-02-17,8.58,8.62,8.69,8.5
2017-02-20,8.6,8.58,8.6,8.48
2017-02-21,8.55,8.8,8.83,8.54
2017-02-22,8.76,8.88,8.95,8.73
2017-02-23,8.96,9.03,9.04,8.76
2017-02-24,8.98,8.88,9.09,8.87
2017-02-27,8.88,9.03,9.17,8.87
2017-02-28,8.99,9.2,9.28,8.99
2017-03-01,9.16,9.32,9.44,9.15
2017-03-02,9.37,9.11,9.42,9.11
2017-03-03,9.13,9.12,9.13,8.96
2017-03-06,9.15,9.22,9.22,9.05
2017-03-07,9.19,9.12,9.27,9.01
2017-03-08,9.12,9.13,9.18,9.09
2017-03-09,9.13,9.05,9.13,8.99
2017-03-10,9.05,9.08,9.25,8.97
2017-03-13,9.08,9.1,9.14,8.98
2017-03-14,9.1,9.05,9.16,9.03
2017-03-15,9.06,9.05,9.12,9.01
2017-03-16,9.05,9.11,9.16,9.02
2017-03-17,9.07,9.07,9.19,8.9
2017-03-20,9.0,8.98,9.01,8.92
2017-03-21,8.98,9.05,9.1,8.93
2017-03-22,9.0,8.78,9.02,8.75
2017-03-23,8.77,8.73,8.86,8.65
2017-03-24,8.73,8.75,8.8,8.63
2017-03-27,8.75,8.66,8.79,8.66
2017-03-28,8.72,8.75,8.76,8.65
2017-03-29,8.77,8.57,8.8,8.56
2017-03-30,8.58,8.35,8.62,8.23
2017-03-31,8.4,8.35,8.4,8.28
2017-04-05,8.35,8.56,8.57,8.3
2017-04-06,8.52,8.76,8.82,8.5
2017-04-07,8.71,8.74,8.91,8.65
2017-04-10,8.92,8.82,9.04,8.8
2017-04-11,8.82,8.77,8.88,8.64
2017-04-12,8.8,8.77,8.88,8.72
2017-04-13,8.77,8.87,8.88,8.72
2017-04-14,8.89,8.72,8.9,8.72
2017-04-17,8.72,8.43,8.73,8.39
2017-04-18,8.41,8.38,8.54,8.38
2017-04-19,8.36,8.32,8.45,8.25
2017-04-20,8.3,8.27,8.38,8.23
2017-04-21,8.29,8.67,8.97,8.29
2017-04-24,8.68,8.36,8.72,8.36
2017-04-25,8.4,8.69,8.69,8.37
2017-04-26,8.69,8.88,8.93,8.57
2017-04-27,8.88,9.11,9.25,8.74
2017-04-28,9.11,9.08,9.13,9.0
2017-05-02,9.08,9.02,9.24,9.0
2017-05-03,8.97,9.22,9.24,8.95
2017-05-04,9.2,9.22,9.45,9.16
2017-05-05,9.16,9.04,9.17,8.96
2017-05-08,9.0,9.07,9.25,9.0
2017-05-09,9.01,9.05,9.1,8.75
2017-05-10,9.08,8.99,9.14,8.85
2017-05-11,8.99,9.3,9.37,8.84
2017-05-12,9.33,9.13,9.36,9.11
2017-05-15,9.07,9.09,9.13,9.01
2017-05-16,9.09,9.44,9.49,9.01
2017-05-17,9.45,9.47,9.67,9.4
2017-05-18,9.32,9.3,9.5,9.26
2017-05-19,9.27,9.45,9.46,9.26
2017-05-22,9.45,9.21,9.57,9.15
2017-05-23,9.22,9.0,9.34,8.91
2017-05-24,8.95,8.88,9.13,8.74
2017-05-25,8.87,8.69,8.9,8.43
2017-05-26,8.65,8.69,8.89,8.65
2017-05-31,8.85,8.71,8.89,8.65
2017-06-01,8.68,8.5,8.74,8.5
2017-06-02,8.55,8.69,8.74,8.43
2017-06-05,8.74,8.72,8.8,8.66
2017-06-06,8.68,8.78,8.8,8.67
2017-06-07,8.75,8.99,9.0,8.73
2017-06-08,8.99,8.88,9.0,8.85
2017-06-09,8.92,8.79,8.93,8.74
2017-06-12,8.85,8.55,8.86,8.53
2017-06-13,8.6,8.67,8.74,8.55
2017-06-14,8.65,8.69,8.71,8.62
2017-06-15,8.72,8.8,8.88,8.63
2017-06-16,8.76,8.72,8.83,8.67
2017-06-19,8.75,8.87,8.94,8.66
2017-06-20,8.91,8.84,8.94,8.82
2017-06-21,8.89,8.88,8.91,8.75
2017-06-22,8.88,8.59,8.88,8.59
2017-06-23,8.68,8.64,8.68,8.47
2017-06-26,8.62,8.74,8.75,8.56
2017-06-27,8.71,8.79,8.81,8.7
2017-06-28,8.78,8.67,8.8,8.65
2017-06-29,8.68,8.67,8.75,8.63
2017-06-30,8.62,8.63,8.65,8.55
2017-07-03,8.63,8.99,9.05,8.62
2017-07-04,8.96,9.0,9.03,8.87
2017-07-05,9.03,9.01,9.04,8.93
2017-07-06,9.05,9.0,9.18,8.99
2017-07-07,9.03,9.0,9.04,8.88
2017-07-10,8.99,8.87,9.01,8.85
2017-07-11,8.92,8.82,8.95,8.79
2017-07-12,8.96,9.14,9.18,8.91
2017-07-13,9.1,9.13,9.17,9.03
2017-07-14,9.21,9.03,9.24,8.97
2017-07-17,8.9,8.24,9.0,8.15
2017-07-18,8.19,8.28,8.39,8.13
2017-07-19,8.28,8.37,8.44,8.23
2017-07-20,8.4,8.37,8.54,8.35
2017-07-21,8.37,8.39,8.42,8.32
2017-07-24,8.32,8.45,8.45,8.3
2017-07-25,8.47,8.41,8.49,8.37
2017-07-26,8.39,8.38,8.46,8.34
2017-07-27,8.43,8.6,8.67,8.35
2017-07-28,8.56,8.51,8.63,8.49
2017-07-31,8.51,8.51,8.58,8.45
2017-08-01,8.51,8.54,8.61,8.5
2017-08-02,8.52,8.38,8.55,8.38
2017-08-03,8.37,8.4,8.54,8.35
2017-08-04,8.43,8.4,8.49,8.36
2017-08-07,8.38,8.48,8.53,8.38
2017-08-08,8.46,8.51,8.54,8.45
2017-08-09,8.51,8.52,8.56,8.47
2017-08-10,8.52,8.37,8.52,8.33
2017-08-11,8.37,8.35,8.42,8.33
2017-08-14,8.34,8.51,8.51,8.31
2017-08-15,8.52,8.49,8.57,8.44
2017-08-16,8.49,8.61,8.66,8.45
2017-08-17,8.6,8.71,8.85,8.56
2017-08-18,8.67,8.73,8.78,8.61
2017-08-21,8.72,8.75,8.75,8.66
2017-08-22,8.78,8.6,8.79,8.58
2017-08-23,8.58,8.82,8.93,8.55
2017-08-24,8.77,8.68,8.79,8.62
2017-08-25,8.7,8.73,8.79,8.62
2017-08-28,8.73,8.82,8.93,8.73
2017-08-29,8.82,8.8,8.86,8.75
2017-08-30,8.79,8.73,8.83,8.72
2017-08-31,8.74,8.77,8.78,8.67
2017-09-01,8.77,8.85,8.97,8.73
2017-09-04,8.86,8.89,8.94,8.8
2017-09-05,8.93,9.12,9.16,8.87
2017-09-06,9.13,9.15,9.17,9.05
2017-09-07,9.13,9.27,9.38,9.12
2017-09-08,9.25,9.35,9.45,9.18
2017-09-11,9.3,9.39,9.42,9.28
2017-09-12,9.39,9.36,9.43,9.33
2017-09-13,9.36,9.33,9.36,9.22
2017-09-14,9.33,9.32,9.39,9.25
2017-09-15,9.3,9.41,9.58,9.26
2017-09-18,9.4,9.31,9.48,9.3
2017-09-19,9.31,9.28,9.46,9.28
2017-09-20,9.26,9.3,9.33,9.21
2017-09-21,9.22,9.24,9.47,9.22
2017-09-22,9.2,9.28,9.33,9.18
2017-09-25,9.28,9.14,9.31,9.14
2017-09-26,9.09,8.96,9.21,8.89
2017-09-27,8.96,9.09,9.15,8.95
2017-09-28,9.09,8.97,9.13,8.97
2017-09-29,8.99,9.13,9.17,8.99
2017-10-09,9.23,9.19,9.32,9.14
2017-10-10,9.19,10.11,10.11,9.19
2017-10-11,10.8,10.21,11.12,10.17
2017-10-12,10.2,10.16,10.36,9.89
2017-10-13,10.09,9.99,10.33,9.92
2017-10-16,9.96,9.75,9.96,9.65
2017-10-17,9.75,9.72,9.82,9.65
2017-10-18,9.77,9.57,9.88,9.57
2017-10-19,9.66,9.89,9.97,9.55
2017-10-20,9.8,9.79,9.97,9.6
2017-10-23,9.75,9.7,9.78,9.62
2017-10-24,9.69,9.52,9.71,9.33
2017-10-25,9.45,9.63,9.65,9.44
2017-10-26,9.61,9.67,9.71,9.54
2017-10-27,9.57,9.71,9.85,9.56
2017-10-30,9.77,9.28,9.79,9.22
2017-10-31,9.21,9.3,9.35,9.2
2017-11-01,9.3,9.34,9.41,9.25
2017-11-02,9.39,9.27,9.44,9.23
2017-11-03,9.28,9.01,9.35,8.93
2017-11-06,9.0,9.28,9.34,8.97
2017-11-07,9.29,9.4,9.41,9.24
2017-11-08,9.39,9.34,9.44,9.32
2017-11-09,9.34,9.43,9.46,9.28
2017-11-10,9.38,9.44,9.48,9.37
2017-11-13,9.42,9.29,9.42,9.27
2017-11-14,9.3,9.18,9.34,9.14
2017-11-15,9.23,9.24,9.27,9.15
2017-11-16,9.23,9.42,9.6,9.16
2017-11-17,9.36,9.12,9.52,9.12
2017-11-20,9.0,8.76,9.09,8.21
2017-11-21,8.7,8.76,8.96,8.65
2017-11-22,8.71,8.58,8.78,8.53
2017-11-23,8.5,8.48,8.59,8.4
2017-11-24,8.47,8.44,8.51,8.38
2017-11-27,8.44,8.44,8.52,8.37
2017-11-28,8.4,8.54,8.54,8.4
2017-11-29,8.56,8.52,8.63,8.45
2017-11-30,8.49,8.41,8.56,8.41
2017-12-01,8.4,8.51,8.6,8.37
2017-12-04,8.48,8.42,8.54,8.41
2017-12-05,8.42,8.3,8.42,8.28
2017-12-06,8.32,8.44,8.44,8.28
2017-12-07,8.44,8.5,8.59,8.44
2017-12-08,8.46,8.5,8.53,8.39
2017-12-11,8.48,8.58,8.62,8.45
2017-12-12,8.55,8.45,8.55,8.45
2017-12-13,8.41,8.45,8.5,8.39
2017-12-14,8.45,8.59,8.63,8.38
2017-12-15,8.55,8.56,8.65,8.45
2017-12-18,8.57,8.58,8.61,8.5
2017-12-19,8.6,8.65,8.68,8.57
2017-12-20,8.62,8.68,8.8,8.6
2017-12-21,8.68,8.64,8.69,8.59
2017-12-22,8.59,8.56,8.65,8.56
2017-12-25,8.53,8.5,8.65,8.45
2017-12-26,8.47,8.37,8.53,8.29
2017-12-27,8.35,8.38,8.48,8.32
2017-12-28,8.38,8.31,8.4,8.3
2017-12-29,8.32,8.36,8.38,8.29
2018-01-02,8.4,8.39,8.46,8.3
2018-01-03,8.43,8.58,8.63,8.35
2018-01-04,8.61,8.66,8.67,8.51
2018-01-05,8.66,8.57,8.66,8.55
2018-01-08,8.57,8.62,8.67,8.42
2018-01-09,8.6,8.67,8.9,8.59
2018-01-10,8.71,8.58,8.71,8.55
2018-01-11,8.55,8.61,8.62,8.54
2018-01-12,8.56,8.45,8.63,8.44
2018-01-15,8.45,7.93,8.46,7.7
2018-01-16,8.08,7.65,8.08,7.58
2018-01-17,7.65,7.59,7.65,7.32
2018-01-18,7.55,7.6,7.72,7.53
2018-01-19,7.64,7.6,7.71,7.56
2018-01-22,7.63,7.57,7.63,7.38
2018-01-23,7.54,7.47,7.56,7.45
2018-01-24,7.45,7.59,7.65,7.43
2018-01-25,7.57,7.57,7.68,7.52
2018-01-26,7.57,7.52,7.57,7.49
2018-01-29,7.55,7.42,7.55,7.42
2018-01-30,7.43,7.52,7.55,7.43
2018-01-31,7.44,7.35,7.47,7.11
2018-02-01,7.33,6.94,7.39,6.87
2018-02-02,6.47,6.83,6.9,6.47
2018-02-05,6.68,6.78,6.87,6.62
2018-02-06,6.6,6.36,6.65,6.31
2018-02-07,6.51,6.43,6.55,6.37
2018-02-08,6.49,6.51,6.53,6.39
2018-02-09,6.43,6.27,6.49,6.2
2018-02-12,6.38,6.42,6.45,6.29
2018-02-13,6.42,6.53,7.05,6.42
2018-02-14,6.54,6.44,6.6,6.26
2018-02-22,6.53,6.47,6.53,6.35
2018-02-23,6.44,6.56,6.61,6.43
2018-02-26,6.59,6.76,6.76,6.55
2018-02-27,6.74,6.78,6.81,6.66
2018-02-28,6.67,6.8,6.89,6.61
2018-03-01,6.8,6.99,7.02,6.72
2018-03-02,6.9,6.87,7.01,6.87
2018-03-05,6.83,6.94,6.96,6.82
2018-03-06,6.97,7.03,7.12,6.92
2018-03-07,6.98,6.96,7.02,6.92
2018-03-08,6.88,7.03,7.05,6.88
2018-03-09,7.04,7.19,7.2,7.0
2018-03-12,7.28,7.25,7.38,7.21
2018-03-13,7.26,7.26,7.62,7.18
2018-03-14,7.17,7.19,7.24,7.11
2018-03-15,7.19,7.0,7.19,6.96
2018-03-16,7.03,6.99,7.14,6.9
2018-03-19,6.95,7.1,7.13,6.95
2018-03-20,7.03,7.32,7.38,7.02
2018-03-21,7.33,7.14,7.33,7.1
2018-03-22,7.13,7.15,7.22,7.11
2018-03-23,7.0,6.86,7.02,6.74
2018-03-26,6.85,6.96,6.98,6.74
2018-03-27,7.08,7.19,7.35,6.97
2018-03-28,7.06,7.35,7.4,7.06
2018-03-29,7.39,7.27,7.51,7.23
2018-03-30,7.3,7.49,7.5,7.23
2018-04-02,7.64,8.05,8.24,7.57
2018-04-03,7.88,7.93,8.2,7.72
2018-04-04,7.96,7.88,7.98,7.73
2018-04-09,7.83,7.82,7.95,7.72
2018-04-10,7.72,7.7,7.75,7.53
2018-04-11,7.69,7.56,7.7,7.49
2018-04-12,7.5,7.66,7.82,7.49
2018-04-13,7.9,7.56,7.95,7.56
2018-04-16,7.45,7.45,7.5,7.36
2018-04-17,7.49,7.14,7.55,7.12
2018-04-18,7.26,7.25,7.3,7.07
2018-04-19,7.27,7.25,7.32,7.19
2018-04-20,7.2,7.03,7.2,7.01
2018-04-23,7.01,6.95,7.11,6.9
2018-04-24,7.02,7.12,7.16,6.98
2018-04-25,7.13,7.22,7.24,7.11
2018-04-26,7.22,7.02,7.22,7.01
2018-04-27,7.07,7.23,7.24,7.03
2018-05-02,7.23,7.4,7.42,7.15
2018-05-03,7.31,7.35,7.39,7.22
2018-05-04,7.42,7.55,7.63,7.36
2018-05-07,7.49,7.59,7.63,7.49
2018-05-08,7.53,7.58,7.7,7.51
2018-05-09,7.57,7.5,7.59,7.43
2018-05-10,7.43,7.7,7.75,7.43
2018-05-11,7.65,7.55,7.7,7.53
2018-05-14,7.54,7.37,7.54,7.31
2018-05-15,7.39,7.39,7.41,7.21
2018-05-16,7.36,7.44,7.46,7.25
2018-05-17,7.42,7.49,7.66,7.38
2018-05-18,7.49,7.54,7.55,7.4
2018-05-21,7.57,7.63,7.71,7.55
2018-05-22,7.66,7.77,7.78,7.58
2018-05-23,7.73,7.61,7.84,7.61
2018-05-24,7.61,7.65,7.75,7.61
2018-05-25,7.66,7.75,7.85,7.61
2018-05-28,7.75,7.84,7.94,7.71
2018-05-29,7.9,7.84,8.14,7.77
2018-05-30,7.76,7.49,7.79,7.41
2018-05-31,7.55,7.67,7.7,7.47
2018-06-01,7.6,7.49,7.63,7.42
2018-06-04,7.58,7.47,7.58,7.4
2018-06-05,7.45,7.62,7.64,7.45
2018-06-06,7.67,7.54,7.67,7.45
2018-06-07,7.6,7.43,7.6,7.37
2018-06-08,7.42,7.39,7.42,7.3
2018-06-11,7.4,7.31,7.45,7.3
2018-06-12,7.3,7.28,7.3,7.21
2018-06-13,7.29,7.22,7.29,7.15
2018-06-14,7.22,7.16,7.26,7.15
2018-06-15,7.19,7.0,7.25,6.97
2018-06-19,7.0,6.3,7.0,6.3
2018-06-20,6.35,6.3,6.37,6.07
2018-06-21,6.3,5.98,6.37,5.91
2018-06-22,5.85,6.11,6.2,5.85
2018-06-25,6.2,6.06,6.25,6.06
2018-06-26,6.0,6.1,6.28,5.95
2018-06-27,6.16,5.99,6.23,5.96
2018-06-28,6.03,5.99,6.12,5.97
2018-06-29,6.05,6.28,6.28,6.01
2018-07-02,6.28,6.1,6.28,6.05
2018-07-03,6.1,6.13,6.16,6.0
2018-07-04,6.15,5.97,6.15,5.95
2018-07-05,5.97,5.72,6.02,5.63
2018-07-06,5.75,5.69,5.88,5.41
2018-07-09,5.89,5.9,5.95,5.76
2018-07-10,5.85,6.04,6.3,5.82
2018-07-11,6.0,5.86,6.02,5.78
2018-07-12,5.92,6.01,6.05,5.87
2018-07-13,6.02,6.01,6.08,5.95
2018-07-16,5.92,5.97,6.0,5.82
2018-07-17,5.91,5.92,5.97,5.87
2018-07-18,5.91,5.96,6.02,5.91
2018-07-19,5.96,5.84,6.02,5.8
2018-07-20,5.84,5.86,5.92,5.75
2018-07-23,5.86,6.02,6.05,5.78
2018-07-24,6.01,6.13,6.16,5.95
2018-07-25,6.15,6.2,6.26,6.06
2018-07-26,6.18,6.21,6.25,6.1
2018-07-27,6.18,6.1,6.23,6.07
2018-07-30,6.09,5.99,6.12,5.91
2018-07-31,5.94,6.01,6.08,5.94
2018-08-01,6.07,6.01,6.13,6.01
2018-08-02,6.08,5.9,6.08,5.81
2018-08-03,5.94,5.85,5.98,5.84
2018-08-06,5.84,5.75,5.89,5.71
2018-08-07,5.82,5.87,5.89,5.71
2018-08-08,5.87,5.98,6.04,5.87
2018-08-09,5.96,6.07,6.12,5.92
2018-08-10,6.09,6.07,6.11,6.0
2018-08-13,6.02,6.09,6.11,5.91
2018-08-14,6.03,6.14,6.18,6.03
2018-08-15,6.1,6.0,6.16,6.0
2018-08-16,6.0,6.11,6.4,5.92
2018-08-17,6.11,5.91,6.22,5.88
2018-08-20,5.9,5.88,5.95,5.74
2018-08-21,5.88,5.92,5.99,5.85
2018-08-22,5.92,5.86,5.92,5.85
2018-08-23,5.86,5.87,5.92,5.84
2018-08-24,5.92,5.91,5.95,5.88
2018-08-27,5.88,6.07,6.08,5.88
2018-08-28,6.08,6.09,6.15,6.06
2018-08-29,6.1,6.15,6.2,6.07
2018-08-30,6.27,6.16,6.49,6.15
2018-08-31,6.11,6.1,6.19,6.02
2018-09-03,6.06,6.16,6.19,6.06
2018-09-04,6.11,6.17,6.23,6.11
2018-09-05,6.17,6.03,6.22,6.03
2018-09-06,6.03,6.04,6.08,5.98
2018-09-07,6.01,6.06,6.15,6.01
2018-09-10,6.07,6.24,6.42,6.04
2018-09-11,6.26,6.2,6.3,6.12
2018-09-12,6.15,6.2,6.23,6.14
2018-09-13,6.27,6.16,6.29,6.09
2018-09-14,6.15,6.23,6.4,6.15
2018-09-17,6.18,6.42,6.42,6.15
2018-09-18,6.37,6.58,6.6,6.29
2018-09-19,6.55,6.54,6.63,6.45
2018-09-20,6.54,6.81,6.83,6.5
2018-09-21,6.77,6.84,6.85,6.72
2018-09-25,6.78,6.7,6.83,6.62
2018-09-26,6.73,6.7,6.78,6.6
2018-09-27,6.66,6.61,6.79,6.58
2018-09-28,6.62,6.69,6.78,6.62
2018-10-08,6.69,6.43,6.69,6.41
2018-10-09,6.44,6.39,6.51,6.3
2018-10-10,6.38,6.49,6.54,6.36
2018-10-11,6.33,5.84,6.33,5.84
2018-10-12,5.88,5.65,5.88,5.45
2018-10-15,5.8,5.64,5.8,5.62
2018-10-16,5.64,5.6,5.71,5.42
2018-10-17,5.7,5.58,5.7,5.43
2018-10-18,5.46,5.35,5.57,5.31
2018-10-19,5.34,5.5,5.55,5.23
2018-10-22,5.57,5.7,5.8,5.55
2018-10-23,5.73,5.6,5.74,5.55
2018-10-24,5.6,5.66,5.74,5.59
2018-10-25,5.42,5.64,5.67,5.4
2018-10-26,5.66,5.62,5.73,5.61
2018-10-29,5.63,5.58,5.63,5.54
2018-10-30,5.61,5.61,5.68,5.52
2018-10-31,5.63,5.83,5.84,5.63
2018-11-01,5.83,5.76,5.95,5.76
2018-11-02,5.81,5.93,6.0,5.76
2018-11-05,5.9,5.89,5.96,5.8
2018-11-06,5.84,5.88,5.9,5.73
2018-11-07,5.88,5.81,5.95,5.8
2018-11-08,5.88,5.71,5.88,5.71
2018-11-09,5.73,5.71,5.78,5.65
2018-11-12,5.7,5.87,5.88,5.66
2018-11-13,5.86,5.99,6.03,5.79
2018-11-14,6.03,5.94,6.1,5.89
2018-11-15,5.98,6.11,6.12,5.95
2018-11-16,6.11,6.27,6.38,6.1
2018-11-19,6.26,6.29,6.35,6.25
2018-11-20,6.23,6.18,6.39,6.14
2018-11-21,6.2,6.37,6.49,6.1
2018-11-22,6.37,6.46,6.52,6.34
2018-11-23,6.46,5.98,6.46,5.98
2018-11-26,6.02,6.02,6.17,5.96
2018-11-27,6.08,6.04,6.13,5.99
2018-11-28,6.09,6.12,6.12,5.86
2018-11-29,6.15,6.0,6.2,5.98
2018-11-30,6.05,6.0,6.05,5.9
2018-12-03,6.19,6.22,6.29,6.15
2018-12-04,6.22,6.39,6.46,6.2
2018-12-05,6.3,6.44,6.56,6.25
2018-12-06,6.45,6.35,6.52,6.26
2018-12-07,6.4,6.24,6.42,6.21
2018-12-10,6.23,6.13,6.23,6.1
2018-12-11,6.2,6.14,6.2,6.09
2018-12-12,6.14,6.14,6.16,6.1
2018-12-13,6.16,6.3,6.3,6.12
2018-12-14,6.28,6.15,6.32,6.12
2018-12-17,6.16,6.11,6.16,6.04
2018-12-18,6.05,6.02,6.11,5.89
2018-12-19,6.05,5.84,6.05,5.84
2018-12-20,5.88,5.82,5.89,5.78
2018-12-21,5.74,5.78,5.82,5.72
2018-12-24,5.71,5.9,5.93,5.71
2018-12-25,5.84,5.93,5.95,5.76
2018-12-26,5.93,5.88,5.94,5.87
2018-12-27,5.98,5.94,6.05,5.88
2018-12-28,5.94,5.83,6.0,5.82
2019-01-02,5.84,5.7,5.87,5.65
2019-01-03,5.7,5.6,5.78,5.6
2019-01-04,5.59,5.73,5.79,5.59
2019-01-07,5.8,5.82,5.87,5.75
2019-01-08,5.82,5.98,5.98,5.79
2019-01-09,5.94,6.06,6.52,5.87
2019-01-10,6.0,6.0,6.15,5.98
2019-01-11,6.07,6.07,6.11,6.0
2019-01-14,6.08,6.09,6.14,6.06
2019-01-15,6.04,6.17,6.19,6.04
2019-01-16,6.17,6.14,6.21,6.11
2019-01-17,6.18,6.03,6.18,6.03
2019-01-18,6.07,6.11,6.11,6.05
2019-01-21,6.15,6.09,6.21,6.05
2019-01-22,6.15,5.99,6.16,5.95
2019-01-23,6.09,6.09,6.18,6.05
2019-01-24,6.09,6.1,6.13,6.0
2019-01-25,6.08,6.05,6.16,6.03
2019-01-28,6.07,6.08,6.22,6.05
2019-01-29,6.13,6.06,6.13,5.98
2019-01-30,6.03,5.96,6.06,5.94
2019-01-31,5.94,5.8,6.02,5.78
2019-02-01,5.84,6.03,6.05,5.84
2019-02-11,6.08,6.15,6.19,6.03
2019-02-12,6.18,6.17,6.21,6.14
2019-02-13,6.19,6.27,6.36,6.13
2019-02-14,6.27,6.26,6.37,6.22
2019-02-15,6.24,6.23,6.29,6.21
2019-02-18,6.25,6.38,6.43,6.24
2019-02-19,6.4,6.38,6.46,6.26
2019-02-20,6.38,6.34,6.38,6.21
2019-02-21,6.3,6.32,6.48,6.2
2019-02-22,6.27,6.47,6.51,6.24
2019-02-25,6.71,6.74,6.78,6.61
2019-02-26,6.68,6.81,6.93,6.61
2019-02-27,6.75,6.62,6.81,6.57
2019-02-28,6.62,6.75,6.95,6.6
2019-03-01,6.75,6.72,6.78,6.58
2019-03-04,6.71,6.8,6.97,6.71
2019-03-05,6.78,6.98,6.98,6.71
2019-03-06,7.03,7.1,7.18,6.88
2019-03-07,7.09,7.0,7.11,6.92
2019-03-08,6.82,6.58,6.94,6.58
2019-03-11,6.57,7.01,7.02,6.56
2019-03-12,7.05,7.0,7.06,6.87
2019-03-13,6.98,6.76,6.98,6.73
2019-03-14,6.75,6.63,6.89,6.52
2019-03-15,6.63,6.8,6.85,6.63
2019-03-18,6.82,6.97,6.98,6.73
2019-03-19,6.96,6.99,7.0,6.89
2019-03-20,6.95,6.88,6.99,6.7
2019-03-21,6.96,7.08,7.14,6.87
2019-03-22,7.1,7.17,7.22,7.0
2019-03-25,7.08,6.95,7.15,6.94
2019-03-26,7.04,6.84,7.04,6.76
2019-03-27,6.87,6.95,6.95,6.79
2019-03-28,6.9,6.66,6.91,6.63
2019-03-29,6.67,6.87,6.91,6.62
2019-04-01,6.94,7.1,7.15,6.88
2019-04-02,7.17,7.07,7.2,7.06
2019-04-03,7.06,7.26,7.35,7.02
2019-04-04,7.26,7.19,7.3,7.16
2019-04-08,7.24,7.12,7.25,6.94
2019-04-09,7.21,7.25,7.27,7.07
2019-04-10,7.78,7.61,7.98,7.61
2019-04-11,7.46,7.98,8.19,7.45
2019-04-12,7.84,7.74,8.04,7.68
2019-04-15,7.88,8.0,8.33,7.88
2019-04-16,7.96,8.38,8.38,7.92
2019-04-17,8.7,9.11,9.22,8.58
2019-04-18,9.18,8.79,9.18,8.72
2019-04-19,8.75,9.47,9.6,8.72
2019-04-22,9.48,9.36,9.61,9.1
2019-04-23,9.3,8.74,9.35,8.42
2019-04-24,8.51,8.61,8.74,8.49
2019-04-25,8.67,8.21,8.85,8.1
2019-04-26,8.04,8.12,8.37,8.04
2019-04-29,8.23,7.67,8.27,7.6
2019-04-30,7.77,7.67,7.83,7.51
2019-05-06,7.38,7.1,7.49,6.99
2019-05-07,7.2,7.33,7.37,7.15
2019-05-08,7.19,7.26,7.49,7.06
2019-05-09,7.27,7.28,7.42,7.16
2019-05-10,7.37,7.6,7.63,7.14
2019-05-13,7.49,7.28,7.49,7.23
2019-05-14,7.16,7.28,7.42,7.13
2019-05-15,7.37,7.55,7.57,7.35
2019-05-16,7.51,7.61,7.81,7.51
2019-05-17,7.57,7.35,7.69,7.32
2019-05-20,7.48,7.46,7.48,7.14
2019-05-21,7.46,7.59,7.7,7.37
2019-05-22,7.6,7.37,7.67,7.3
2019-05-23,7.31,7.08,7.38,7.01
2019-05-24,7.09,7.01,7.19,6.96
2019-05-27,7.01,7.21,7.28,6.98
2019-05-28,7.26,7.27,7.35,7.22
2019-05-29,7.27,7.2,7.31,7.15
2019-05-30,7.18,6.88,7.19,6.73
2019-05-31,6.86,6.87,6.98,6.85
2019-06-03,6.87,6.82,6.96,6.7
2019-06-04,6.78,6.69,6.85,6.52
2019-06-05,6.74,6.47,6.76,6.42
2019-06-06,6.47,6.31,6.5,6.24
2019-06-10,6.34,6.33,6.44,6.28
2019-06-11,6.23,6.52,6.56,6.2
2019-06-12,6.52,6.34,6.53,6.32
2019-06-13,6.34,6.47,6.52,6.3
2019-06-14,6.47,6.47,6.69,6.42
2019-06-17,6.47,6.37,6.48,6.28
2019-06-18,6.38,6.43,6.46,6.34
2019-06-19,6.6,6.47,6.61,6.44
2019-06-20,6.45,6.71,6.73,6.45
2019-06-21,6.78,6.9,6.97,6.77
2019-06-24,6.8,6.9,6.92,6.71
2019-06-25,6.85,6.78,6.89,6.63
2019-06-26,6.78,6.9,6.93,6.66
2019-06-27,6.92,6.96,6.99,6.87
2019-06-28,6.96,6.73,6.98,6.69
2019-07-01,6.9,7.02,7.02,6.8
2019-07-02,7.01,7.02,7.02,6.9
2019-07-03,6.97,7.21,7.46,6.9
2019-07-04,7.16,7.2,7.35,7.0
2019-07-05,7.2,7.28,7.32,7.1
2019-07-08,7.26,7.02,7.26,7.0
2019-07-09,6.99,7.16,7.18,6.89
2019-07-10,7.15,7.28,7.33,7.05
2019-07-11,8.01,8.01,8.01,8.01
2019-07-12,7.96,7.85,8.07,7.66
2019-07-15,7.69,7.58,7.72,7.35
2019-07-16,7.6,7.65,7.88,7.52
2019-07-17,7.5,7.38,7.56,7.36
2019-07-18,7.32,7.08,7.32,7.08
2019-07-19,7.08,7.13,7.25,7.07
2019-07-22,7.13,7.04,7.16,6.91
2019-07-23,7.04,7.15,7.19,7.02
2019-07-24,7.18,7.19,7.27,7.15
2019-07-25,7.14,7.42,7.5,7.13
2019-07-26,7.37,7.37,7.46,7.33
2019-07-29,7.42,7.39,7.45,7.33
2019-07-30,7.4,7.36,7.49,7.33
2019-07-31,7.35,7.53,7.67,7.29
2019-08-01,7.46,7.64,7.67,7.35
2019-08-02,7.42,7.43,7.52,7.34
2019-08-05,7.38,7.2,7.45,7.16
2019-08-06,7.05,7.17,7.22,6.9
2019-08-07,7.18,6.75,7.22,6.75
2019-08-08,6.81,7.06,7.14,6.76
2019-08-09,7.13,6.93,7.19,6.83
2019-08-12,6.95,6.95,7.07,6.81
2019-08-13,6.92,6.8,6.92,6.75
2019-08-14,6.9,6.93,7.03,6.89
2019-08-15,6.77,7.15,7.18,6.75
2019-08-16,7.16,7.22,7.29,7.11
2019-08-19,7.57,7.49,7.61,7.33
2019-08-20,7.49,7.67,7.8,7.45
2019-08-21,7.65,7.56,7.71,7.51
2019-08-22,7.63,7.6,7.63,7.45
2019-08-23,7.58,7.5,7.6,7.35
2019-08-26,7.35,7.47,7.52,7.25
2019-08-27,7.5,7.43,7.63,7.42
2019-08-28,7.49,7.36,7.49,7.33
2019-08-29,7.43,7.33,7.43,7.28
2019-08-30,7.36,7.13,7.39,7.06
2019-09-02,7.13,7.31,7.33,7.1
2019-09-03,7.36,7.32,7.48,7.24
2019-09-04,7.3,7.36,7.4,7.19
2019-09-05,7.36,7.42,7.48,7.34
2019-09-06,7.44,7.38,7.45,7.33
2019-09-09,7.48,7.6,7.6,7.37
2019-09-10,7.68,7.7,7.76,7.53
2019-09-11,7.7,7.6,7.8,7.58
2019-09-12,7.65,7.64,7.7,7.57
2019-09-16,7.68,7.67,7.73,7.58
2019-09-17,7.59,7.41,7.65,7.35
2019-09-18,7.44,7.37,7.46,7.36
2019-09-19,7.4,7.49,7.52,7.33
2019-09-20,7.52,7.47,7.55,7.42
2019-09-23,7.48,7.36,7.48,7.2
2019-09-24,7.4,7.34,7.46,7.32
2019-09-25,7.27,7.07,7.28,7.05
2019-09-26,7.07,6.92,7.11,6.86
2019-09-27,6.86,6.91,6.98,6.86
2019-09-30,6.89,6.88,6.96,6.85
2019-10-08,6.87,6.86,6.96,6.84
2019-10-09,6.88,6.88,6.88,6.72
2019-10-10,6.86,7.05,7.08,6.8
2019-10-11,7.04,7.04,7.13,7.02
2019-10-14,7.09,7.16,7.2,6.99
2019-10-15,7.1,7.18,7.21,7.02
2019-10-16,7.18,7.09,7.23,7.08
2019-10-17,7.09,7.24,7.3,7.09
2019-10-18,7.25,7.12,7.28,7.1
2019-10-21,7.08,7.15,7.2,6.98
2019-10-22,7.11,7.11,7.18,7.05
2019-10-23,7.15,7.27,7.35,7.1
2019-10-24,7.21,7.23,7.3,7.07
2019-10-25,7.27,7.23,7.27,7.1
2019-10-28,7.19,7.42,7.42,7.16
2019-10-29,7.4,7.4,7.53,7.35
2019-10-30,7.45,7.34,7.54,7.32
2019-10-31,7.48,7.26,7.48,7.23
2019-11-01,7.22,7.39,7.45,7.18
2019-11-04,7.45,7.44,7.54,7.42
2019-11-05,7.39,7.5,7.56,7.32
2019-11-06,7.45,7.34,7.5,7.3
2019-11-07,7.36,7.48,7.49,7.23
2019-11-08,7.51,7.4,7.58,7.39
2019-11-11,7.36,7.23,7.36,7.08
2019-11-12,7.14,7.03,7.21,6.95
2019-11-13,7.03,6.98,7.05,6.9
2019-11-14,6.97,6.99,7.03,6.92
2019-11-15,7.03,6.85,7.03,6.83
2019-11-18,6.87,6.91,6.93,6.8
2019-11-19,6.88,7.06,7.07,6.86
2019-11-20,7.06,7.06,7.16,7.01
2019-11-21,7.01,7.29,7.34,7.01
2019-11-22,7.33,7.28,7.49,7.18
2019-11-25,7.22,7.13,7.3,7.05
2019-11-26,7.15,7.17,7.17,7.07
2019-11-27,7.12,7.14,7.2,7.06
2019-11-28,7.13,7.04,7.14,6.96
2019-11-29,7.04,6.97,7.04,6.94
2019-12-02,6.97,7.04,7.04,6.94
2019-12-03,7.02,7.08,7.09,6.91
2019-12-04,7.01,7.05,7.08,7.0
2019-12-05,7.05,7.07,7.13,7.03
2019-12-06,7.07,7.12,7.13,7.04
2019-12-09,7.1,7.08,7.14,7.0
2019-12-10,7.04,7.22,7.22,7.01
2019-12-11,7.26,7.17,7.27,7.1
2019-12-12,7.16,7.13,7.16,7.08
2019-12-13,7.15,7.26,7.26,7.12
2019-12-16,7.29,7.31,7.36,7.22
2019-12-17,7.31,7.32,7.36,7.25
2019-12-18,7.34,7.42,7.52,7.27
2019-12-19,7.4,7.42,7.45,7.3
2019-12-20,7.43,7.28,7.44,7.27
2019-12-23,7.27,7.08,7.29,7.07
2019-12-24,7.08,7.23,7.23,7.05
2019-12-25,7.2,7.2,7.23,7.15
2019-12-26,7.22,7.27,7.27,7.18
2019-12-27,7.27,7.17,7.28,7.11
2019-12-30,7.1,7.14,7.15,6.99
2019-12-31,7.16,7.22,7.24,7.09
2020-01-02,7.28,7.26,7.31,7.19
2020-01-03,7.28,7.28,7.34,7.24
2020-01-06,7.25,7.45,7.53,7.22
2020-01-07,7.48,7.48,7.51,7.42
2020-01-08,7.45,7.33,7.45,7.29
2020-01-09,7.38,7.78,7.95,7.38
2020-01-10,7.82,7.91,7.98,7.72
2020-01-13,7.92,7.88,7.96,7.75
2020-01-14,7.86,7.79,7.88,7.74
2020-01-15,7.79,7.73,7.87,7.59
2020-01-16,7.72,7.74,7.81,7.66
2020-01-17,7.76,7.68,7.86,7.67
2020-01-20,7.8,7.98,8.18,7.73
2020-01-21,8.24,8.06,8.55,7.95
2020-01-22,8.15,7.83,8.17,7.61
2020-01-23,7.8,7.48,7.88,7.32
2020-02-03,7.84,8.14,8.23,7.12
2020-02-04,8.23,8.7,8.88,7.85
2020-02-05,9.0,9.57,9.57,8.85
2020-02-06,9.96,10.53,10.53,9.65
2020-02-07,11.15,9.92,11.49,9.66
2020-02-10,9.88,10.0,10.22,9.72
2020-02-11,9.98,9.17,9.99,9.0
2020-02-12,9.0,9.09,9.22,8.86
2020-02-13,9.19,9.11,9.27,8.84
2020-02-14,9.12,9.06,9.19,8.99
2020-02-17,9.14,9.61,9.75,9.09
2020-02-18,9.64,9.63,9.85,9.31
2020-02-19,9.6,9.2,9.61,9.2
2020-02-20,9.15,9.18,9.27,8.98
2020-02-21,9.15,9.45,9.48,9.06
2020-02-24,9.79,10.4,10.4,9.78
2020-02-25,10.49,10.9,11.28,10.25
2020-02-26,10.79,10.42,11.33,10.3
2020-02-27,10.44,10.39,10.74,10.09
2020-02-28,10.12,10.4,10.93,10.01
2020-03-02,10.81,10.85,11.11,10.44
2020-03-03,11.56,11.75,11.94,11.1
2020-03-04,11.48,11.5,12.1,11.16
2020-03-05,11.79,11.6,11.89,11.21
2020-03-06,11.28,12.75,12.76,11.18
2020-03-09,12.99,14.03,14.03,12.46
2020-03-10,13.92,13.2,13.92,12.63
2020-03-11,13.2,14.3,14.52,13.12
2020-03-12,14.6,13.32,14.99,13.14
2020-03-13,12.21,13.31,13.88,12.21
2020-03-16,13.79,14.09,14.64,13.5
2020-03-17,14.07,13.2,14.15,12.68
2020-03-18,13.45,12.51,13.58,12.38
2020-03-19,12.3,12.52,12.78,11.9
2020-03-20,12.74,12.71,13.12,12.5
2020-03-23,13.0,12.05,13.65,12.0
2020-03-24,12.3,12.15,12.63,11.58
2020-03-25,12.42,12.9,13.11,12.08
2020-03-26,13.2,13.97,14.15,12.92
2020-03-27,14.0,13.57,14.08,13.42
2020-03-30,13.52,12.53,14.08,12.4
2020-03-31,12.52,12.5,12.65,12.02
2020-04-01,12.5,12.37,12.7,12.15
2020-04-02,12.29,12.23,12.37,11.6
2020-04-03,12.3,12.35,12.78,12.12
2020-04-07,12.7,12.93,13.24,12.42
2020-04-08,12.77,12.98,13.19,12.39
2020-04-09,13.08,14.28,14.28,12.89
2020-04-10,14.53,13.93,14.6,13.89
2020-04-13,14.07,14.26,14.68,13.81
2020-04-14,14.15,14.14,14.2,13.75
2020-04-15,14.16,13.94,14.56,13.75
2020-04-16,13.7,14.76,15.29,13.63
2020-04-17,14.58,14.27,15.13,14.04
2020-04-20,14.28,14.91,14.91,13.9
2020-04-21,14.78,15.49,15.68,14.61
2020-04-22,15.31,15.31,15.43,14.89
2020-04-23,15.3,14.41,15.89,14.41
2020-04-24,14.37,13.61,14.59,13.54
2020-04-27,13.53,13.85,14.05,13.39
2020-04-28,13.86,13.55,14.17,12.99
2020-04-29,13.5,13.49,13.96,13.35
2020-04-30,13.48,13.27,13.55,13.01
2020-05-06,13.08,13.4,13.5,13.02
2020-05-07,13.48,13.81,13.96,13.29
2020-05-08,13.82,13.92,13.92,13.6
2020-05-11,13.88,13.49,14.15,13.46
2020-05-12,13.49,13.59,13.87,13.38
2020-05-13,13.58,14.1,14.13,13.43
2020-05-14,14.09,13.85,14.09,13.7
2020-05-15,13.96,13.74,14.1,13.49
2020-05-18,13.6,13.84,14.19,13.42
2020-05-19,13.96,14.65,14.85,13.75
2020-05-20,14.6,14.23,14.82,14.17
2020-05-21,14.55,15.03,15.32,14.41
2020-05-22,14.8,14.02,14.97,14.01
2020-05-25,14.01,13.9,14.15,13.7
2020-05-26,14.0,14.8,14.95,13.94
2020-05-27,14.95,14.78,15.22,14.69
2020-05-28,14.98,14.33,14.99,14.05
2020-05-29,14.29,14.97,15.25,14.13
2020-06-01,15.01,15.2,15.45,14.91
2020-06-02,15.21,14.88,15.24,14.77
2020-06-03,14.94,15.21,15.68,14.83
2020-06-04,14.98,14.94,15.26,14.85
2020-06-05,15.04,15.02,15.06,14.66
2020-06-08,15.02,14.91,15.1,14.74
2020-06-09,14.97,15.14,15.28,14.81
2020-06-10,15.12,15.69,15.86,15.02
2020-06-11,15.55,16.18,16.35,15.32
2020-06-12,15.86,17.2,17.43,15.86
2020-06-15,17.8,17.58,17.8,16.93
2020-06-16,17.5,19.24,19.34,17.48
2020-06-17,19.0,19.8,20.22,18.98
2020-06-18,19.66,17.82,19.66,17.82
2020-06-19,17.61,17.68,17.97,17.33
2020-06-22,17.89,17.35,17.89,17.02
2020-06-23,17.45,17.47,17.55,16.99
2020-06-24,17.47,17.27,17.6,17.01
2020-06-29,17.56,17.9,18.1,17.41
2020-06-30,17.91,18.24,18.25,17.36
2020-07-01,18.29,18.06,18.45,17.63
2020-07-02,18.15,18.0,18.3,17.76
2020-07-03,17.9,18.54,18.77,17.46
2020-07-06,20.39,20.39,20.39,20.39
2020-07-07,22.43,22.43,22.43,22.43
2020-07-08,24.67,24.67,24.67,23.33
2020-07-09,24.8,27.14,27.14,24.32
2020-07-10,27.18,26.87,27.9,25.6
2020-07-13,26.85,26.9,27.6,26.2
2020-07-14,26.3,24.28,26.45,24.21
2020-07-15,24.3,24.21,25.29,23.8
2020-07-16,24.54,22.3,24.69,22.18
2020-07-17,22.79,23.4,24.2,22.36
2020-07-20,23.94,24.0,24.2,23.28
2020-07-21,23.9,24.3,24.48,23.68
2020-07-22,24.27,24.08,24.36,23.82
2020-07-23,23.84,24.04,24.32,22.9
2020-07-24,23.5,22.47,23.89,22.2
2020-07-27,22.4,22.01,22.9,21.8
2020-07-28,22.3,22.91,22.98,21.7
2020-07-29,22.89,23.71,24.24,22.88
2020-07-30,23.72,23.05,23.97,23.02
2020-07-31,23.01,23.49,24.46,23.01
2020-08-03,23.79,24.2,24.2,23.48
2020-08-04,24.5,24.7,25.8,23.77
2020-08-05,24.2,24.31,24.48,23.76
2020-08-06,24.42,24.64,25.11,24.3
2020-08-07,24.59,23.1,24.9,22.48
2020-08-10,22.82,22.87,23.15,22.29
2020-08-11,22.76,22.02,23.15,22.0
2020-08-12,21.85,20.92,22.44,20.05
2020-08-13,20.81,20.66,21.27,20.56
2020-08-14,20.66,21.12,21.15,20.54
2020-08-17,21.55,21.22,21.6,20.77
2020-08-18,21.27,21.47,21.85,21.22
2020-08-19,21.4,21.35,21.76,21.16
2020-08-20,20.81,21.76,21.95,20.58
2020-08-21,21.9,22.55,22.96,21.67
2020-08-24,23.0,22.87,23.48,22.14
2020-08-25,22.48,22.65,23.1,22.44
2020-08-26,22.68,22.24,23.11,22.01
2020-08-27,22.1,22.92,23.19,21.81
2020-08-28,22.95,22.99,23.19,22.52
2020-08-31,23.5,23.52,23.9,23.21
2020-09-01,23.45,23.23,23.65,22.98
2020-09-02,23.23,22.56,23.23,22.28
2020-09-03,22.51,23.4,24.3,22.51
2020-09-04,23.0,22.66,23.3,22.12
2020-09-07,22.77,21.77,22.77,21.75
2020-09-08,21.86,21.0,22.0,20.6
2020-09-09,20.84,19.56,20.95,19.54
2020-09-10,19.82,20.04,21.09,19.68
2020-09-11,19.8,20.17,20.45,19.61
2020-09-14,20.48,21.01,21.15,20.31
2020-09-15,20.81,20.77,21.05,20.6
2020-09-16,20.81,20.12,20.93,19.88
2020-09-17,20.18,20.02,20.46,19.7
2020-09-18,20.15,20.26,20.7,20.0
2020-09-21,20.45,20.37,20.75,20.26
2020-09-22,20.5,20.9,21.66,20.5
2020-09-23,20.79,20.96,21.33,20.18
2020-09-24,20.86,20.41,21.21,20.22
2020-09-25,20.4,21.31,21.95,20.4
2020-09-28,21.46,21.16,21.63,20.9
2020-09-29,21.17,21.42,21.65,20.91
2020-09-30,21.95,22.34,22.44,21.53
2020-10-09,22.53,22.5,22.61,22.09
2020-10-12,22.96,23.66,23.88,22.7
2020-10-13,23.48,23.16,23.48,22.61
2020-10-14,23.14,22.65,23.42,22.57
2020-10-15,22.66,22.18,22.73,22.13
2020-10-16,22.42,22.71,22.93,22.03
2020-10-19,22.88,21.8,22.95,21.72
2020-10-20,21.59,22.16,22.22,21.59
2020-10-21,22.2,21.93,22.47,21.77
2020-10-22,21.7,21.27,21.88,20.89
2020-10-23,21.1,20.7,21.56,20.66
2020-10-26,20.5,21.45,21.63,20.31
2020-10-27,21.38,21.1,21.61,20.72
2020-10-28,21.99,21.75,22.62,21.6
2020-10-29,21.4,21.79,22.18,21.4
2020-10-30,21.62,20.69,21.7,20.55
2020-11-02,20.58,19.89,20.69,19.6
2020-11-03,19.82,20.2,20.32,19.7
2020-11-04,20.1,19.8,20.14,19.5
2020-11-05,19.86,19.9,20.18,19.81
2020-11-06,19.94,19.12,19.96,18.72
2020-11-09,19.18,19.41,19.7,19.03
2020-11-10,19.31,18.68,19.43,18.61
2020-11-11,18.52,18.3,18.85,18.3
2020-11-12,18.4,18.12,18.5,17.88
2020-11-13,18.13,17.9,18.2,17.75
2020-11-16,18.11,17.92,18.2,17.8
2020-11-17,17.95,17.28,18.03,16.95
2020-11-18,17.28,17.35,17.76,17.05
2020-11-19,17.18,17.69,17.71,16.92
2020-11-20,17.61,17.38,17.7,17.36
2020-11-23,17.36,17.4,17.5,17.11
2020-11-24,17.5,17.2,17.54,17.12
2020-11-25,17.17,16.85,17.22,16.56
2020-11-26,17.06,16.86,17.32,16.83
2020-11-27,16.86,16.76,17.12,16.6
2020-11-30,16.86,16.86,17.13,16.63
2020-12-01,16.86,17.2,17.3,16.76
2020-12-02,17.3,17.17,17.37,17.01
2020-12-03,17.16,17.64,17.73,17.05
2020-12-04,17.55,17.61,17.75,17.43
2020-12-07,17.62,17.2,17.66,17.19
2020-12-08,17.2,17.06,17.39,17.05
2020-12-09,17.07,16.72,17.29,16.7
2020-12-10,16.62,16.9,17.03,16.58
2020-12-11,16.83,16.81,16.98,16.43
2020-12-14,16.65,17.05,17.39,16.5
2020-12-15,17.27,17.44,17.58,17.01
2020-12-16,17.38,17.36,17.63,17.18
2020-12-17,17.29,17.91,17.97,17.26
2020-12-18,18.02,17.74,18.09,17.53
2020-12-21,17.95,18.17,18.28,17.67
2020-12-22,18.21,18.92,19.36,18.18
2020-12-23,18.67,18.98,19.08,18.45
2020-12-24,19.18,18.82,19.18,18.03
2020-12-25,18.58,18.32,18.64,18.1
2020-12-28,18.32,17.95,18.56,17.69
2020-12-29,17.89,17.98,18.45,17.37
2020-12-30,17.95,18.29,18.4,17.73
2020-12-31,18.17,18.25,18.43,18.17
2021-01-04,18.26,17.9,18.38,17.83
2021-01-05,18.0,18.5,18.76,17.94
2021-01-06,18.55,18.89,19.05,18.22
2021-01-07,18.74,17.82,18.74,17.8
2021-01-08,17.56,17.65,18.07,17.26
2021-01-11,17.65,17.09,17.65,16.91
2021-01-12,17.11,17.29,17.65,17.07
2021-01-13,17.29,16.9,17.29,16.59
2021-01-14,16.9,17.01,17.18,16.53
2021-01-15,17.12,17.61,17.78,16.86
2021-01-18,17.64,17.61,17.8,17.47
2021-01-19,17.6,16.82,17.6,16.56
2021-01-20,16.56,16.65,16.83,16.4
2021-01-21,16.78,17.25,17.38,16.68
2021-01-22,17.04,17.75,17.79,17.01
2021-01-25,17.61,17.49,17.92,16.9
2021-01-26,17.3,16.91,17.34,16.8
2021-01-27,16.87,17.04,17.15,16.78
2021-01-28,16.81,16.73,17.04,16.61
2021-01-29,16.75,16.53,16.95,16.46
2021-02-01,16.55,17.0,17.08,16.48
2021-02-02,17.05,17.39,17.39,16.72
2021-02-03,17.48,16.87,17.64,16.86
2021-02-04,16.81,16.31,16.87,16.05
2021-02-05,16.29,14.44,16.51,14.0
2021-02-08,14.51,15.32,15.98,14.5
2021-02-09,15.8,16.3,16.34,15.38
2021-02-10,16.58,17.36,17.49,16.58
2021-02-18,18.05,18.32,18.75,17.71
2021-02-19,18.33,18.86,19.15,18.33
2021-02-22,19.32,19.94,20.49,19.3
2021-02-23,19.8,19.4,19.8,18.8
2021-02-24,19.22,18.88,19.66,18.88
2021-02-25,19.16,18.28,19.39,18.22
2021-02-26,18.06,18.89,19.3,18.0
2021-03-01,18.97,20.02,20.02,18.96
2021-03-02,20.13,19.49,20.5,19.34
2021-03-03,19.55,19.6,19.83,19.32
2021-03-04,19.35,18.88,19.52,18.8
2021-03-05,18.5,19.39,19.57,18.5
2021-03-08,19.65,18.74,19.77,18.7
2021-03-09,18.75,18.62,19.43,17.9
2021-03-10,18.9,18.12,19.13,18.0
2021-03-11,18.12,18.23,18.47,17.95
2021-03-12,18.28,17.77,18.32,17.65
2021-03-15,17.88,17.09,17.89,16.75
2021-03-16,17.3,16.75,17.46,16.61
2021-03-17,16.75,16.85,16.96,16.65
2021-03-18,16.64,16.69,16.9,16.58
2021-03-19,16.69,16.79,17.08,16.45
2021-03-22,16.82,17.05,17.14,16.65
2021-03-23,16.96,16.63,17.01,16.48
2021-03-24,16.51,16.63,16.73,16.1
2021-03-25,16.55,16.72,16.85,16.44
2021-03-26,16.61,16.75,16.9,16.6
2021-03-29,16.77,16.77,17.04,16.6
2021-03-30,16.77,16.88,16.95,16.59
2021-03-31,16.73,16.79,16.94,16.51
2021-04-01,16.76,16.92,16.93,16.62
2021-04-02,16.92,17.39,17.56,16.9
2021-04-06,17.33,18.33,18.44,17.31
2021-04-07,18.41,17.99,18.49,17.68
2021-04-08,18.4,17.92,18.4,17.73
2021-04-09,17.91,17.45,18.07,17.39
2021-04-12,17.46,17.21,17.59,17.11
2021-04-13,17.21,17.25,17.42,17.11
2021-04-14,17.38,17.3,17.38,17.15
2021-04-15,17.3,17.03,17.37,16.8
2021-04-16,17.03,17.18,17.27,16.99
2021-04-19,17.1,17.72,17.74,17.02
2021-04-20,17.67,17.61,17.93,17.59
2021-04-21,17.5,17.97,18.19,17.43
2021-04-22,18.01,18.12,18.25,17.91
2021-04-23,18.02,18.63,18.69,17.88
2021-04-26,18.7,18.21,19.38,18.19
2021-04-27,18.1,19.06,19.06,17.96
2021-04-28,18.62,18.25,18.63,17.92
2021-04-29,18.05,17.8,18.39,17.78
2021-04-30,17.78,17.94,18.07,17.76
2021-05-06,18.04,17.66,18.2,17.62
2021-05-07,17.66,16.93,17.78,16.88
2021-05-10,16.92,17.02,17.18,16.8
2021-05-11,16.87,17.04,17.13,16.7
2021-05-12,16.99,17.4,17.48,16.87
2021-05-13,17.15,17.42,17.66,17.1
2021-05-14,17.8,18.04,18.05,17.46
2021-05-17,18.03,17.94,18.36,17.88
2021-05-18,17.76,17.71,18.03,17.38
2021-05-19,17.68,17.34,17.76,17.34
2021-05-20,17.25,17.38,17.54,17.14
2021-05-21,17.36,17.08,17.44,17.04
2021-05-24,17.0,17.08,17.16,16.69
2021-05-25,17.16,17.31,17.34,17.0
2021-05-26,17.21,17.3,17.46,17.15
2021-05-27,17.3,17.24,17.41,17.08
2021-05-28,17.25,17.41,17.77,17.22
2021-05-31,17.33,17.66,17.71,17.28
2021-06-01,18.0,18.13,18.57,17.91
2021-06-02,17.9,17.47,18.0,17.46
2021-06-03,17.47,17.1,17.55,17.08
2021-06-04,17.16,17.09,17.33,16.97
2021-06-07,17.13,17.42,17.44,17.03
2021-06-08,17.48,17.18,17.49,17.09
2021-06-09,17.23,17.17,17.27,17.05
2021-06-10,17.26,17.02,17.28,16.91
2021-06-11,17.0,16.58,17.02,16.58
2021-06-15,16.62,16.72,16.93,16.62
2021-06-16,16.73,16.44,16.94,16.38
2021-06-17,16.4,16.41,16.53,16.35
2021-06-18,16.49,16.67,16.68,16.18
2021-06-21,16.5,16.62,16.73,16.4
2021-06-22,16.7,16.64,16.78,16.58
2021-06-23,16.63,16.31,16.68,16.3
2021-06-24,16.31,16.11,16.34,15.71
2021-06-25,16.05,15.99,16.1,15.89
2021-06-28,15.95,16.06,16.11,15.72
2021-06-29,16.03,16.0,16.25,15.94
2021-06-30,15.92,15.9,16.03,15.88
2021-07-01,16.1,15.81,16.15,15.79
2021-07-02,15.77,15.29,15.81,15.22
2021-07-05,15.23,15.28,15.57,15.21
2021-07-06,15.28,15.04,15.34,14.92
2021-07-07,15.03,15.13,15.17,14.95
2021-07-08,15.16,14.87,15.2,14.81
2021-07-09,14.89,14.96,14.98,14.73
2021-07-12,15.0,15.28,15.48,14.94
2021-07-13,15.26,15.21,15.39,15.12
2021-07-14,15.24,15.16,15.39,15.05
2021-07-15,14.27,13.65,14.27,13.2
2021-07-16,13.5,13.17,13.7,13.1
2021-07-19,13.2,13.62,13.75,13.05
2021-07-20,13.68,13.57,13.8,13.51
2021-07-21,13.76,13.52,13.8,13.42
2021-07-22,13.52,13.26,13.52,13.22
2021-07-23,13.28,13.0,13.42,13.0
2021-07-26,13.0,12.69,13.02,12.54
2021-07-27,12.69,12.48,12.92,12.42
2021-07-28,12.47,12.73,12.82,11.97
2021-07-29,12.65,12.88,13.2,12.61
2021-07-30,12.7,13.15,13.19,12.46
2021-08-02,13.38,13.31,13.44,12.96
2021-08-03,13.3,14.2,14.58,13.22
2021-08-04,14.13,13.91,14.13,13.71
2021-08-05,13.77,13.76,14.25,13.71
2021-08-06,13.78,13.32,13.92,13.26
2021-08-09,13.26,13.56,13.66,13.19
2021-08-10,13.54,13.85,13.88,13.4
2021-08-11,13.85,13.76,13.87,13.62
2021-08-12,13.68,13.5,13.88,13.5
2021-08-13,13.5,13.49,13.58,13.4
2021-08-16,13.48,13.45,13.75,13.4
2021-08-17,13.46,13.0,13.52,12.8
2021-08-18,13.09,12.92,13.11,12.8
2021-08-19,12.95,12.89,13.09,12.87
2021-08-20,12.83,12.56,12.88,12.51
2021-08-23,12.45,12.92,12.94,12.45
2021-08-24,12.89,12.38,13.06,12.38
2021-08-25,12.35,12.6,12.61,12.02
2021-08-26,12.53,12.13,12.59,12.1
2021-08-27,12.13,12.04,12.26,12.02
2021-08-30,12.12,11.81,12.12,11.81
2021-08-31,11.82,11.46,11.86,11.42
2021-09-01,11.6,11.64,11.67,11.31
2021-09-02,11.8,12.33,12.5,11.77
2021-09-03,12.15,12.37,12.68,12.02
2021-09-06,12.56,12.54,12.58,12.34
2021-09-07,12.54,12.36,12.59,12.29
2021-09-08,12.36,12.3,12.45,12.25
2021-09-09,12.31,12.16,12.38,12.13
2021-09-10,12.1,12.11,12.27,12.05
2021-09-13,12.12,12.06,12.28,12.04
2021-09-14,12.01,11.85,12.16,11.81
2021-09-15,11.85,11.78,11.97,11.65
2021-09-16,11.77,11.59,11.86,11.56
2021-09-17,11.65,11.98,12.01,11.33
2021-09-22,11.73,11.68,11.84,11.65
2021-09-23,11.68,12.15,12.47,11.67
2021-09-24,12.16,12.26,12.59,12.01
2021-09-27,12.23,12.1,12.35,12.02
2021-09-28,12.1,11.8,12.16,11.77
2021-09-29,11.78,11.51,11.78,11.5
2021-09-30,11.59,11.65,11.73,11.59
2021-10-08,11.95,12.11,12.34,11.75
2021-10-11,12.17,12.03,12.2,12.01
2021-10-12,12.04,11.96,12.25,11.88
2021-10-13,11.78,11.75,11.79,11.47
2021-10-14,11.73,11.9,12.0,11.62
2021-10-15,11.88,11.26,11.89,11.25
2021-10-18,11.34,11.29,11.41,11.05
2021-10-19,11.39,11.2,11.39,11.16
2021-10-20,11.27,11.1,11.27,11.05
2021-10-21,11.1,10.92,11.16,10.9
2021-10-22,10.9,11.0,11.1,10.86
2021-10-25,11.06,11.02,11.09,10.91
2021-10-26,11.02,11.17,11.23,11.0
2021-10-27,11.2,10.9,11.29,10.88
2021-10-28,10.83,10.73,10.98,10.73
2021-10-29,10.7,10.82,10.86,10.67
2021-11-01,10.77,11.06,11.07,10.74
2021-11-02,11.04,10.8,11.2,10.75
2021-11-03,10.8,11.27,11.48,10.76
2021-11-04,11.2,11.19,11.36,11.07
2021-11-05,11.19,11.24,11.33,11.1
2021-11-08,11.28,11.01,11.34,10.91
2021-11-09,11.06,11.02,11.13,10.96
2021-11-10,11.09,11.13,11.15,10.79
2021-11-11,11.12,11.16,11.26,11.05
2021-11-12,11.16,11.19,11.22,11.08
2021-11-15,11.17,11.46,11.54,11.15
2021-11-16,11.46,11.75,11.82,11.37
2021-11-17,11.7,12.22,12.44,11.58
2021-11-18,12.12,12.18,12.6,12.01
2021-11-19,12.15,12.24,12.38,12.06
2021-11-22,12.24,12.7,12.7,12.05
2021-11-23,12.67,12.82,13.19,12.45
2021-11-24,12.7,12.91,13.13,12.61
2021-11-25,12.93,12.75,12.99,12.72
2021-11-26,12.74,12.7,12.91,12.51
2021-11-29,12.73,13.31,13.31,12.71
2021-11-30,13.15,13.97,14.5,12.98
2021-12-01,13.66,13.82,14.13,13.6
2021-12-02,13.82,13.42,14.36,13.42
2021-12-03,13.33,13.72,13.81,13.22
2021-12-06,13.72,12.84,13.74,12.83
2021-12-07,13.14,12.86,13.3,12.76
2021-12-08,13.11,12.74,13.12,12.67
2021-12-09,12.76,12.79,13.05,12.7
2021-12-10,12.73,12.5,12.99,12.41
2021-12-13,12.68,12.34,12.9,12.33
2021-12-14,12.33,12.87,13.04,12.32
2021-12-15,12.84,12.92,13.38,12.77
2021-12-16,12.83,12.91,13.08,12.8
2021-12-17,12.94,12.84,12.98,12.57
2021-12-20,12.84,13.71,14.0,12.78
2021-12-21,13.68,13.73,14.13,13.58
2021-12-22,13.76,13.65,13.81,13.38
2021-12-23,13.73,13.26,13.79,13.2
2021-12-24,13.32,13.17,13.46,13.03
2021-12-27,13.11,13.3,13.44,13.08
2021-12-28,13.33,13.9,14.09,13.18
2021-12-29,13.97,14.15,14.29,13.77
2021-12-30,14.01,14.3,14.55,13.78
2021-12-31,14.33,14.08,14.46,14.0
2022-01-04,14.01,13.4,14.21,13.38
2022-01-05,13.45,13.4,13.62,13.18
2022-01-06,13.36,13.6,13.6,13.14
2022-01-07,13.56,13.46,14.09,13.4
2022-01-10,13.5,13.98,14.09,13.5
2022-01-11,14.0,14.4,14.53,13.9
2022-01-12,14.2,14.47,14.79,14.11
2022-01-13,14.49,14.01,14.57,14.01
2022-01-14,14.0,14.62,14.64,14.0
2022-01-17,14.51,14.2,14.56,14.05
2022-01-18,14.14,13.19,14.14,13.15
2022-01-19,13.17,13.16,13.36,12.97
2022-01-20,12.93,12.55,13.3,12.52
2022-01-21,12.52,11.9,12.55,11.8
2022-01-24,11.92,11.68,11.99,11.6
2022-01-25,11.87,11.41,11.87,11.37
2022-01-26,11.45,11.29,11.65,11.14
2022-01-27,11.35,11.07,11.39,11.02
2022-01-28,11.11,11.12,11.26,11.03
2022-02-07,11.27,11.41,11.52,11.22
2022-02-08,11.41,11.53,11.55,11.24
2022-02-09,11.48,11.74,11.8,11.37
2022-02-10,11.76,11.81,11.88,11.62
2022-02-11,11.74,11.7,11.88,11.55
2022-02-14,11.7,11.46,11.8,11.43
2022-02-15,11.46,11.57,11.67,11.38
2022-02-16,11.68,11.68,11.75,11.56
2022-02-17,11.73,11.64,11.85,11.62
2022-02-18,11.59,11.74,11.76,11.5
2022-02-21,11.65,12.16,12.19,11.65
2022-02-22,12.13,12.12,12.2,11.91
2022-02-23,12.09,12.1,12.29,12.04
2022-02-24,12.1,11.56,12.28,11.43
2022-02-25,11.6,11.77,11.94,11.6
2022-02-28,11.84,11.65,11.86,11.4
2022-03-01,11.65,11.61,11.75,11.53
2022-03-02,11.58,11.49,11.58,11.29
2022-03-03,11.53,11.48,11.65,11.4
2022-03-04,11.46,11.63,12.06,11.41
2022-03-07,11.63,11.95,12.26,11.29
2022-03-08,11.71,11.09,11.83,11.05
2022-03-09,11.28,10.59,11.28,10.22
2022-03-10,10.89,10.78,11.19,10.67
2022-03-11,10.68,11.56,11.57,10.5
2022-03-14,11.5,11.07,11.72,11.07
2022-03-15,11.0,10.8,11.14,10.41
2022-03-16,10.86,10.67,10.9,10.07
2022-03-17,10.76,10.99,11.29,10.68
2022-03-18,10.97,11.01,11.05,10.8
2022-03-21,11.02,11.07,11.23,10.93
2022-03-22,11.06,10.8,11.14,10.77
2022-03-23,10.92,11.12,11.25,10.71
2022-03-24,11.11,10.89,11.11,10.82
2022-03-25,11.03,10.98,11.38,10.9
2022-03-28,10.93,10.87,11.11,10.82
2022-03-29,10.87,11.07,11.14,10.72
2022-03-30,11.09,11.6,11.71,11.07
2022-03-31,11.57,11.64,11.7,11.43
2022-04-01,11.55,11.58,11.63,11.34
2022-04-06,11.53,11.85,12.05,11.53
2022-04-07,11.83,11.31,11.88,11.23
2022-04-08,11.31,11.13,11.36,11.0
2022-04-11,11.13,10.76,11.25,10.74
2022-04-12,10.77,11.05,11.11,10.66
2022-04-13,11.0,10.81,11.08,10.8
2022-04-14,11.0,10.97,11.0,10.71
2022-04-15,10.89,10.58,10.89,10.55
2022-04-18,10.7,10.61,10.7,10.32
2022-04-19,10.68,10.72,10.78,10.5
2022-04-20,10.6,10.8,11.03,10.6
2022-04-21,10.8,10.32,10.88,10.26
2022-04-22,10.35,10.24,10.4,10.12
2022-04-25,10.15,9.6,10.15,9.6
2022-04-26,9.74,9.39,9.78,9.34
2022-04-27,8.89,8.91,9.0,8.3
2022-04-28,8.81,8.5,8.93,8.39
2022-04-29,8.42,8.62,8.69,8.42
2022-05-05,8.62,9.07,9.25,8.5
2022-05-06,8.9,9.08,9.18,8.81
2022-05-09,9.49,9.25,9.92,9.24
2022-05-10,9.2,9.31,9.38,9.17
2022-05-11,9.31,9.31,9.56,9.29
2022-05-12,9.2,9.57,9.64,9.19
2022-05-13,9.65,9.95,9.95,9.4
2022-05-16,10.39,9.83,10.62,9.8
2022-05-17,9.47,9.28,9.74,9.04
2022-05-18,9.21,9.22,9.43,9.16
2022-05-19,9.03,9.27,9.35,9.01
2022-05-20,9.26,9.65,9.75,9.26
2022-05-23,9.65,9.66,9.75,9.58
2022-05-24,9.74,9.16,9.75,9.15
2022-05-25,9.11,9.23,9.3,9.1
2022-05-26,9.24,9.27,9.39,9.05
2022-05-27,9.24,9.25,9.42,9.16
2022-05-30,9.2,9.21,9.38,9.17
2022-05-31,9.23,9.27,9.34,9.08
2022-06-01,9.27,9.42,9.52,9.22
2022-06-02,9.33,9.41,9.45,9.23
2022-06-06,9.4,9.59,9.6,9.35
2022-06-07,9.6,9.57,9.63,9.48
2022-06-08,9.62,9.77,9.88,9.51
2022-06-09,9.66,9.34,9.82,9.34
2022-06-10,9.34,9.43,9.47,9.29
2022-06-13,9.43,9.59,9.61,9.34
2022-06-14,9.51,9.51,9.54,9.17
2022-06-15,9.51,9.78,9.89,9.4
2022-06-16,9.72,9.85,9.95,9.7
2022-06-17,9.85,10.19,10.2,9.77
2022-06-20,10.19,10.25,10.39,10.08
2022-06-21,10.2,10.2,10.36,10.07
2022-06-22,10.14,10.05,10.29,10.0
2022-06-23,10.06,10.01,10.15,9.89
2022-06-24,9.96,10.05,10.3,9.93
2022-06-27,10.05,10.15,10.22,10.01
2022-06-28,10.18,10.29,10.31,10.08
2022-06-29,10.25,10.19,10.36,10.12
2022-06-30,10.2,10.25,10.4,10.19
2022-07-01,10.38,10.24,10.38,10.18
2022-07-04,10.24,10.51,10.54,10.12
2022-07-05,10.59,10.25,10.6,10.15
2022-07-06,10.2,10.15,10.38,10.08
2022-07-07,10.15,10.05,10.2,9.99
2022-07-08,10.05,10.07,10.22,10.01
2022-07-11,10.04,10.09,10.24,9.93
2022-07-12,10.12,9.78,10.12,9.77
2022-07-13,9.79,9.95,9.96,9.77
2022-07-14,9.82,9.99,10.05,9.76
2022-07-15,10.03,9.48,10.03,9.48
2022-07-18,9.4,9.7,9.76,9.4
2022-07-19,9.7,9.81,9.83,9.63
2022-07-20,9.81,9.96,9.99,9.79
2022-07-21,10.01,10.43,10.55,9.9
2022-07-22,10.29,9.87,10.39,9.71
2022-07-25,9.87,9.65,10.06,9.6
2022-07-26,9.72,9.74,9.77,9.59
2022-07-27,9.72,9.7,9.84,9.63
2022-07-28,9.7,9.75,9.82,9.68
2022-07-29,9.81,9.63,9.82,9.62
2022-08-01,9.6,9.58,9.67,9.46
2022-08-02,9.46,9.06,9.5,8.98
2022-08-03,9.09,9.11,9.24,8.98
2022-08-04,9.09,9.18,9.18,9.03
2022-08-05,9.27,9.28,9.3,9.1
2022-08-08,9.28,9.29,9.38,9.24
2022-08-09,9.28,9.24,9.3,9.18
2022-08-10,9.24,9.23,9.25,9.13
2022-08-11,9.3,9.62,9.78,9.23
2022-08-12,9.64,9.95,10.07,9.55
2022-08-15,9.97,10.2,10.33,9.85
2022-08-16,10.3,10.21,10.31,10.11
2022-08-17,10.23,10.24,10.33,10.14
2022-08-18,10.3,10.3,10.33,10.05
2022-08-19,10.3,10.38,10.53,10.1
2022-08-22,10.39,10.61,10.84,10.31
2022-08-23,10.52,11.16,11.29,10.47
2022-08-24,11.05,10.93,11.52,10.72
2022-08-25,10.99,11.86,11.97,10.93
2022-08-26,11.72,11.91,12.25,11.55
2022-08-29,11.77,11.9,12.06,11.58
2022-08-30,11.81,12.11,12.33,11.81
2022-08-31,12.11,12.02,12.22,11.88
2022-09-01,11.89,12.03,12.22,11.89
2022-09-02,12.11,12.05,12.27,11.9
2022-09-05,12.12,12.15,12.25,11.95
2022-09-06,12.19,12.0,12.22,11.91
2022-09-07,11.99,11.96,12.05,11.72
2022-09-08,12.02,11.72,12.02,11.61
2022-09-09,11.87,11.83,12.05,11.63
2022-09-13,11.96,11.83,12.25,11.74
2022-09-14,11.81,11.95,12.01,11.62
2022-09-15,11.82,11.61,11.97,11.4
2022-09-16,11.61,11.4,11.75,11.4
2022-09-19,11.38,11.34,11.49,11.18
2022-09-20,11.34,11.17,11.47,11.09
2022-09-21,11.11,11.23,11.33,10.98
2022-09-22,11.19,10.64,11.19,10.56
2022-09-23,10.69,10.43,10.72,10.24
2022-09-26,10.41,10.27,10.57,10.2
2022-09-27,10.36,11.07,11.16,10.28
2022-09-28,11.12,11.19,11.87,11.1
2022-09-29,11.36,12.69,12.88,11.2
2022-09-30,12.52,12.55,12.85,12.3
2022-10-10,12.8,13.12,13.73,12.75
2022-10-11,12.93,13.23,13.38,12.7
2022-10-12,13.16,13.21,13.36,12.77
2022-10-13,13.1,13.85,14.04,13.05
2022-10-14,13.8,14.83,15.04,13.75
2022-10-17,14.6,14.43,14.73,14.05
2022-10-18,14.23,14.07,14.67,13.87
2022-10-19,13.8,14.21,14.44,13.65
2022-10-20,13.89,13.63,14.32,13.54
2022-10-21,13.26,13.32,13.7,13.18
2022-10-24,13.44,13.04,13.72,12.9
2022-10-25,13.0,12.57,13.16,12.51
2022-10-26,11.89,12.42,12.97,11.77
2022-10-27,12.21,12.24,12.39,11.93
2022-10-28,12.21,12.48,12.9,12.21
2022-10-31,12.3,12.33,12.85,12.02
2022-11-01,12.35,12.94,13.0,12.11
2022-11-02,12.71,12.99,13.36,12.69
2022-11-03,12.8,12.93,12.97,12.36
2022-11-04,12.87,12.98,13.24,12.73
2022-11-07,12.98,12.49,13.07,12.46
2022-11-08,12.45,12.65,12.79,12.2
2022-11-09,12.71,12.78,12.95,12.45
2022-11-10,12.83,12.27,12.85,12.25
2022-11-11,12.6,12.3,12.9,12.26
2022-11-14,12.5,13.74,13.94,12.21
2022-11-15,13.6,13.76,13.78,13.17
2022-11-16,13.59,13.08,13.59,13.04
2022-11-17,13.1,13.17,13.38,12.92
2022-11-18,15.48,15.15,15.8,14.86
2022-11-21,14.98,14.24,15.08,13.91
2022-11-22,14.28,13.41,14.69,13.31
2022-11-23,13.52,13.2,13.53,12.75
2022-11-24,13.18,13.34,13.5,13.03
2022-11-25,13.2,13.83,13.96,12.73
2022-11-28,13.72,13.9,14.5,13.67
2022-11-29,13.55,14.45,14.74,13.5
2022-11-30,14.17,14.28,14.7,14.05
2022-12-01,14.31,14.27,14.54,13.66
2022-12-02,14.05,14.78,15.13,13.93
2022-12-05,14.68,13.99,14.73,13.83
2022-12-06,13.88,13.33,13.96,13.33
2022-12-07,13.36,13.5,13.8,13.0
2022-12-08,13.82,13.58,13.98,13.38
2022-12-09,13.78,14.47,14.68,13.7
2022-12-12,15.03,14.77,15.18,14.32
2022-12-13,14.8,14.38,14.85,14.23
2022-12-14,14.38,13.92,14.72,13.86
2022-12-15,13.74,13.6,14.19,13.56
2022-12-16,13.55,13.68,13.85,13.25
2022-12-19,13.4,12.13,13.59,11.86
2022-12-20,12.0,11.87,12.21,11.7
2022-12-21,11.78,11.55,11.95,11.46
2022-12-22,11.58,11.92,12.34,11.53
2022-12-23,11.99,12.76,12.92,11.81
2022-12-26,12.86,12.55,13.04,12.45
2022-12-27,12.42,12.03,12.67,11.7
2022-12-28,11.99,12.85,12.88,11.94
2022-12-29,12.6,12.15,12.69,12.14
2022-12-30,12.03,12.03,12.21,11.85
2023-01-03,12.01,12.18,12.23,11.88
2023-01-04,12.58,12.35,12.76,12.25
2023-01-05,12.18,12.35,12.4,12.0
2023-01-06,12.23,12.3,12.38,12.14
2023-01-09,12.3,12.22,12.36,12.03
2023-01-10,12.22,12.14,12.4,12.05
2023-01-11,12.16,11.8,12.18,11.71
2023-01-12,11.85,11.7,11.93,11.59
2023-01-13,11.8,11.92,11.94,11.57
2023-01-16,11.96,12.29,12.43,11.94
2023-01-17,12.24,12.25,12.69,12.2
2023-01-18,12.19,12.25,12.35,12.14
2023-01-19,12.33,12.24,12.39,12.16
2023-01-20,12.3,12.29,12.41,12.23
2023-01-30,12.3,12.28,12.39,12.12
2023-01-31,12.22,12.2,12.28,12.12
2023-02-01,12.23,12.46,12.49,12.1
2023-02-02,12.48,12.52,12.58,12.39
2023-02-03,12.55,12.35,12.55,12.18
2023-02-06,12.34,12.29,12.56,12.25
2023-02-07,12.23,12.22,12.37,12.1
2023-02-08,12.23,12.43,12.52,12.17
2023-02-09,12.45,12.52,12.55,12.33
2023-02-10,12.68,12.94,13.2,12.67
2023-02-13,13.06,13.03,13.17,12.71
2023-02-14,13.02,13.02,13.04,12.85
2023-02-15,13.0,12.94,13.02,12.85
2023-02-16,12.94,12.97,13.36,12.82
2023-02-17,13.01,13.1,13.28,12.92
2023-02-20,13.22,13.09,13.24,12.85
2023-02-21,13.05,12.95,13.08,12.85
2023-02-22,12.95,13.01,13.12,12.82
2023-02-23,12.99,12.88,13.14,12.82
2023-02-24,12.89,12.86,13.03,12.83
2023-02-27,12.81,12.59,12.88,12.58
2023-02-28,12.72,12.77,12.82,12.62
2023-03-01,12.77,12.88,12.88,12.6
2023-03-02,12.87,12.6,12.9,12.58
2023-03-03,12.69,12.66,12.73,12.58
2023-03-06,12.66,12.4,12.7,12.38
2023-03-07,12.41,12.15,12.54,12.14
2023-03-08,12.1,12.32,12.43,12.04
2023-03-09,12.3,12.39,12.49,12.25
2023-03-10,12.34,12.49,12.51,12.19
2023-03-13,12.4,12.31,12.44,12.13
2023-03-14,12.3,12.15,12.4,12.04
2023-03-15,12.25,12.42,12.68,12.12
2023-03-16,12.41,12.33,12.5,12.27
2023-03-17,12.36,12.3,12.55,12.28
2023-03-20,12.3,12.22,12.39,12.02
2023-03-21,12.32,12.41,12.48,12.14
2023-03-22,12.53,12.45,12.63,12.33
2023-03-23,12.45,12.48,12.56,12.33
2023-03-24,12.71,12.57,12.95,12.54
2023-03-27,12.53,12.72,12.85,12.43
2023-03-28,12.83,13.0,13.1,12.7
2023-03-29,12.83,13.1,13.17,12.72
2023-03-30,13.07,13.04,13.22,12.88
2023-03-31,13.02,13.11,13.23,12.97
2023-04-03,13.17,13.21,13.32,13.12
2023-04-04,13.17,13.29,13.46,13.17
2023-04-06,13.29,13.05,13.43,12.97
2023-04-07,13.09,13.36,13.47,13.05
2023-04-10,13.36,13.27,13.5,13.17
2023-04-11,13.27,13.5,13.5,13.21
2023-04-12,13.39,13.63,13.72,13.35
2023-04-13,13.59,13.85,13.98,13.47
2023-04-14,13.91,14.03,14.17,13.85
2023-04-17,14.01,14.33,14.33,13.83
2023-04-18,14.33,13.89,14.42,13.76
2023-04-19,13.86,13.96,14.05,13.8
2023-04-20,13.97,14.09,14.25,13.85
2023-04-21,13.95,14.34,14.58,13.95
2023-04-24,14.23,14.07,14.33,13.8
2023-04-25,14.08,14.27,14.32,13.8
2023-04-26,14.2,14.86,15.16,13.85
2023-04-27,16.0,15.68,16.77,15.55
2023-04-28,15.19,15.6,15.86,15.1
2023-05-04,15.66,16.26,16.34,15.53
2023-05-05,16.05,15.96,16.3,15.72
2023-05-08,15.87,15.61,15.95,15.36
2023-05-09,15.6,15.29,15.7,15.16
2023-05-10,15.3,15.37,15.47,15.01
2023-05-11,15.31,14.92,15.52,14.86
2023-05-12,14.86,15.1,15.34,14.67
2023-05-15,15.0,15.24,15.31,14.89
2023-05-16,15.32,15.12,15.38,15.05
2023-05-17,15.16,15.02,15.26,14.86
2023-05-18,14.98,15.19,15.3,14.93
2023-05-19,15.12,15.57,15.79,15.12
2023-05-22,15.5,15.49,15.76,15.45
2023-05-23,15.58,15.49,15.76,15.48
2023-05-24,15.44,15.06,15.46,14.86
2023-05-25,15.05,15.06,15.23,14.8
2023-05-26,15.1,15.78,15.9,15.0
2023-05-29,15.81,15.79,16.1,15.49
2023-05-30,15.84,15.87,16.21,15.62
2023-05-31,15.98,16.11,16.29,15.86
2023-06-01,16.05,15.46,16.11,15.41
2023-06-02,15.61,15.41,15.66,15.23
2023-06-05,15.37,15.3,15.53,15.04
2023-06-06,15.38,14.79,15.42,14.56
2023-06-07,14.79,14.57,14.92,14.51
2023-06-08,14.53,14.37,14.62,14.21
2023-06-09,14.5,14.46,14.69,14.25
2023-06-12,14.49,14.29,14.58,14.07
2023-06-13,14.22,14.15,14.39,14.11
2023-06-14,14.15,14.35,14.5,14.05
2023-06-15,14.25,14.48,14.56,14.15
2023-06-16,14.49,14.6,14.79,14.41
2023-06-19,14.54,14.58,14.78,14.49
2023-06-20,14.76,14.43,14.85,14.37
2023-06-21,14.32,14.2,14.49,14.17
2023-06-26,13.96,14.01,14.29,13.89
2023-06-27,14.15,14.3,14.48,14.01
2023-06-28,14.25,14.22,14.44,14.0
2023-06-29,14.22,14.66,14.84,14.1
2023-06-30,14.55,15.08,15.2,14.55
2023-07-03,15.05,14.94,15.23,14.89
2023-07-04,14.94,14.76,15.03,14.71
2023-07-05,14.76,14.65,14.86,14.6
2023-07-06,14.72,14.35,14.76,14.27
2023-07-07,14.48,14.39,14.55,14.22
2023-07-10,14.5,14.41,14.54,14.24
2023-07-11,14.4,14.51,14.58,14.28
2023-07-12,14.63,14.19,14.64,14.18
2023-07-13,14.26,14.42,14.48,14.2
2023-07-14,14.42,14.32,14.67,14.28
2023-07-17,14.27,14.25,14.5,14.22
2023-07-18,14.33,14.28,14.47,14.12
2023-07-19,14.28,14.13,14.45,14.02
2023-07-20,14.28,14.24,14.46,14.17
2023-07-21,14.19,14.29,14.37,14.07
2023-07-24,14.25,14.44,14.56,14.16
2023-07-25,14.41,14.52,14.58,14.38
2023-07-26,14.43,14.26,14.65,14.16
2023-07-27,14.32,13.89,14.36,13.81
2023-07-28,13.81,14.1,14.15,13.81
2023-07-31,14.06,13.22,14.19,13.15
2023-08-01,13.26,13.08,13.35,13.08
2023-08-02,13.08,12.86,13.08,12.82
2023-08-03,12.9,13.05,13.09,12.83
2023-08-04,13.1,12.86,13.11,12.85
2023-08-07,12.84,12.66,12.84,12.55
2023-08-08,12.56,12.69,12.75,12.55
2023-08-09,12.73,12.79,12.86,12.62
2023-08-10,12.75,12.69,12.89,12.64
2023-08-11,12.74,12.78,13.02,12.74
2023-08-14,12.64,12.72,12.75,12.48
2023-08-15,12.6,12.81,12.84,12.56
2023-08-16,12.71,12.73,13.0,12.69
2023-08-17,12.65,12.79,12.81,12.57
2023-08-18,12.76,12.38,12.85,12.37
2023-08-21,12.34,12.3,12.54,12.28
2023-08-22,12.34,12.45,12.45,12.16
2023-08-23,12.02,11.01,12.17,10.94
2023-08-24,11.13,11.11,11.19,10.71
2023-08-25,11.0,10.88,11.13,10.82
2023-08-28,11.68,10.65,11.68,10.64
2023-08-29,10.69,11.13,11.2,10.67
2023-08-30,11.09,11.15,11.32,11.06
2023-08-31,11.18,11.11,11.18,10.97
2023-09-01,11.08,10.89,11.17,10.85
2023-09-04,10.95,11.06,11.1,10.92
2023-09-05,11.04,10.95,11.1,10.91
2023-09-06,10.97,10.85,10.97,10.79
2023-09-07,10.85,10.56,10.85,10.54
2023-09-08,10.63,10.66,10.68,10.57
2023-09-11,10.67,11.06,11.09,10.55
2023-09-12,11.02,11.08,11.16,11.0
2023-09-13,11.05,10.84,11.1,10.73
2023-09-14,10.95,10.8,10.96,10.66
2023-09-15,10.85,11.06,11.25,10.71
2023-09-18,11.0,11.11,11.23,10.96
2023-09-19,11.08,10.98,11.17,10.94
2023-09-20,10.93,10.99,11.05,10.91
2023-09-21,10.93,10.83,11.1,10.81
2023-09-22,10.8,11.03,11.04,10.71
2023-09-25,10.99,11.11,11.18,10.97
2023-09-26,11.06,10.88,11.12,10.85
2023-09-27,10.88,11.09,11.14,10.87
2023-09-28,11.14,10.99,11.19,10.96
2023-10-09,10.91,10.77,11.02,10.76
2023-10-10,10.8,10.4,10.88,10.35
2023-10-11,10.41,10.8,11.03,10.4
2023-10-12,10.83,10.79,11.0,10.69
2023-10-13,10.77,10.95,10.97,10.67
2023-10-16,10.93,10.54,10.97,10.49
2023-10-17,10.55,10.35,10.6,10.21
2023-10-18,10.38,10.11,10.38,10.08
2023-10-19,10.1,9.97,10.22,9.96
2023-10-20,9.71,9.78,10.04,9.71
2023-10-23,9.77,9.68,9.9,9.61
2023-10-24,9.66,9.83,9.92,9.58
2023-10-25,9.84,9.67,9.9,9.66
2023-10-26,9.63,9.82,9.83,9.58
2023-10-27,9.75,10.33,10.42,9.7
2023-10-30,10.23,10.72,10.74,10.23
2023-10-31,10.6,10.69,10.8,10.6
2023-11-01,10.75,10.74,10.77,10.55
2023-11-02,10.73,10.67,10.84,10.63
2023-11-03,10.66,10.65,10.79,10.6
2023-11-06,10.67,10.8,10.87,10.65
2023-11-07,10.81,10.75,10.81,10.69
2023-11-08,10.75,10.84,10.9,10.7
2023-11-09,10.82,10.73,10.94,10.66
2023-11-10,10.68,10.71,10.78,10.6
2023-11-13,10.72,10.82,10.85,10.66
2023-11-14,10.79,10.84,10.9,10.76
2023-11-15,10.89,10.89,10.92,10.79
2023-11-16,10.85,10.69,10.87,10.68
2023-11-17,10.69,10.93,10.94,10.64
2023-11-20,10.93,11.03,11.06,10.87
2023-11-21,11.03,10.95,11.09,10.93
2023-11-22,10.97,11.15,11.64,10.89
2023-11-23,11.22,11.42,11.5,11.06
2023-11-24,11.3,11.83,11.86,11.21
2023-11-27,11.7,10.98,11.74,10.9
2023-11-28,10.86,11.27,11.42,10.68
2023-11-29,11.18,11.05,11.24,11.02
2023-11-30,11.05,10.88,11.05,10.72
2023-12-01,10.89,11.06,11.12,10.87
2023-12-04,11.09,10.88,11.09,10.78
2023-12-05,10.81,10.59,10.89,10.57
2023-12-06,10.57,10.65,10.81,10.49
2023-12-07,10.65,10.62,10.73,10.56
2023-12-08,10.57,10.69,10.9,10.53
2023-12-11,10.71,10.74,10.76,10.46
2023-12-12,10.7,10.61,10.71,10.54
2023-12-13,10.61,10.6,10.78,10.57
2023-12-14,10.62,10.52,10.75,10.51
2023-12-15,10.52,10.34,10.61,10.3
2023-12-18,10.36,10.33,10.52,10.3
2023-12-19,10.32,10.28,10.37,10.18
2023-12-20,10.23,10.16,10.35,10.16
2023-12-21,10.15,10.2,10.23,9.96
2023-12-22,10.21,10.07,10.21,9.99
2023-12-25,10.01,9.94,10.08,9.86
2023-12-26,9.98,9.7,9.98,9.69
2023-12-27,9.74,9.92,9.93,9.67
2023-12-28,9.91,10.08,10.14,9.82
2023-12-29,10.07,10.21,10.24,10.05
2024-01-02,10.21,10.22,10.32,10.11
2024-01-03,10.19,10.22,10.34,10.12
2024-01-04,10.24,10.16,10.24,10.05
2024-01-05,10.15,10.02,10.19,9.95
2024-01-08,10.0,9.77,10.0,9.76
2024-01-09,9.81,9.88,10.05,9.76
2024-01-10,9.85,9.77,9.98,9.72
2024-01-11,9.8,9.92,9.96,9.75
2024-01-12,9.95,9.78,9.95,9.78
2024-01-15,9.78,9.77,9.89,9.71
2024-01-16,9.83,9.71,9.85,9.57
2024-01-17,9.73,9.51,9.77,9.51
2024-01-18,9.51,9.36,9.51,9.05
2024-01-19,9.35,9.26,9.45,9.24
2024-01-22,9.26,8.67,9.26,8.61
2024-01-23,8.67,8.82,8.87,8.51
2024-01-24,8.82,8.95,9.03,8.62
2024-01-25,8.95,9.32,9.33,8.82
2024-01-26,9.26,9.19,9.41,9.15
2024-01-29,9.31,8.99,9.33,8.99
2024-01-30,8.98,8.74,9.07,8.71
2024-01-31,8.7,8.35,8.84,8.32
2024-02-01,8.32,8.32,8.54,8.13
2024-02-02,8.35,7.85,8.43,7.61
2024-02-05,7.75,7.55,7.91,7.13
2024-02-06,7.57,8.3,8.39,7.29
2024-02-07,8.32,8.64,8.86,8.26
2024-02-08,8.55,9.32,9.54,8.55
2024-02-19,9.35,9.02,9.36,8.78
2024-02-20,9.0,9.02,9.04,8.84
2024-02-21,8.99,9.03,9.3,8.88
2024-02-22,8.97,9.08,9.12,8.95
2024-02-23,9.08,9.15,9.15,8.9
2024-02-26,9.23,9.17,9.32,9.02
2024-02-27,9.14,9.38,9.38,9.08
2024-02-28,9.37,8.94,9.63,8.93
2024-02-29,8.91,9.18,9.25,8.89
2024-03-01,9.18,10.01,10.55,9.05
2024-03-04,9.73,9.6,9.79,9.36
2024-03-05,9.46,9.29,9.46,9.21
2024-03-06,9.2,9.28,9.34,9.07
2024-03-07,9.25,9.08,9.32,9.07
2024-03-08,9.08,9.12,9.15,8.98
2024-03-11,9.17,9.47,9.55,9.12
2024-03-12,9.53,9.81,10.03,9.41
2024-03-13,9.8,9.68,9.84,9.58
2024-03-14,9.79,9.77,9.92,9.61
2024-03-15,10.02,10.47,10.52,9.98
2024-03-18,10.45,12.56,12.56,10.39
2024-03-19,12.5,13.25,13.69,12.11
2024-03-20,12.7,13.04,14.16,12.51
2024-03-21,13.04,12.71,13.2,12.48
2024-03-22,12.46,12.05,12.53,11.82
2024-03-25,11.88,11.35,12.07,11.31
2024-03-26,11.39,11.2,11.5,10.97
2024-03-27,11.14,11.01,11.35,11.0
2024-03-28,11.02,11.13,11.37,10.9
2024-03-29,10.8,10.92,10.97,10.48
2024-04-01,10.9,11.1,11.15,10.86
2024-04-02,11.0,10.71,11.06,10.64
2024-04-03,10.67,10.63,10.95,10.62
2024-04-08,10.55,10.18,10.62,10.18
2024-04-09,10.2,10.37,10.39,10.17
2024-04-10,10.37,10.13,10.38,10.03
2024-04-11,10.13,10.09,10.28,10.05
2024-04-12,10.06,10.0,10.2,9.97
2024-04-15,9.99,9.7,10.11,9.52
2024-04-16,9.58,9.02,9.74,8.98
2024-04-17,9.18,9.37,9.54,9.16
2024-04-18,9.34,9.15,9.34,9.11
2024-04-19,9.13,9.1,9.21,8.98
2024-04-22,9.02,9.13,9.28,8.92
2024-04-23,9.14,9.31,9.36,9.1
2024-04-24,9.32,9.46,9.47,9.21
2024-04-25,9.33,9.53,9.67,9.32
2024-04-26,9.21,9.46,9.53,9.18
2024-04-29,9.51,9.87,9.87,9.43
2024-04-30,9.87,10.0,10.08,9.85
2024-05-06,9.96,9.94,10.03,9.85
2024-05-07,10.5,10.3,11.31,10.16
2024-05-08,10.13,10.06,10.5,9.96
2024-05-09,10.05,10.22,10.45,9.97
2024-05-10,10.18,9.92,10.23,9.88
2024-05-13,9.8,9.63,9.88,9.59
2024-05-14,9.64,9.95,10.02,9.63
2024-05-15,9.89,9.71,9.9,9.66
2024-05-16,9.69,9.7,9.81,9.68
2024-05-17,9.69,9.8,9.81,9.61
2024-05-20,9.81,9.72,9.89,9.65
2024-05-21,9.7,9.69,9.77,9.6
2024-05-22,9.63,9.65,9.73,9.58
2024-05-23,9.66,9.34,9.66,9.31
2024-05-24,9.34,9.23,9.4,9.22
2024-05-27,9.27,9.31,9.32,9.05
2024-05-28,9.25,9.31,9.39,9.17
2024-05-29,9.32,9.53,9.54,9.26
2024-05-30,9.56,9.38,9.95,9.3
2024-05-31,9.31,9.54,9.59,9.2
2024-06-03,9.59,9.4,9.63,9.31
2024-06-04,9.32,9.52,9.57,9.24
2024-06-05,9.41,9.46,9.67,9.4
2024-06-06,9.44,9.12,9.58,9.06
2024-06-07,9.17,9.18,9.27,9.06
2024-06-11,9.03,9.25,9.26,8.97
2024-06-12,9.25,9.33,9.4,9.21
2024-06-13,9.25,9.19,9.35,9.16
2024-06-14,9.13,9.18,9.24,9.07
2024-06-17,9.16,9.09,9.18,9.07
2024-06-18,9.08,9.16,9.16,9.04
2024-06-19,9.06,9.05,9.25,9.04
2024-06-20,9.05,8.87,9.18,8.87
2024-06-21,8.9,8.88,8.98,8.76
2024-06-24,8.82,8.48,8.82,8.45
2024-06-25,8.45,8.61,8.62,8.42
2024-06-26,8.55,8.84,8.85,8.46
2024-06-27,8.83,8.6,8.86,8.58
2024-06-28,8.62,8.59,8.78,8.54
2024-07-01,8.58,8.59,8.66,8.39
2024-07-02,8.57,8.52,8.66,8.51
2024-07-03,8.54,8.42,8.57,8.4
2024-07-04,8.45,8.02,8.46,7.95
2024-07-05,8.0,8.36,8.38,7.96
2024-07-08,8.3,7.98,8.38,7.95
2024-07-09,7.98,8.08,8.1,7.82
2024-07-10,8.08,8.03,8.18,8.0
2024-07-11,8.14,8.34,8.42,8.14
2024-07-12,8.29,8.34,8.44,8.29
2024-07-15,8.39,8.15,8.39,8.12
2024-07-16,8.16,8.13,8.19,8.06
2024-07-17,8.12,8.14,8.19,8.02
2024-07-18,8.06,8.13,8.17,8.01
2024-07-19,8.13,8.2,8.29,8.07
2024-07-22,8.15,8.24,8.28,8.11
2024-07-23,8.23,8.02,8.26,8.0
2024-07-24,8.0,7.91,8.08,7.89
2024-07-25,7.89,7.93,8.05,7.84
2024-07-26,7.94,8.0,8.09,7.93
2024-07-29,8.06,7.89,8.07,7.88
2024-07-30,7.9,7.9,7.95,7.84
2024-07-31,7.89,8.34,8.35,7.83
2024-08-01,8.4,8.33,8.48,8.3
2024-08-02,8.26,8.37,8.55,8.26
2024-08-05,8.3,8.23,8.5,8.2
2024-08-06,8.26,8.45,8.46,8.26
2024-08-07,8.44,8.39,8.47,8.31
2024-08-08,8.35,8.44,8.51,8.35
2024-08-09,8.47,8.34,8.56,8.33
2024-08-12,8.48,8.45,8.54,8.3
2024-08-13,8.4,8.36,8.45,8.25
2024-08-14,8.4,8.25,8.4,8.18
2024-08-15,8.12,8.32,8.38,8.12
2024-08-16,8.33,8.42,8.47,8.21
2024-08-19,8.51,8.35,8.57,8.33
2024-08-20,8.33,8.12,8.34,8.06
2024-08-21,8.12,8.01,8.17,8.01
2024-08-22,8.03,7.94,8.12,7.91
2024-08-23,7.91,7.86,7.97,7.8
2024-08-26,7.8,7.92,7.99,7.75
2024-08-27,7.85,7.9,8.0,7.74
2024-08-28,7.9,8.01,8.08,7.82
2024-08-29,8.01,8.45,9.09,7.94
2024-08-30,8.69,8.9,9.0,8.38
2024-09-02,8.75,8.78,9.08,8.65
2024-09-03,8.7,8.74,8.82,8.63
2024-09-04,8.7,8.83,8.96,8.69
2024-09-05,8.86,9.09,9.12,8.82
2024-09-06,9.07,8.89,9.21,8.88
2024-09-09,8.89,9.0,9.15,8.88
2024-09-10,9.04,9.05,9.09,8.9
2024-09-11,9.05,9.15,9.18,9.03
2024-09-12,9.07,9.11,9.25,9.07
2024-09-13,9.09,9.1,9.24,9.07
2024-09-18,9.04,8.9,9.19,8.9
2024-09-19,8.99,9.05,9.16,8.88
2024-09-20,9.04,8.98,9.04,8.9
2024-09-23,8.96,8.91,9.07,8.87
2024-09-24,8.95,9.18,9.18,8.86
2024-09-25,9.21,9.27,9.45,9.21
2024-09-26,9.28,9.55,9.55,9.17
2024-09-27,9.7,9.98,10.13,9.58
2024-09-30,10.36,11.35,11.45,10.11
2024-10-08,13.45,12.35,13.46,11.5
2024-10-09,11.8,11.23,12.27,11.19
2024-10-10,11.45,11.09,11.72,11.09
2024-10-11,11.18,10.46,11.2,10.28
2024-10-14,10.4,10.58,10.63,10.09
2024-10-15,10.59,10.39,10.77,10.36
2024-10-16,10.29,10.41,10.58,10.24
2024-10-17,10.55,10.38,10.65,10.36
2024-10-18,10.48,11.0,11.26,10.38
2024-10-21,11.0,10.99,11.1,10.8
2024-10-22,11.06,11.22,11.25,10.89
2024-10-23,11.36,11.19,11.38,11.08
2024-10-24,11.09,11.34,11.54,11.06
2024-10-25,11.13,10.98,11.25,10.84
2024-10-28,10.93,11.13,11.14,10.79
2024-10-29,11.4,10.7,11.4,10.66
2024-10-30,10.63,10.57,10.81,10.41
2024-10-31,10.54,10.4,10.64,10.3
2024-11-01,10.32,10.05,10.41,10.02
2024-11-04,10.02,10.24,10.24,10.02
2024-11-05,10.23,10.6,10.67,10.16
2024-11-06,10.59,10.49,10.68,10.41
2024-11-07,10.47,10.93,10.95,10.42
2024-11-08,11.03,10.84,11.09,10.76
2024-11-11,10.8,10.97,10.97,10.7
2024-11-12,11.0,11.0,11.3,10.84
2024-11-13,11.09,11.45,11.62,11.04
2024-11-14,11.28,10.78,11.28,10.75
2024-11-15,10.75,10.57,11.04,10.55
2024-11-18,10.62,10.39,10.74,10.33
2024-11-19,10.51,10.66,10.68,10.4
2024-11-20,10.66,11.01,11.04,10.56
2024-11-21,11.95,11.75,12.86,11.39
2024-11-22,11.49,11.65,12.5,11.4
2024-11-25,13.98,13.98,13.98,13.98
2024-11-26,14.44,14.06,16.5,13.87
2024-11-27,12.8,13.35,13.68,12.1
2024-11-28,12.9,12.23,13.24,12.18
2024-11-29,12.0,12.14,12.37,11.77
2024-12-02,12.15,12.4,12.75,12.08
2024-12-03,12.3,12.25,12.45,12.11
2024-12-04,12.15,11.91,12.21,11.83
2024-12-05,11.92,12.33,12.4,11.91
2024-12-06,13.03,13.21,13.96,12.51
2024-12-09,13.43,13.19,13.74,12.96
2024-12-10,13.39,13.53,13.74,13.2
2024-12-11,13.45,13.16,13.45,13.1
2024-12-12,13.07,13.05,13.32,12.95
2024-12-13,12.89,12.61,13.0,12.61
2024-12-16,12.66,12.92,13.12,12.58
2024-12-17,12.82,12.08,12.88,12.06
2024-12-18,12.15,12.17,12.36,11.88
2024-12-19,12.21,12.26,12.46,12.03
2024-12-20,12.17,12.37,12.49,12.15
2024-12-23,12.26,11.68,12.33,11.62
2024-12-24,11.73,11.73,11.85,11.54
2024-12-25,12.22,11.74,12.4,11.55
2024-12-26,11.54,11.6,11.72,11.47
2024-12-27,11.56,11.78,12.05,11.49
2024-12-30,11.59,11.53,11.8,11.4
2024-12-31,11.49,11.18,11.6,11.16
2025-01-02,11.15,10.83,11.29,10.68
2025-01-03,10.85,10.37,10.89,10.34
2025-01-06,10.4,10.52,10.77,10.3
2025-01-07,10.57,10.59,10.67,10.35
2025-01-08,10.53,10.61,10.68,10.23
2025-01-09,10.51,10.58,10.74,10.47
2025-01-10,10.52,10.26,10.67,10.25
2025-01-13,10.23,10.31,10.36,10.0
2025-01-14,10.32,10.82,10.83,10.28
2025-01-15,10.82,10.75,10.85,10.65
2025-01-16,10.78,10.75,10.92,10.62
2025-01-17,10.66,10.77,10.82,10.63
2025-01-20,10.83,10.8,10.9,10.75
2025-01-21,10.8,10.8,10.89,10.67
2025-01-22,10.79,10.74,10.9,10.68
2025-01-23,10.85,10.82,11.02,10.8
2025-01-24,10.78,11.05,11.13,10.77
2025-01-27,11.08,10.94,11.19,10.94
2025-02-05,11.1,11.37,11.38,11.02
2025-02-06,11.31,11.59,11.63,11.13
2025-02-07,11.67,12.47,12.56,11.63
2025-02-10,12.63,12.89,13.06,12.5
2025-02-11,12.92,12.78,13.27,12.68
2025-02-12,12.63,12.66,12.93,12.42
2025-02-13,12.64,12.43,12.68,12.27
2025-02-14,12.53,13.6,13.8,12.53
2025-02-17,14.2,13.67,14.93,13.55
2025-02-18,13.58,13.2,13.72,13.13
2025-02-19,13.21,13.27,13.53,13.0
2025-02-20,13.37,13.5,14.05,13.33
2025-02-21,13.5,13.55,13.71,13.3
2025-02-24,13.61,13.4,13.62,13.19
2025-02-25,13.08,13.21,13.4,13.03
2025-02-26,13.14,13.11,13.25,12.96
2025-02-27,13.13,13.01,13.19,12.77
2025-02-28,12.9,12.23,12.97,12.2
2025-03-03,12.4,12.52,12.8,12.22
2025-03-04,12.42,12.87,12.93,12.42
2025-03-05,12.77,12.76,12.87,12.51
2025-03-06,12.8,13.04,13.1,12.72
2025-03-07,12.99,12.77,13.07,12.65
2025-03-10,13.35,12.9,13.49,12.7
2025-03-11,12.52,12.68,12.81,12.52
2025-03-12,12.68,12.69,12.83,12.56
2025-03-13,12.66,12.52,12.7,12.33
2025-03-14,12.52,12.84,12.94,12.41
2025-03-17,12.9,12.64,12.9,12.6
2025-03-18,12.63,12.65,12.79,12.57
2025-03-19,12.63,12.51,12.77,12.46
2025-03-20,12.48,12.38,12.55,12.35
2025-03-21,12.35,12.17,12.41,12.13
2025-03-24,12.14,11.96,12.26,11.75
2025-03-25,11.99,12.1,12.32,11.87
2025-03-26,12.05,12.07,12.16,12.03
2025-03-27,12.0,12.29,12.33,11.92
2025-03-28,12.23,12.22,12.6,12.2
2025-03-31,12.11,12.11,12.22,11.86
2025-04-01,12.13,12.42,12.65,12.13
2025-04-02,12.38,12.55,12.62,12.29
2025-04-03,12.35,12.25,12.62,12.15
2025-04-07,11.37,10.1,11.59,9.95
2025-04-08,10.32,10.51,10.92,10.16
2025-04-09,10.26,10.7,10.75,9.55
2025-04-10,10.86,10.99,11.18,10.86
2025-04-11,10.8,11.11,11.2,10.75
2025-04-14,11.25,11.16,11.34,11.1
2025-04-15,11.14,11.17,11.28,11.04
2025-04-16,11.09,10.88,11.1,10.67
2025-04-17,10.82,10.95,11.03,10.76
2025-04-18,10.96,10.91,11.09,10.82
2025-04-21,10.86,11.15,11.17,10.79
2025-04-22,11.08,11.15,11.22,11.06
2025-04-23,11.15,11.24,11.32,11.15
2025-04-24,11.6,11.29,11.91,11.29
2025-04-25,11.52,11.44,11.71,11.28
2025-04-28,11.32,11.33,11.42,11.17
2025-04-29,11.27,11.45,11.48,11.2
2025-04-30,11.46,11.68,11.8,11.43
2025-05-06,11.73,11.85,11.89,11.65
2025-05-07,11.99,11.8,12.03,11.71
2025-05-08,11.75,11.9,11.95,11.74
2025-05-09,11.89,11.77,11.9,11.71
2025-05-12,11.8,11.91,12.06,11.76
2025-05-13,11.96,11.98,12.04,11.85
2025-05-14,11.98,11.93,12.05,11.79
2025-05-15,11.93,11.77,11.93,11.74
2025-05-16,11.71,11.76,11.84,11.71
2025-05-19,11.81,11.78,11.85,11.62
2025-05-20,11.8,11.92,11.95,11.74
2025-05-21,11.91,11.79,11.94,11.79
2025-05-22,11.75,11.57,11.85,11.55
2025-05-23,11.63,11.6,11.84,11.52
2025-05-26,11.57,11.59,11.61,11.46
2025-05-27,11.47,11.48,11.58,11.34
2025-05-28,11.51,11.27,11.57,11.23
2025-05-29,11.3,11.59,11.61,11.26
2025-05-30,11.56,11.58,11.75,11.51
2025-06-03,11.52,11.89,11.94,11.48
2025-06-04,11.91,12.06,12.09,11.79
2025-06-05,12.1,11.95,12.1,11.9
2025-06-06,11.92,11.86,12.02,11.8
2025-06-09,11.89,11.97,12.06,11.84
2025-06-10,11.91,11.9,12.07,11.76
2025-06-11,11.92,11.8,12.01,11.79
2025-06-12,11.83,11.87,11.88,11.72
2025-06-13,11.78,11.55,11.93,11.5
2025-06-16,11.55,11.61,11.7,11.51
2025-06-17,11.68,11.69,12.01,11.64
2025-06-18,11.6,11.47,11.66,11.44
2025-06-19,11.49,11.13,11.57,11.1
2025-06-20,11.23,11.1,11.3,11.1
2025-06-23,11.11,11.53,11.88,11.1
2025-06-24,11.51,11.74,11.74,11.45
2025-06-25,11.7,11.81,11.82,11.6
2025-06-26,11.82,11.73,11.86,11.69
2025-06-27,11.72,11.77,11.89,11.66
2025-06-30,11.83,12.02,12.04,11.72
2025-07-01,12.03,12.18,12.23,11.98
2025-07-02,12.22,12.05,12.25,11.98
2025-07-03,12.0,12.13,12.18,12.0
2025-07-04,12.17,12.05,12.23,12.02
2025-07-07,12.22,12.16,12.53,12.08
2025-07-08,12.12,12.16,12.33,12.01
2025-07-09,12.12,12.08,12.23,12.05
2025-07-10,12.09,12.08,12.18,12.01
2025-07-11,12.03,12.06,12.15,12.0
2025-07-14,12.1,12.11,12.13,12.03
2025-07-15,12.11,12.25,12.29,11.88
2025-07-16,12.27,12.66,12.99,12.2
2025-07-17,12.47,12.61,12.64,12.38
2025-07-18,12.6,12.59,12.64,12.44
2025-07-21,12.58,12.66,12.7,12.51
2025-07-22,12.63,12.52,12.71,12.47
2025-07-23,12.5,12.53,12.69,12.42
2025-07-24,12.53,12.72,12.74,12.45
2025-07-25,12.75,12.87,12.97,12.65
2025-07-28,12.93,13.09,13.38,12.9
2025-07-29,13.12,12.99,13.28,12.9
2025-07-30,12.95,13.03,13.33,12.91
2025-07-31,12.99,13.08,13.36,12.92
2025-08-01,13.0,13.18,13.34,12.98
2025-08-04,13.12,13.28,13.28,12.89
2025-08-05,13.28,13.22,13.41,13.08
2025-08-06,13.29,13.21,13.35,13.12
2025-08-07,13.14,13.25,13.59,13.13
2025-08-08,13.25,13.19,13.61,13.06
2025-08-11,13.15,13.38,13.43,13.06
2025-08-12,13.4,13.49,13.76,13.36
2025-08-13,13.49,13.45,13.61,13.24
2025-08-14,13.46,13.07,13.49,13.04
2025-08-15,13.04,13.2,13.28,13.01
2025-08-18,13.23,13.43,13.49,13.21
2025-08-19,13.38,13.37,13.57,13.27
2025-08-20,13.34,13.26,13.34,13.01
2025-08-21,13.26,13.11,13.36,13.05
2025-08-22,13.11,13.18,13.23,13.02
2025-08-25,13.18,13.13,13.29,13.05
2025-08-26,13.38,13.51,13.85,13.35
2025-08-27,13.51,12.91,13.71,12.89
2025-08-28,13.01,12.78,13.11,12.35
2025-08-29,12.71,12.7,12.8,12.61
2025-09-01,12.71,13.15,13.45,12.66
2025-09-02,13.07,12.65,13.15,12.55
2025-09-03,12.76,12.57,12.85,12.51
2025-09-04,12.56,12.37,12.67,12.16
2025-09-05,12.34,12.5,12.53,12.21
2025-09-08,12.5,12.91,13.01,12.48
2025-09-09,12.87,12.46,12.88,12.41
2025-09-10,12.41,12.6,12.65,12.41
2025-09-11,12.56,12.65,12.68,12.28
2025-09-12,12.65,12.64,12.77,12.51
2025-09-15,12.6,12.57,12.65,12.48
2025-09-16,12.57,12.57,12.61,12.45
2025-09-17,12.57,12.46,12.57,12.43
2025-09-18,12.46,12.16,12.53,12.1
2025-09-19,12.15,12.04,12.29,11.98
2025-09-22,12.09,12.02,12.15,11.96
2025-09-23,12.03,11.79,12.04,11.52
2025-09-24,11.7,12.01,12.05,11.68
2025-09-25,11.97,11.92,12.1,11.86
2025-09-26,11.85,11.81,11.91,11.68
2025-09-29,11.83,11.89,11.95,11.59
2025-09-30,11.9,11.9,11.99,11.85
2025-10-09,12.0,12.18,12.37,11.96
2025-10-10,11.93,11.83,11.99,11.53
2025-10-13,11.58,11.66,11.85,11.36
2025-10-14,11.73,11.59,11.82,11.54
2025-10-15,11.59,11.77,11.82,11.57
2025-10-16,11.77,11.83,11.94,11.68
2025-10-17,11.83,11.7,11.94,11.7
2025-10-20,11.76,11.75,11.91,11.72
2025-10-21,11.79,11.87,11.9,11.7
2025-10-22,11.86,11.79,11.9,11.77
2025-10-23,11.79,11.73,11.83,11.59
2025-10-24,11.75,11.84,11.89,11.71
2025-10-27,11.93,12.1,12.1,11.77
2025-10-28,12.9,13.97,14.33,12.9
2025-10-29,13.8,13.84,14.08,13.57
2025-10-30,13.76,13.42,13.78,13.4
2025-10-31,13.56,13.87,14.0,13.42
2025-11-03,13.9,14.01,14.16,13.62
2025-11-04,13.88,13.81,13.98,13.67
2025-11-05,13.79,14.21,14.44,13.68
2025-11-06,14.1,13.9,14.2,13.75
2025-11-07,13.9,13.92,14.08,13.73
2025-11-10,13.92,13.82,13.97,13.74
2025-11-11,13.87,13.77,13.92,13.71
2025-11-12,13.71,13.92,14.02,13.71
2025-11-13,13.92,13.99,14.01,13.77
2025-11-14,13.93,13.84,14.25,13.82
2025-11-17,13.81,14.0,14.1,13.72
2025-11-18,13.92,14.13,14.42,13.82
2025-11-19,14.08,13.9,14.08,13.76
2025-11-20,13.87,13.62,13.98,13.51
2025-11-21,13.54,13.26,13.7,13.1
2025-11-24,13.26,13.26,13.39,13.12
2025-11-25,13.28,13.5,13.59,13.21
2025-11-26,13.44,13.73,14.07,13.44
2025-11-27,13.75,13.91,14.07,13.59
2025-11-28,13.88,13.94,13.98,13.74
2025-12-01,13.91,13.82,13.92,13.69
2025-12-02,13.81,13.83,13.9,13.68
2025-12-03,13.81,13.77,13.85,13.61
2025-12-04,13.77,13.55,13.82,13.5
2025-12-05,13.54,13.49,13.54,13.3
2025-12-08,13.55,13.45,13.63,13.4
2025-12-09,13.37,13.23,13.55,13.19
2025-12-10,13.28,13.17,13.32,13.14
2025-12-11,13.18,13.0,13.23,12.99
2025-12-12,13.05,12.79,13.11,12.68
2025-12-15,12.7,12.76,12.86,12.61
2025-12-16,12.69,12.62,12.83,12.52
2025-12-17,12.62,12.54,12.67,12.46
2025-12-18,12.47,12.85,12.97,12.3
2025-12-19,12.92,13.0,13.05,12.8
2025-12-22,13.03,12.93,13.04,12.83
2025-12-23,12.91,12.86,12.97,12.81
2025-12-24,12.92,12.93,13.01,12.83
2025-12-25,12.95,13.12,13.15,12.86
2025-12-26,13.07,12.93,13.11,12.85
2025-12-29,12.92,12.89,12.93,12.81
2025-12-30,12.81,12.75,12.95,12.75
2025-12-31,12.8,12.79,12.9,12.67
2026-01-05,12.82,13.79,13.79,12.78
2026-01-06,13.79,13.64,13.81,13.55
2026-01-07,13.75,13.36,13.84,13.28
2026-01-08,13.42,13.83,13.92,13.35
2026-01-09,14.0,14.48,14.52,13.92
2026-01-12,14.66,14.82,14.94,14.52
2026-01-13,15.32,15.13,16.17,15.02
2026-01-14,15.17,15.08,15.85,14.8
2026-01-15,15.07,14.77,15.07,14.66
2026-01-16,15.0,14.41,15.06,14.34
2026-01-19,14.41,14.43,14.61,14.33
2026-01-20,15.52,15.46,16.8,14.95
2026-01-21,15.32,15.6,15.98,14.96
2026-01-22,15.64,15.3,15.76,15.18
2026-01-23,15.32,15.46,15.85,15.22
2026-01-26,15.46,15.19,15.48,15.05
2026-01-27,15.19,14.93,15.2,14.61
2026-01-28,14.89,14.61,14.89,14.56
2026-01-29,14.61,14.69,15.1,14.41
2026-01-30,14.65,14.3,14.78,14.16
2026-02-02,14.32,14.29,14.57,14.16
2026-02-03,14.4,14.44,14.44,14.19
2026-02-04,14.4,14.43,14.48,14.22
2026-02-05,14.43,14.45,14.65,14.4
2026-02-06,14.38,14.51,14.62,14.22
2026-02-09,14.66,14.67,14.87,14.48
2026-02-10,14.7,14.77,14.9,14.6
2026-02-11,14.77,14.56,14.85,14.53
2026-02-12,14.56,14.64,14.74,14.42
2026-02-13,14.61,14.53,14.75,14.52
2026-02-24,14.65,14.56,14.67,14.43
2026-02-25,14.54,14.66,14.67,14.51
2026-02-26,14.66,14.44,14.67,14.36
2026-02-27,14.39,14.64,14.64,14.38
2026-03-02,14.43,14.58,14.85,14.4
2026-03-03,14.59,14.09,14.85,14.09
2026-03-04,13.95,13.91,14.23,13.83
2026-03-05,14.16,14.14,14.29,14.09
2026-03-06,14.05,14.83,14.97,14.02
2026-03-09,14.55,14.66,14.69,14.39
2026-03-10,14.78,15.07,15.08,14.74
2026-03-11,15.07,14.93,15.11,14.79
2026-03-12,14.93,14.76,15.04,14.7
2026-03-13,14.68,14.74,14.88,14.65
2026-03-16,14.73,14.73,14.76,14.51
2026-03-17,14.74,14.49,14.93,14.49
2026-03-18,14.55,15.24,15.24,14.5
