date,open,close,high,low
2010-01-04,8.78,8.7,8.82,8.67
2010-01-05,8.7,8.74,8.75,8.56
2010-01-06,8.78,8.83,8.89,8.74
2010-01-07,8.8,8.56,8.94,8.52
2010-01-08,8.5,8.57,8.59,8.35
2010-01-11,8.59,8.55,8.67,8.45
2010-01-12,8.54,8.84,8.85,8.45
2010-01-13,8.68,8.76,8.87,8.62
2010-01-14,8.76,9.06,9.09,8.76
2010-01-15,9.05,9.04,9.09,8.9
2010-01-18,9.03,9.15,9.16,8.96
2010-01-19,9.14,9.08,9.16,9.01
2010-01-20,9.09,8.89,9.14,8.86
2010-01-21,8.82,8.94,9.0,8.8
2010-01-22,8.86,8.66,8.86,8.51
2010-01-25,8.59,8.43,8.67,8.42
2010-01-26,8.46,8.19,8.53,8.15
2010-01-27,8.19,8.16,8.27,8.11
2010-01-28,8.2,8.26,8.28,8.18
2010-01-29,8.26,8.26,8.34,8.17
2010-02-01,8.33,7.95,8.33,7.86
2010-02-02,8.03,7.87,8.06,7.86
2010-02-03,7.99,8.04,8.05,7.6
2010-02-04,7.99,8.09,8.15,7.8
2010-02-05,7.9,8.15,8.19,7.8
2010-02-08,8.17,8.17,8.31,8.14
2010-02-09,8.15,8.2,8.22,8.1
2010-02-10,8.24,8.21,8.25,8.13
2010-02-11,8.26,8.22,8.26,8.17
2010-02-12,8.22,8.26,8.27,8.2
2010-02-22,8.26,8.18,8.27,8.1
2010-02-23,8.15,8.16,8.2,7.99
2010-02-24,8.1,8.43,8.43,8.07
2010-02-25,8.42,8.52,8.55,8.36
2010-02-26,8.48,8.62,8.69,8.41
2010-03-01,8.74,8.81,8.85,8.65
2010-03-02,8.81,8.86,8.96,8.7
2010-03-03,8.89,9.01,9.1,8.8
2010-03-04,9.05,8.91,9.09,8.85
2010-03-05,8.9,8.76,8.93,8.64
2010-03-08,8.76,8.96,9.1,8.76
2010-03-09,9.0,8.84,9.0,8.77
2010-03-10,8.84,8.88,8.94,8.6
2010-03-11,8.9,9.05,9.08,8.75
2010-03-12,9.08,8.86,9.15,8.84
2010-03-15,8.8,8.82,8.9,8.66
2010-03-16,8.82,8.85,8.86,8.69
2010-03-17,8.88,9.09,9.11,8.82
2010-03-18,9.15,9.48,9.58,9.12
2010-03-19,9.4,9.39,9.48,9.25
2010-03-22,9.41,9.57,9.67,9.3
2010-03-23,9.52,9.27,9.62,9.23
2010-03-24,9.31,9.35,9.36,9.18
2010-03-25,9.28,9.05,9.28,9.0
2010-03-26,9.1,9.21,9.23,9.06
2010-03-29,9.27,9.38,9.45,9.21
2010-03-30,9.41,9.31,9.45,9.29
2010-03-31,9.31,9.35,9.41,9.26
2010-04-01,9.35,9.51,9.59,9.3
2010-04-02,10.15,9.81,10.46,9.8
2010-04-06,9.83,10.1,10.25,9.65
2010-04-07,10.1,10.15,10.26,9.92
2010-04-08,10.15,10.02,10.24,9.97
2010-04-09,10.0,10.26,10.39,9.98
2010-04-12,10.29,10.47,10.56,10.27
2010-04-13,10.54,10.16,10.65,9.97
2010-04-14,10.18,10.14,10.35,10.06
2010-04-16,10.2,10.17,10.25,9.98
2010-04-19,10.05,10.0,10.55,9.98
2010-04-20,10.05,10.64,10.69,9.84
2010-04-21,10.59,10.79,10.92,10.53
2010-04-22,10.7,10.63,10.92,10.62
2010-04-23,10.6,10.88,11.0,10.5
2010-04-26,10.81,10.82,11.03,10.78
2010-04-27,10.79,10.33,10.79,10.15
2010-04-28,10.29,10.34,10.44,10.18
2010-04-29,10.35,9.99,10.57,9.88
2010-04-30,9.95,10.16,10.19,9.59
2010-05-04,9.97,10.15,10.25,9.87
2010-05-05,10.0,10.8,10.99,9.97
2010-05-06,10.7,10.82,11.17,10.65
2010-05-07,10.67,11.18,11.29,10.55
2010-05-10,11.25,10.55,11.35,10.23
2010-05-11,10.64,9.5,10.75,9.5
2010-05-12,9.4,9.53,9.54,9.08
2010-05-13,9.51,10.07,10.08,9.4
2010-05-14,9.9,9.84,10.04,9.73
2010-05-17,9.7,9.43,9.79,9.34
2010-05-18,9.4,9.79,9.84,9.36
2010-05-19,9.69,9.73,9.87,9.38
2010-05-20,9.52,8.76,9.64,8.76
2010-05-21,8.35,8.87,8.93,8.26
2010-05-24,8.87,9.05,9.25,8.86
2010-05-25,8.99,9.07,9.2,8.8
2010-05-26,9.04,9.14,9.23,8.98
2010-05-27,9.2,9.54,9.58,9.01
2010-05-28,9.5,9.57,9.62,9.42
2010-05-31,9.57,9.31,9.64,9.18
2010-06-01,9.21,9.44,9.5,9.0
2010-06-02,9.35,9.2,9.43,8.97
2010-06-03,9.29,8.99,9.3,8.93
2010-06-04,8.93,8.8,9.0,8.71
2010-06-07,8.55,8.96,8.97,8.44
2010-06-08,8.9,8.94,9.0,8.85
2010-06-09,9.05,9.05,9.06,8.81
2010-06-10,8.99,9.05,9.18,8.96
2010-06-11,9.11,8.95,9.21,8.94
2010-06-17,9.0,8.83,9.08,8.8
2010-06-18,8.83,8.34,8.84,8.29
2010-06-21,8.35,8.79,8.8,8.35
2010-06-22,8.75,8.75,8.79,8.6
2010-06-23,8.65,8.7,8.8,8.56
2010-06-24,8.75,8.55,8.75,8.51
2010-06-25,8.53,8.42,8.74,8.38
2010-06-28,8.42,8.39,8.46,8.33
2010-06-29,8.37,8.0,8.45,7.9
2010-06-30,7.95,8.07,8.11,7.94
2010-07-01,8.09,8.02,8.1,7.71
2010-07-02,7.9,8.06,8.12,7.51
2010-07-05,7.95,7.81,8.02,7.79
2010-07-06,7.84,8.0,8.04,7.73
2010-07-07,8.01,8.06,8.07,7.95
2010-07-08,8.07,7.97,8.14,7.9
2010-07-09,8.0,8.19,8.22,7.92
2010-07-12,8.22,8.29,8.3,8.14
2010-07-13,8.19,8.07,8.22,8.03
2010-07-14,8.14,8.19,8.29,8.12
2010-07-15,8.15,8.04,8.26,8.04
2010-07-16,8.04,8.11,8.12,7.91
2010-07-19,8.0,8.32,8.34,7.97
2010-07-20,8.33,8.53,8.61,8.26
2010-07-21,8.59,8.55,8.68,8.45
2010-07-22,8.5,8.55,8.63,8.31
2010-07-23,8.54,8.41,8.54,8.33
2010-07-26,8.42,8.61,8.62,8.38
2010-07-27,8.55,8.63,8.72,8.45
2010-07-28,8.58,8.76,8.83,8.53
2010-07-29,8.86,8.77,9.05,8.64
2010-07-30,8.77,8.67,8.78,8.58
2010-08-02,8.72,8.81,8.85,8.61
2010-08-03,8.82,8.68,8.86,8.65
2010-08-04,8.65,8.95,8.97,8.65
2010-08-05,9.05,9.04,9.25,8.96
2010-08-06,8.97,9.09,9.1,8.8
2010-08-09,9.08,9.08,9.12,8.94
2010-08-10,9.11,8.75,9.14,8.7
2010-08-11,8.7,8.77,8.82,8.7
2010-08-12,8.74,8.56,8.75,8.51
2010-08-13,8.55,8.77,8.79,8.54
2010-08-16,8.75,9.09,9.15,8.72
2010-08-17,9.1,9.45,9.5,9.05
2010-08-18,9.48,9.33,9.52,9.23
2010-08-19,9.33,9.32,9.49,9.27
2010-08-20,9.2,9.15,9.31,9.05
2010-08-23,9.15,9.42,9.43,9.12
2010-08-24,9.41,9.36,9.53,9.24
2010-08-25,9.35,9.15,9.48,9.08
2010-08-26,9.16,9.21,9.34,9.15
2010-08-27,9.24,9.25,9.28,9.11
2010-08-30,9.28,9.38,9.48,9.25
2010-08-31,9.34,9.59,9.63,9.3
2010-09-01,9.59,9.32,9.66,9.2
2010-09-02,9.45,9.51,9.61,9.32
2010-09-03,9.52,9.69,9.7,9.4
2010-09-06,9.71,9.6,9.85,9.56
2010-09-07,9.57,9.51,9.65,9.42
2010-09-08,9.5,9.69,9.7,9.45
2010-09-09,9.71,9.39,9.73,9.35
2010-09-10,9.39,9.42,9.48,9.18
2010-09-13,9.39,9.62,9.69,9.35
2010-09-14,9.57,9.78,9.96,9.42
2010-09-16,9.55,9.16,9.58,8.96
2010-09-17,9.18,8.98,9.21,8.88
2010-09-20,9.0,8.75,9.04,8.5
2010-09-21,8.78,8.69,8.8,8.58
2010-09-27,8.71,8.91,8.95,8.71
2010-09-28,8.9,8.86,8.92,8.68
2010-09-29,8.87,8.88,8.97,8.75
2010-09-30,8.9,8.99,9.0,8.84
2010-10-08,9.03,9.16,9.21,8.9
2010-10-11,9.3,9.45,9.51,9.21
2010-10-12,9.44,9.58,9.69,9.33
2010-10-13,9.56,9.49,9.78,9.34
2010-10-14,9.47,9.18,9.54,9.15
2010-10-15,9.14,9.38,9.45,9.11
2010-10-18,9.4,9.59,9.76,9.31
2010-10-19,9.55,9.73,9.76,9.5
2010-10-20,9.47,9.66,9.91,9.42
2010-10-21,9.67,9.85,9.98,9.58
2010-10-22,9.9,9.73,10.1,9.65
2010-10-25,9.73,9.87,10.08,9.66
2010-10-26,9.89,9.82,10.01,9.6
2010-10-27,9.75,9.57,9.86,9.54
2010-10-28,9.49,9.48,9.62,9.4
2010-10-29,9.5,9.62,9.65,9.42
2010-11-01,9.61,9.79,9.85,9.58
2010-11-02,9.8,9.56,9.83,9.54
2010-11-03,9.56,9.71,9.84,9.39
2010-11-04,9.88,9.84,9.92,9.71
2010-11-05,9.85,10.15,10.19,9.8
2010-11-08,10.33,10.41,10.49,10.2
2010-11-09,10.39,10.25,10.39,10.11
2010-11-10,10.18,10.28,10.35,10.05
2010-11-11,10.23,10.16,10.5,10.11
2010-11-12,10.14,9.42,10.2,9.4
2010-11-15,9.45,9.58,9.6,9.2
2010-11-16,9.51,10.06,10.27,9.27
2010-11-17,9.89,10.04,10.27,9.75
2010-11-18,10.03,10.2,10.77,9.63
2010-11-19,10.19,10.24,10.49,9.93
2010-11-22,10.13,10.48,10.5,9.95
2010-11-23,10.32,10.61,10.76,10.27
2010-11-24,10.46,10.59,10.69,10.25
2010-11-25,10.59,10.42,10.88,10.4
2010-11-26,10.4,10.83,10.93,10.35
2010-11-29,10.77,10.82,10.96,10.66
2010-11-30,10.84,10.18,10.85,9.92
2010-12-01,10.2,10.52,10.57,10.08
2010-12-02,10.59,10.45,10.68,10.36
2010-12-03,10.46,10.2,10.53,10.08
2010-12-06,10.21,9.91,10.28,9.79
2010-12-07,9.87,10.0,10.04,9.7
2010-12-08,9.95,9.9,10.08,9.83
2010-12-09,9.9,9.58,9.92,9.58
2010-12-10,9.58,9.7,9.74,9.54
2010-12-13,9.72,10.0,10.05,9.72
2010-12-14,10.09,10.04,10.12,9.98
2010-12-15,10.01,10.08,10.19,10.0
2010-12-16,10.07,9.95,10.16,9.94
2010-12-17,9.91,9.9,9.99,9.78
2010-12-20,9.91,9.68,9.96,9.42
2010-12-21,9.8,10.18,10.24,9.75
2010-12-22,10.17,9.99,10.18,9.95
2010-12-23,9.98,10.16,10.29,9.94
2010-12-24,10.1,9.7,10.16,9.65
2010-12-28,9.38,8.96,9.45,8.89
2010-12-29,9.0,9.09,9.1,8.91
2010-12-30,9.08,9.05,9.15,9.0
2010-12-31,9.05,9.19,9.2,9.01
2011-01-04,9.18,9.28,9.34,9.15
2011-01-05,9.3,9.2,9.31,9.13
2011-01-06,9.2,9.26,9.32,9.15
2011-01-07,9.25,9.19,9.29,9.16
2011-01-10,9.22,8.92,9.25,8.9
2011-01-11,8.86,8.76,8.94,8.65
2011-01-12,8.82,8.85,8.88,8.73
2011-01-13,8.88,8.88,8.93,8.85
2011-01-14,8.88,8.6,8.88,8.55
2011-01-17,8.6,8.2,8.6,8.12
2011-01-18,8.2,8.26,8.3,8.15
2011-01-19,8.25,8.3,8.44,8.25
2011-01-20,8.34,8.07,8.38,8.06
2011-01-21,8.02,8.08,8.15,7.98
2011-01-24,8.12,7.99,8.13,7.97
2011-01-25,8.0,7.92,8.04,7.89
2011-01-26,7.92,8.08,8.1,7.91
2011-01-27,7.99,8.19,8.2,7.93
2011-01-28,8.18,8.19,8.24,8.08
2011-01-31,8.12,8.21,8.22,8.01
2011-02-01,8.18,8.18,8.24,8.12
2011-02-09,8.14,8.19,8.22,8.08
2011-02-10,8.14,8.31,8.34,8.12
2011-02-11,8.32,8.39,8.41,8.27
2011-02-14,8.38,8.53,8.59,8.33
2011-02-15,8.56,8.55,8.77,8.48
2011-02-16,8.56,9.01,9.15,8.56
2011-02-17,9.03,9.32,9.76,8.82
2011-02-18,9.2,9.19,9.6,9.1
2011-02-21,9.12,9.19,9.37,9.05
2011-02-22,9.21,8.78,9.23,8.76
2011-02-23,8.76,8.87,8.94,8.76
2011-02-24,8.82,8.93,9.0,8.76
2011-02-25,8.91,8.93,8.98,8.78
2011-02-28,8.95,9.11,9.17,8.87
2011-03-01,9.07,9.15,9.21,9.06
2011-03-02,9.14,9.09,9.17,8.96
2011-03-03,9.1,8.94,9.17,8.94
2011-03-04,8.95,9.17,9.18,8.95
2011-03-07,9.2,9.28,9.28,9.15
2011-03-08,9.28,9.23,9.34,9.18
2011-03-09,9.24,9.18,9.26,9.12
2011-03-10,9.16,9.07,9.22,9.06
2011-03-11,9.01,9.05,9.15,9.01
2011-03-14,9.03,9.02,9.09,8.9
2011-03-15,8.99,8.94,8.99,8.65
2011-03-16,8.93,9.0,9.03,8.8
2011-03-17,8.92,9.2,9.3,8.81
2011-03-18,9.25,9.34,9.35,9.14
2011-03-21,9.39,9.28,9.59,9.27
2011-03-29,9.38,9.21,9.75,9.2
2011-03-30,9.12,9.43,9.44,8.99
2011-03-31,9.44,9.23,9.53,9.22
2011-04-01,9.2,9.66,9.69,9.18
2011-04-06,9.57,9.6,9.75,9.48
2011-04-07,9.57,9.6,9.76,9.53
2011-04-08,9.65,9.6,9.65,9.45
2011-04-11,9.6,9.86,10.04,9.44
2011-04-12,9.78,9.73,9.97,9.65
2011-04-13,9.68,9.73,9.81,9.57
2011-04-15,9.66,9.66,9.78,9.57
2011-04-18,9.65,9.84,9.94,9.61
2011-04-19,9.76,9.53,9.77,9.53
2011-04-20,9.5,9.53,9.61,9.47
2011-04-21,9.59,9.53,9.63,9.45
2011-04-22,9.54,9.7,9.78,9.5
2011-04-25,9.7,9.34,9.75,9.33
2011-04-26,9.3,8.98,9.36,8.9
2011-04-27,8.98,8.84,9.06,8.73
2011-04-28,8.84,8.67,8.95,8.64
2011-04-29,8.67,9.12,9.25,8.62
2011-05-03,9.02,9.17,9.2,9.0
2011-05-04,9.11,8.84,9.11,8.81
2011-05-05,8.84,8.9,9.0,8.82
2011-05-06,8.75,9.14,9.15,8.75
2011-05-09,9.18,9.12,9.27,9.08
2011-05-11,9.21,9.27,9.33,9.12
2011-05-12,9.15,9.29,9.47,9.03
2011-05-13,9.29,9.52,9.56,9.24
2011-05-16,9.5,9.3,9.57,9.28
2011-05-17,9.25,8.99,9.33,8.9
2011-05-18,9.0,9.03,9.06,8.91
2011-05-19,9.07,8.85,9.07,8.8
2011-05-20,8.83,9.04,9.05,8.8
2011-05-23,9.09,9.15,9.19,8.93
2011-05-24,9.18,9.12,9.24,8.7
2011-05-25,9.07,9.2,9.37,8.9
2011-05-26,9.2,9.39,9.55,9.15
2011-05-27,9.34,8.88,9.57,8.7
2011-05-30,8.6,8.15,8.66,8.05
2011-05-31,8.2,8.21,8.29,8.09
2011-06-01,8.27,8.3,8.34,8.21
2011-06-02,8.24,8.38,8.59,8.1
2011-06-03,8.38,8.42,8.66,8.33
2011-06-07,8.42,8.41,8.53,8.35
2011-06-08,8.38,8.5,8.52,8.18
2011-06-09,8.5,8.13,8.5,8.1
2011-06-10,8.08,8.0,8.16,7.9
2011-06-13,8.01,8.09,8.12,7.91
2011-06-14,8.13,8.19,8.23,8.05
2011-06-15,8.17,8.1,8.23,8.07
2011-06-16,8.0,7.87,8.1,7.84
2011-06-17,7.89,7.78,7.98,7.76
2011-06-20,7.8,7.66,7.82,7.6
2011-06-21,7.68,7.78,7.79,7.68
2011-06-22,7.82,7.78,7.84,7.74
2011-06-23,7.78,7.88,7.9,7.7
2011-06-24,7.83,8.04,8.09,7.83
2011-06-27,8.06,8.11,8.14,7.95
2011-06-28,8.09,8.22,8.28,8.06
2011-06-29,8.22,8.18,8.24,8.13
2011-06-30,8.19,8.36,8.4,8.16
2011-07-01,8.39,8.5,8.69,8.26
2011-07-04,8.51,8.56,8.68,8.4
2011-07-05,8.53,8.51,8.6,8.41
2011-07-06,8.53,8.47,8.53,8.35
2011-07-07,8.42,8.69,8.7,8.42
2011-07-08,8.65,8.62,8.8,8.58
2011-07-11,8.62,8.54,8.62,8.43
2011-07-12,8.44,8.37,8.46,8.26
2011-07-13,8.3,8.59,8.63,8.3
2011-07-14,8.58,8.65,8.75,8.55
2011-07-15,8.62,8.68,8.77,8.54
2011-07-18,8.68,8.76,8.85,8.66
2011-07-19,8.71,8.84,8.9,8.63
2011-07-20,8.86,9.01,9.03,8.65
2011-07-21,8.99,8.91,8.99,8.72
2011-07-22,8.93,8.86,8.93,8.7
2011-07-25,8.81,8.38,8.81,8.36
2011-07-26,8.37,8.38,8.53,8.25
2011-07-27,8.38,8.46,8.56,8.32
2011-07-28,8.36,8.48,8.57,8.25
2011-07-29,8.55,8.46,8.58,8.4
2011-08-01,8.45,8.51,8.64,8.39
2011-08-02,8.52,8.35,8.53,8.25
2011-08-03,8.28,8.3,8.37,8.15
2011-08-04,8.28,8.31,8.37,8.25
2011-08-05,8.07,8.06,8.14,8.0
2011-08-08,8.0,7.65,8.07,7.42
2011-08-09,7.54,7.51,7.58,7.32
2011-08-10,7.6,7.59,7.74,7.5
2011-08-11,7.46,7.67,7.7,7.39
2011-08-12,7.68,7.86,7.9,7.68
2011-08-15,7.85,7.99,8.04,7.73
2011-08-16,8.0,7.96,8.02,7.89
2011-08-18,7.9,8.08,8.16,7.9
2011-08-19,8.03,7.98,8.11,7.73
2011-08-22,7.9,8.15,8.19,7.89
2011-08-23,8.36,8.27,8.36,8.13
2011-08-24,8.27,8.2,8.35,8.17
2011-08-25,8.24,8.39,8.45,8.16
2011-08-26,8.37,8.69,8.75,8.29
2011-08-29,8.58,8.83,8.84,8.53
2011-08-30,8.8,8.85,8.98,8.64
2011-08-31,8.83,8.86,8.89,8.61
2011-09-01,8.86,8.87,8.95,8.72
2011-09-02,8.9,8.85,8.98,8.7
2011-09-05,8.78,8.84,8.88,8.6
2011-09-06,8.84,8.97,9.4,8.71
2011-09-07,8.97,8.72,9.1,8.52
2011-09-08,8.63,8.43,8.66,8.42
2011-09-09,8.38,8.27,8.51,8.25
2011-09-13,8.2,8.04,8.2,7.93
2011-09-14,8.08,8.16,8.17,7.96
2011-09-15,8.19,8.09,8.2,8.05
2011-09-16,8.12,8.03,8.16,8.02
2011-09-19,7.99,7.72,7.99,7.7
2011-09-20,7.68,7.82,7.89,7.66
2011-09-21,7.82,8.09,8.09,7.77
2011-09-22,8.02,7.84,8.09,7.83
2011-09-23,7.74,7.82,7.86,7.64
2011-09-26,7.71,7.81,7.89,7.71
2011-09-27,7.84,7.91,7.92,7.79
2011-09-28,7.99,7.69,7.99,7.68
2011-09-29,7.7,7.38,7.81,7.35
2011-09-30,7.43,7.45,7.52,7.35
2011-10-10,7.56,7.4,7.59,7.36
2011-10-11,7.6,7.44,7.66,7.38
2011-10-12,7.41,7.81,7.83,7.37
2011-10-13,7.78,7.82,7.87,7.7
2011-10-14,7.75,7.79,7.84,7.71
2011-10-17,7.8,7.79,7.9,7.76
2011-10-18,7.76,7.51,7.82,7.5
2011-10-19,7.54,7.54,7.58,7.4
2011-10-20,7.49,7.26,7.51,7.19
2011-10-21,7.28,7.24,7.35,7.18
2011-10-24,7.2,7.38,7.42,7.19
2011-10-25,7.4,7.52,7.58,7.35
2011-10-26,7.47,7.7,7.82,7.43
2011-10-27,7.69,7.69,7.77,7.62
2011-10-28,7.77,7.78,7.8,7.69
2011-10-31,7.79,7.88,7.89,7.71
2011-11-01,7.79,7.78,7.91,7.73
2011-11-02,7.7,7.79,7.8,7.51
2011-11-03,7.8,7.85,7.92,7.76
2011-11-04,7.83,7.91,7.99,7.82
2011-11-07,7.89,7.73,7.91,7.71
2011-11-08,7.75,7.99,8.09,7.7
2011-11-09,7.98,8.03,8.08,7.86
2011-11-10,7.91,7.82,7.97,7.79
2011-11-11,7.85,7.81,7.89,7.73
2011-11-14,7.89,8.04,8.04,7.89
2011-11-15,8.03,8.13,8.15,8.01
2011-11-16,8.1,7.85,8.1,7.83
2011-11-17,7.79,7.89,7.94,7.79
2011-11-18,7.85,7.58,7.85,7.54
2011-11-21,7.61,7.63,7.64,7.45
2011-11-22,7.54,7.73,7.76,7.5
2011-11-23,7.7,7.7,7.83,7.64
2011-11-24,7.63,7.74,7.8,7.58
2011-11-25,7.79,7.77,7.95,7.73
2011-11-28,7.8,7.79,7.84,7.73
2011-11-29,7.85,7.9,7.95,7.82
2011-11-30,7.92,7.46,7.97,7.35
2011-12-01,7.86,7.58,7.96,7.52
2011-12-02,7.52,7.36,7.62,7.23
2011-12-05,7.36,7.19,7.37,7.18
2011-12-06,7.19,7.25,7.28,7.16
2011-12-07,7.3,7.28,7.34,7.19
2011-12-08,7.29,7.28,7.38,7.2
2011-12-09,7.27,7.27,7.32,7.21
2011-12-12,7.29,7.27,7.32,7.25
2011-12-13,7.27,7.05,7.29,6.95
2011-12-14,7.05,6.9,7.14,6.88
2011-12-15,6.94,6.88,7.0,6.78
2011-12-16,6.83,7.01,7.01,6.82
2011-12-19,7.02,7.07,7.1,6.91
2011-12-20,7.08,6.99,7.12,6.98
2011-12-21,7.06,6.79,7.1,6.78
2011-12-22,6.82,6.51,6.82,6.11
2011-12-23,6.32,6.6,6.78,6.32
2011-12-26,6.6,6.7,6.72,6.51
2011-12-27,6.57,6.55,6.74,6.52
2011-12-28,6.42,6.54,6.54,6.37
2011-12-29,6.51,6.52,6.59,6.43
2011-12-30,6.56,6.58,6.61,6.53
2012-01-04,6.66,6.57,6.68,6.56
2012-01-05,6.5,6.17,6.5,6.15
2012-01-06,6.1,6.1,6.24,5.9
2012-01-09,6.15,6.34,6.35,6.06
2012-01-10,6.32,6.6,6.61,6.32
2012-01-11,6.58,6.55,6.6,6.49
2012-01-12,6.54,6.57,6.66,6.46
2012-01-13,6.55,6.24,6.55,6.2
2012-01-16,6.22,6.12,6.22,6.11
2012-01-17,6.08,6.42,6.44,6.05
2012-01-18,6.42,6.28,6.53,6.27
2012-01-19,6.28,6.33,6.43,6.23
2012-01-20,6.33,6.47,6.47,6.33
2012-01-30,6.48,6.43,6.56,6.4
2012-01-31,6.4,6.5,6.5,6.33
2012-02-01,6.5,6.47,6.54,6.41
2012-02-02,6.43,6.58,6.58,6.43
2012-02-03,6.6,6.63,6.65,6.51
2012-02-06,6.61,6.57,6.67,6.49
2012-02-07,6.56,6.43,6.56,6.37
2012-02-08,6.44,6.58,6.6,6.4
2012-02-09,6.58,6.66,6.67,6.55
2012-02-10,6.67,6.65,6.71,6.61
2012-02-13,6.61,6.69,6.76,6.56
2012-02-14,6.7,6.69,6.74,6.6
2012-02-15,6.66,6.79,6.83,6.66
2012-02-16,6.79,6.89,6.93,6.74
2012-02-17,6.89,6.77,6.92,6.76
2012-02-20,6.87,6.75,6.88,6.75
2012-02-21,6.75,6.87,6.88,6.73
2012-02-22,6.83,6.95,6.98,6.83
2012-02-23,6.95,6.95,7.01,6.83
2012-02-24,6.96,6.99,6.99,6.87
2012-02-27,6.99,6.97,7.08,6.96
2012-02-28,6.98,6.95,7.0,6.85
2012-02-29,6.97,7.04,7.11,6.97
2012-03-01,6.98,6.98,7.05,6.94
2012-03-02,7.0,7.03,7.08,6.97
2012-03-05,7.08,6.97,7.08,6.97
2012-03-06,6.95,6.9,6.95,6.74
2012-03-07,6.78,7.07,7.11,6.77
2012-03-08,7.12,7.27,7.36,7.1
2012-03-09,7.27,7.29,7.31,7.21
2012-03-12,7.37,7.29,7.47,7.23
2012-03-13,7.3,7.19,7.3,7.12
2012-03-14,7.22,6.95,7.33,6.89
2012-03-15,6.91,7.01,7.06,6.8
2012-03-19,7.12,7.15,7.22,7.02
2012-03-20,7.18,7.04,7.24,7.0
2012-03-21,7.04,6.94,7.09,6.85
2012-03-22,6.95,6.91,6.96,6.87
2012-03-23,6.88,6.85,6.97,6.81
2012-03-26,6.84,6.82,6.93,6.77
2012-03-27,6.86,6.87,6.92,6.84
2012-03-28,6.9,6.63,6.97,6.6
2012-03-29,6.66,6.61,6.72,6.52
2012-03-30,6.61,6.79,6.8,6.51
2012-04-05,6.8,6.92,7.01,6.73
2012-04-06,6.92,6.9,6.95,6.81
2012-04-09,6.85,6.83,6.93,6.81
2012-04-10,6.83,7.31,7.4,6.81
2012-04-11,7.17,7.19,7.33,7.11
2012-04-12,7.17,7.29,7.36,7.0
2012-04-13,7.25,7.48,7.54,7.21
2012-04-16,7.4,7.37,7.59,7.31
2012-04-17,7.38,7.23,7.4,7.18
2012-04-18,7.26,7.43,7.46,7.23
2012-04-19,7.43,7.34,7.48,7.27
2012-04-20,7.32,7.48,7.55,7.32
2012-04-23,7.52,7.19,7.52,7.1
2012-04-24,7.1,7.07,7.26,6.85
2012-04-25,7.06,7.21,7.23,7.01
2012-04-27,7.18,7.07,7.18,7.05
2012-05-02,7.21,7.33,7.39,7.11
2012-05-03,7.31,7.44,7.49,7.27
2012-05-04,7.46,7.39,7.46,7.33
2012-05-07,7.33,7.43,7.44,7.32
2012-05-08,7.45,7.5,7.55,7.36
2012-05-09,7.46,7.4,7.46,7.25
2012-05-10,7.38,7.37,7.43,7.32
2012-05-11,7.38,7.16,7.41,7.15
2012-05-14,7.22,7.16,7.26,7.1
2012-05-15,7.15,7.22,7.23,7.09
2012-05-16,7.19,7.06,7.22,7.05
2012-05-17,7.07,7.17,7.19,7.04
2012-05-18,7.1,7.07,7.14,6.96
2012-05-21,7.04,7.16,7.18,6.88
2012-05-22,7.16,7.22,7.3,7.16
2012-05-23,7.22,7.12,7.24,7.07
2012-05-24,7.14,7.09,7.22,7.08
2012-05-25,7.1,7.16,7.25,6.99
2012-05-28,7.16,7.24,7.25,7.05
2012-05-29,7.25,7.34,7.43,7.2
2012-05-30,7.36,7.41,7.41,7.28
2012-05-31,7.36,7.39,7.43,7.31
2012-06-01,7.48,7.36,7.48,7.29
2012-06-04,7.23,7.12,7.23,7.08
2012-06-05,7.1,7.11,7.28,7.05
2012-06-06,7.13,7.2,7.28,7.07
2012-06-07,7.26,7.25,7.38,7.22
2012-06-08,7.38,7.29,7.45,7.26
2012-06-11,7.33,7.53,7.56,7.29
2012-06-12,7.46,7.37,7.49,7.35
2012-06-13,7.43,7.68,7.8,7.39
2012-06-14,7.61,7.82,8.05,7.6
2012-06-15,7.86,7.88,7.92,7.75
2012-06-18,7.91,7.84,7.93,7.75
2012-06-19,7.76,7.72,7.83,7.65
2012-06-20,7.71,7.75,7.77,7.61
2012-06-21,7.73,7.71,7.83,7.58
2012-06-25,7.73,7.46,7.77,7.42
2012-06-26,7.41,7.43,7.48,7.25
2012-06-27,7.4,7.29,7.47,7.26
2012-06-28,7.33,7.38,7.43,7.12
2012-07-02,7.46,7.45,7.49,7.33
2012-07-03,7.43,7.8,8.04,7.39
2012-07-04,7.8,7.92,7.99,7.72
2012-07-05,7.89,7.77,7.97,7.74
2012-07-06,7.84,8.09,8.12,7.72
2012-07-09,8.04,7.85,8.12,7.83
2012-07-10,7.83,7.96,8.05,7.71
2012-07-11,7.97,7.54,8.01,7.49
2012-07-12,7.52,7.7,7.73,7.43
2012-07-13,7.61,7.68,7.72,7.5
2012-07-16,7.67,7.4,7.69,7.39
2012-07-17,7.38,7.56,7.58,7.27
2012-07-18,7.57,7.85,7.85,7.52
2012-07-19,7.85,7.92,7.96,7.77
2012-07-20,7.92,7.93,8.01,7.81
2012-07-23,7.83,7.86,7.92,7.75
2012-07-24,7.88,7.64,7.88,7.58
2012-07-25,7.66,7.64,7.68,7.55
2012-07-26,7.58,7.63,7.66,7.5
2012-07-27,7.64,7.61,7.65,7.52
2012-07-30,7.63,7.23,7.64,7.2
2012-07-31,7.16,7.18,7.23,7.02
2012-08-01,7.18,7.32,7.34,7.13
2012-08-02,7.3,7.1,7.33,6.99
2012-08-03,7.11,7.18,7.2,7.03
2012-08-06,7.17,7.27,7.29,7.14
2012-08-07,7.26,7.27,7.29,7.21
2012-08-08,7.28,7.17,7.31,7.14
2012-08-09,7.16,7.3,7.32,7.08
2012-08-10,7.34,7.26,7.34,7.2
2012-08-13,7.2,6.95,7.2,6.92
2012-08-14,6.99,6.9,6.99,6.75
2012-08-15,6.93,6.77,6.99,6.74
2012-08-16,6.8,6.78,6.87,6.73
2012-08-17,6.78,6.82,6.86,6.73
2012-08-20,6.75,6.76,6.8,6.67
2012-08-21,6.77,6.9,6.92,6.76
2012-08-22,6.9,6.91,6.93,6.83
2012-08-23,6.87,6.89,6.95,6.7
2012-08-24,6.85,6.63,6.85,6.6
2012-08-27,6.64,6.48,6.67,6.45
2012-08-28,6.46,6.5,6.57,6.44
2012-08-29,6.51,6.57,6.6,6.47
2012-08-30,6.41,6.27,6.51,6.25
2012-08-31,6.27,6.25,6.29,6.15
2012-09-03,6.25,6.35,6.4,6.18
2012-09-04,6.35,6.36,6.41,6.29
2012-09-05,6.33,6.38,6.45,6.27
2012-09-06,6.38,6.4,6.44,6.36
2012-09-07,6.48,6.57,6.64,6.43
2012-09-10,6.56,6.53,6.6,6.47
2012-09-11,6.51,6.51,6.56,6.44
2012-09-12,6.55,6.73,6.75,6.52
2012-09-13,6.73,7.26,7.39,6.71
2012-09-14,7.04,7.12,7.18,6.9
2012-09-17,7.02,7.12,7.14,6.97
2012-09-18,7.08,7.13,7.15,7.01
2012-09-19,7.13,7.11,7.19,7.06
2012-09-20,7.05,6.99,7.09,6.91
2012-09-21,6.88,6.97,7.0,6.77
2012-09-24,6.93,6.97,7.08,6.82
2012-09-25,6.93,6.96,6.98,6.82
2012-09-26,6.92,6.89,6.95,6.76
2012-09-27,6.84,6.6,7.26,6.5
2012-09-28,6.45,6.47,6.53,6.33
2012-10-08,6.47,6.36,6.51,6.29
2012-10-09,6.35,6.5,6.51,6.33
2012-10-10,6.47,6.55,6.56,6.46
2012-10-11,6.54,6.51,6.65,6.51
2012-10-12,6.5,6.55,6.59,6.48
2012-10-15,6.56,6.37,6.59,6.26
2012-10-16,6.34,6.48,6.5,6.33
2012-10-17,6.49,6.49,6.58,6.38
2012-10-18,6.5,6.54,6.58,6.45
2012-10-19,6.54,6.46,6.56,6.46
2012-10-22,6.42,6.45,6.45,6.34
2012-10-23,6.43,6.45,6.51,6.42
2012-10-24,6.44,6.47,6.49,6.39
2012-10-25,6.48,6.52,6.54,6.45
2012-10-26,6.52,6.39,6.53,6.32
2012-10-29,6.36,6.32,6.42,6.28
2012-10-30,6.34,6.29,6.38,6.28
2012-10-31,6.31,6.29,6.31,6.22
2012-11-01,6.29,6.4,6.41,6.29
2012-11-02,6.42,6.42,6.45,6.37
2012-11-05,6.46,6.49,6.63,6.46
2012-11-06,6.5,6.4,6.52,6.32
2012-11-07,6.43,6.52,6.69,6.33
2012-11-08,6.43,6.26,6.43,6.25
2012-11-09,6.26,6.21,6.31,6.2
2012-11-12,6.22,6.27,6.31,6.21
2012-11-13,6.29,6.25,6.35,6.2
2012-11-14,6.2,6.23,6.28,6.14
2012-11-15,6.23,6.04,6.23,6.04
2012-11-16,6.04,6.01,6.08,5.94
2012-11-19,6.01,6.05,6.05,5.91
2012-11-20,6.02,5.94,6.07,5.93
2012-11-21,5.98,6.03,6.04,5.92
2012-11-22,6.03,5.95,6.05,5.95
2012-11-23,5.95,5.98,6.03,5.95
2012-11-26,6.03,5.92,6.03,5.9
2012-11-27,5.97,5.61,5.97,5.58
2012-11-28,5.6,5.42,5.6,5.35
2012-11-29,5.42,5.3,5.47,5.3
2012-11-30,5.34,5.37,5.4,5.25
2012-12-03,5.43,5.12,5.44,5.1
2012-12-04,5.1,5.18,5.18,4.98
2012-12-05,5.17,5.35,5.41,5.1
2012-12-06,5.34,5.31,5.38,5.27
2012-12-07,5.31,5.45,5.46,5.27
2012-12-10,5.48,5.58,5.59,5.43
2012-12-11,5.6,5.53,5.6,5.49
2012-12-12,5.53,5.47,5.55,5.4
2012-12-13,5.43,5.35,5.48,5.35
2012-12-14,5.35,5.6,5.65,5.35
2012-12-17,5.6,5.63,5.75,5.58
2012-12-18,5.65,5.61,5.7,5.56
2012-12-19,5.61,5.66,5.7,5.6
2012-12-20,5.67,5.68,5.71,5.61
2012-12-21,5.68,5.64,5.82,5.63
2012-12-24,5.65,5.69,5.79,5.61
2012-12-25,5.69,5.82,5.92,5.69
2012-12-26,5.85,5.91,5.98,5.82
2012-12-27,5.92,5.9,5.98,5.82
2012-12-28,5.89,5.92,5.92,5.84
2012-12-31,5.92,5.92,5.97,5.88
2013-01-04,5.96,6.06,6.14,5.85
2013-01-07,6.05,6.27,6.32,6.01
2013-01-08,6.27,6.23,6.3,6.14
2013-01-09,6.22,6.17,6.27,6.16
2013-01-10,6.18,6.16,6.22,6.12
2013-01-11,6.18,6.08,6.23,6.06
2013-01-14,6.04,6.22,6.24,6.01
2013-01-15,6.24,6.3,6.32,6.21
2013-01-16,6.29,6.23,6.3,6.15
2013-01-17,6.22,6.12,6.25,6.1
2013-01-18,6.1,6.37,6.39,6.1
2013-01-21,6.4,6.4,6.44,6.31
2013-01-22,6.42,6.24,6.44,6.17
2013-01-23,6.2,6.26,6.29,6.12
2013-01-24,6.26,6.07,6.34,5.98
2013-01-25,6.15,6.32,6.36,6.06
2013-01-28,6.33,6.43,6.44,6.28
2013-01-29,6.45,6.41,6.49,6.37
2013-01-30,6.4,6.46,6.49,6.33
2013-01-31,6.49,6.5,6.53,6.35
2013-02-01,6.46,6.68,6.72,6.39
2013-02-04,6.68,6.69,6.87,6.6
2013-02-05,6.59,6.73,6.74,6.41
2013-02-06,6.67,6.82,6.91,6.58
2013-02-07,6.77,6.74,6.82,6.68
2013-02-08,6.67,6.91,6.95,6.65
2013-02-18,6.88,6.95,7.27,6.88
2013-02-19,6.85,6.63,6.88,6.61
2013-02-20,6.63,6.72,6.75,6.57
2013-02-21,6.65,6.45,6.65,6.45
2013-02-22,6.41,6.48,6.56,6.41
2013-02-25,6.44,6.49,6.53,6.42
2013-02-26,6.46,6.28,6.52,6.25
2013-02-27,6.31,6.33,6.37,6.25
2013-02-28,6.36,6.46,6.46,6.32
2013-03-01,6.46,6.5,6.51,6.36
2013-03-04,6.42,6.3,6.46,6.25
2013-03-05,6.3,6.42,6.43,6.27
2013-03-06,6.44,6.61,6.63,6.42
2013-03-07,6.6,6.55,6.7,6.48
2013-03-08,6.53,6.56,6.62,6.53
2013-03-11,6.53,6.58,6.63,6.53
2013-03-12,6.6,6.6,6.71,6.38
2013-03-13,6.6,6.41,6.61,6.37
2013-03-14,6.42,6.37,6.43,6.31
2013-03-15,6.4,6.33,6.45,6.26
2013-03-18,6.32,6.12,6.36,6.11
2013-03-19,6.17,6.2,6.23,6.11
2013-03-20,6.21,6.34,6.34,6.17
2013-03-21,6.34,6.4,6.48,6.31
2013-03-22,6.39,6.48,6.52,6.36
2013-03-25,6.54,6.43,6.54,6.42
2013-03-26,6.42,6.29,6.45,6.27
2013-03-27,6.38,6.35,6.41,6.3
2013-03-28,6.34,6.21,6.34,6.16
2013-03-29,6.21,6.21,6.26,6.16
2013-04-01,6.25,6.28,6.33,6.21
2013-04-02,6.28,6.24,6.32,6.22
2013-04-03,6.24,6.23,6.28,6.21
2013-04-08,6.16,6.18,6.2,6.1
2013-04-09,6.18,6.23,6.24,6.17
2013-04-10,6.23,6.2,6.24,6.15
2013-04-11,6.22,6.3,6.39,6.21
2013-04-12,6.23,5.98,6.23,5.96
2013-04-15,6.01,5.91,6.07,5.87
2013-04-16,5.88,5.93,5.95,5.8
2013-04-17,5.93,5.91,5.94,5.86
2013-04-18,5.91,5.86,5.91,5.83
2013-04-19,5.88,5.99,6.01,5.86
2013-04-22,5.98,6.06,6.06,5.95
2013-04-23,6.06,5.86,6.06,5.86
2013-04-24,5.86,5.92,5.95,5.81
2013-04-25,5.87,5.84,5.95,5.84
2013-04-26,5.82,5.67,5.86,5.66
2013-05-02,6.2,6.24,6.24,5.94
2013-05-03,6.39,6.65,6.85,6.35
2013-05-06,6.53,6.78,6.85,6.53
2013-05-07,6.72,6.72,6.8,6.64
2013-05-08,6.73,7.0,7.05,6.66
2013-05-09,6.93,6.94,7.1,6.85
2013-05-10,6.9,6.8,6.94,6.75
2013-05-13,6.81,7.15,7.24,6.81
2013-05-14,7.1,7.11,7.18,6.97
2013-05-15,7.11,7.0,7.13,6.88
2013-05-16,6.99,7.15,7.17,6.93
2013-05-17,7.13,7.1,7.2,7.04
2013-05-20,7.11,7.11,7.13,7.01
2013-05-21,7.09,7.04,7.1,6.91
2013-05-22,6.97,7.13,7.26,6.96
2013-05-23,7.08,6.87,7.09,6.86
2013-05-24,6.88,6.92,6.95,6.83
2013-05-27,6.92,6.97,7.01,6.87
2013-05-28,6.98,7.19,7.2,6.93
2013-05-29,7.21,7.37,7.52,7.16
2013-05-30,7.31,7.39,7.47,7.26
2013-05-31,7.44,7.27,7.59,7.26
2013-06-03,7.29,7.21,7.33,7.15
2013-06-04,7.19,7.12,7.33,7.11
2013-06-05,7.13,7.02,7.18,6.88
2013-06-06,7.01,6.89,7.01,6.83
2013-06-07,6.91,6.73,6.97,6.68
2013-06-13,6.6,6.47,6.65,6.3
2013-06-14,6.5,6.62,6.64,6.41
2013-06-17,6.64,6.53,6.64,6.49
2013-06-18,6.57,6.66,6.67,6.52
2013-06-19,6.66,6.75,6.76,6.38
2013-06-20,6.71,6.57,6.77,6.55
2013-06-21,6.5,6.61,6.69,6.32
2013-06-24,6.58,6.14,6.58,6.02
2013-06-25,6.05,6.16,6.2,5.66
2013-06-26,6.15,6.24,6.32,6.06
2013-06-27,6.24,6.07,6.32,6.07
2013-06-28,6.14,6.09,6.22,5.93
2013-07-01,6.02,6.3,6.31,6.02
2013-07-02,6.3,6.29,6.32,6.19
2013-07-03,6.25,6.16,6.26,6.05
2013-07-04,6.11,6.31,6.35,6.11
2013-07-05,6.32,6.33,6.38,6.27
2013-07-08,6.23,6.03,6.23,6.01
2013-07-09,6.0,6.03,6.08,6.0
2013-07-10,6.03,6.25,6.27,6.02
2013-07-11,6.29,6.39,6.5,6.26
2013-07-12,6.44,6.47,6.65,6.43
2013-07-15,6.43,6.5,6.56,6.42
2013-07-16,6.5,6.68,6.7,6.5
2013-07-17,6.69,6.44,6.69,6.41
2013-07-18,6.39,6.38,6.51,6.34
2013-07-19,6.41,6.36,6.57,6.33
2013-07-22,6.27,6.48,6.49,6.27
2013-07-23,6.48,6.57,6.6,6.42
2013-07-24,6.53,6.53,6.58,6.38
2013-07-25,6.45,6.36,6.48,6.34
2013-07-26,6.39,6.21,6.39,6.18
2013-07-29,6.15,6.09,6.22,6.07
2013-07-30,6.07,6.15,6.2,6.07
2013-07-31,6.19,6.11,6.22,6.1
2013-08-01,6.15,6.26,6.27,6.12
2013-08-02,6.32,6.28,6.32,6.24
2013-08-05,6.25,6.33,6.35,6.21
2013-08-06,6.34,6.39,6.43,6.26
2013-08-07,6.35,6.28,6.4,6.26
2013-08-08,6.27,6.24,6.33,6.22
2013-08-09,6.25,6.41,6.42,6.25
2013-08-12,6.46,6.54,6.55,6.36
2013-08-13,6.5,6.55,6.65,6.49
2013-08-14,6.56,6.56,6.61,6.45
2013-08-15,6.57,6.46,6.61,6.45
2013-08-16,6.36,6.38,6.6,6.35
2013-08-19,6.31,6.41,6.45,6.29
2013-08-20,6.4,6.43,6.5,6.37
2013-08-21,6.43,6.59,6.6,6.34
2013-08-22,6.64,6.56,6.65,6.53
2013-08-23,6.57,6.73,6.74,6.5
2013-08-26,6.62,6.79,6.82,6.58
2013-08-27,6.75,6.68,6.78,6.6
2013-08-28,6.65,6.57,6.65,6.51
2013-08-29,6.57,6.61,6.69,6.54
2013-08-30,6.57,6.62,6.77,6.52
2013-09-02,6.6,6.8,6.84,6.6
2013-09-03,6.79,6.8,6.82,6.72
2013-09-04,6.78,6.77,6.84,6.72
2013-09-05,6.76,6.66,6.78,6.65
2013-09-06,6.66,6.66,6.7,6.6
2013-09-09,6.66,6.69,6.75,6.65
2013-09-10,6.71,6.74,6.75,6.68
2013-09-11,6.75,6.87,6.89,6.73
2013-09-12,6.91,6.82,6.92,6.77
2013-09-13,6.79,6.71,6.83,6.7
2013-09-16,6.71,6.72,6.74,6.63
2013-09-17,6.7,6.54,6.72,6.5
2013-09-18,6.53,6.55,6.58,6.51
2013-09-23,6.57,6.88,6.92,6.53
2013-09-24,6.82,6.79,6.85,6.73
2013-09-25,6.79,6.79,6.88,6.7
2013-09-26,6.78,6.63,6.88,6.59
2013-09-27,6.62,6.8,6.93,6.56
2013-09-30,6.8,6.78,6.87,6.7
2013-10-08,6.74,6.82,6.84,6.69
2013-10-09,6.76,6.8,6.85,6.72
2013-10-10,6.8,6.97,6.98,6.77
2013-10-11,6.95,6.97,7.08,6.89
2013-10-14,7.08,7.16,7.29,7.08
2013-10-15,7.2,7.36,7.44,7.13
2013-10-16,7.28,7.08,7.32,7.05
2013-10-17,7.18,7.16,7.38,7.12
2013-10-18,7.13,7.13,7.2,7.04
2013-10-21,7.09,7.28,7.29,7.07
2013-10-22,7.34,7.13,7.34,7.09
2013-10-23,7.13,6.95,7.24,6.93
2013-10-24,7.0,7.03,7.09,6.95
2013-10-25,7.04,7.07,7.14,7.01
2013-10-28,7.09,6.9,7.1,6.87
2013-10-29,6.93,7.07,7.12,6.7
2013-10-30,6.98,7.37,7.55,6.98
2013-10-31,7.35,7.42,7.44,7.18
2013-11-01,7.36,7.23,7.36,7.18
2013-11-04,7.23,7.24,7.44,7.22
2013-11-05,7.25,7.51,7.59,7.17
2013-11-06,7.48,7.37,7.51,7.31
2013-11-07,7.37,7.25,7.48,7.23
2013-11-08,7.22,6.9,7.25,6.9
2013-11-11,6.91,6.99,7.04,6.91
2013-11-12,7.01,7.06,7.07,6.96
2013-11-13,7.06,6.8,7.06,6.8
2013-11-14,6.8,6.86,6.91,6.75
2013-11-15,6.86,6.99,7.06,6.83
2013-11-18,7.03,7.1,7.12,6.98
2013-11-19,7.12,7.1,7.12,7.02
2013-11-20,7.1,7.14,7.15,7.03
2013-11-21,7.13,7.09,7.13,7.01
2013-11-22,7.11,6.98,7.12,6.97
2013-11-25,6.98,7.0,7.07,6.95
2013-11-26,6.99,6.98,7.01,6.91
2013-11-27,6.95,7.01,7.03,6.91
2013-11-28,7.03,7.06,7.11,7.02
2013-11-29,7.06,7.16,7.19,7.04
2013-12-02,7.09,7.22,7.28,6.97
2013-12-03,7.16,7.38,7.43,7.13
2013-12-04,7.37,7.86,7.9,7.3
2013-12-05,7.76,7.7,7.95,7.63
2013-12-06,7.63,7.49,7.68,7.46
2013-12-09,7.46,7.69,7.71,7.46
2013-12-10,7.71,7.56,7.75,7.54
2013-12-11,7.51,7.37,7.56,7.3
2013-12-12,7.37,7.36,7.47,7.34
2013-12-13,7.35,7.41,7.45,7.32
2013-12-16,7.36,7.27,7.44,7.25
2013-12-17,7.26,7.33,7.34,7.23
2013-12-18,7.33,7.41,7.43,7.3
2013-12-19,7.42,7.25,7.54,7.24
2013-12-20,7.2,7.17,7.29,7.15
2013-12-23,7.2,7.17,7.22,7.06
2013-12-24,7.18,7.23,7.28,7.12
2013-12-25,7.2,7.25,7.26,7.16
2013-12-26,7.28,7.12,7.29,7.08
2013-12-27,7.1,7.28,7.28,7.08
2013-12-30,7.3,7.31,7.33,7.22
2013-12-31,7.29,7.34,7.35,7.25
2014-01-02,7.33,7.32,7.37,7.23
2014-01-03,7.3,7.1,7.3,7.07
2014-01-06,7.11,6.8,7.11,6.79
2014-01-07,6.8,7.19,7.3,6.76
2014-01-08,7.14,7.23,7.35,7.11
2014-01-09,7.19,7.06,7.24,7.05
2014-01-10,7.01,6.89,7.1,6.82
2014-01-13,6.86,6.97,7.0,6.76
2014-01-14,6.96,7.14,7.16,6.95
2014-01-15,7.06,7.17,7.22,6.97
2014-01-16,7.08,7.07,7.16,7.05
2014-01-17,7.03,6.92,7.05,6.87
2014-01-20,6.92,6.93,7.0,6.88
2014-01-21,6.94,6.97,6.99,6.92
2014-01-22,6.96,7.1,7.11,6.96
2014-01-23,7.1,7.12,7.2,7.08
2014-01-24,7.15,7.2,7.2,7.11
2014-01-27,7.23,7.19,7.25,7.14
2014-01-28,7.19,7.14,7.23,7.02
2014-01-29,7.11,7.18,7.18,7.11
2014-01-30,7.17,7.0,7.19,6.98
2014-02-07,6.95,7.09,7.11,6.92
2014-02-10,7.09,7.3,7.32,7.07
2014-02-11,7.31,7.3,7.35,7.21
2014-02-12,7.32,7.37,7.38,7.24
2014-02-13,7.37,7.29,7.46,7.29
2014-02-14,7.27,7.35,7.38,7.24
2014-02-17,7.38,7.43,7.44,7.33
2014-02-18,7.42,7.32,7.43,7.29
2014-02-19,7.32,7.4,7.41,7.3
2014-02-20,7.4,7.26,7.51,7.25
2014-02-21,7.26,7.2,7.32,7.16
2014-02-24,7.18,7.11,7.19,7.04
2014-02-25,7.1,6.95,7.2,6.91
2014-02-26,6.92,7.0,7.02,6.89
2014-02-27,7.02,6.99,7.08,6.92
2014-02-28,6.96,7.1,7.12,6.95
2014-03-03,7.09,7.19,7.2,7.05
2014-03-04,7.1,7.13,7.19,7.05
2014-03-05,7.17,7.08,7.18,7.02
2014-03-06,7.08,7.1,7.11,6.97
2014-03-07,7.1,7.06,7.16,6.99
2014-03-10,7.06,6.79,7.06,6.78
2014-03-11,6.76,6.82,6.83,6.72
2014-03-12,6.78,6.79,6.84,6.7
2014-03-13,6.83,6.84,6.91,6.79
2014-03-14,6.8,6.82,6.84,6.74
2014-03-17,6.83,6.89,6.89,6.77
2014-03-18,6.89,6.92,7.0,6.87
2014-03-19,6.94,6.96,6.98,6.91
2014-03-20,6.95,6.91,7.06,6.81
2014-03-21,6.85,7.03,7.08,6.8
2014-03-24,7.04,7.08,7.1,7.02
2014-03-25,7.08,7.16,7.22,7.03
2014-03-26,7.16,7.15,7.19,7.08
2014-03-27,7.12,7.04,7.15,7.04
2014-03-28,7.05,7.07,7.12,7.02
2014-03-31,7.78,7.78,7.78,7.75
2014-04-01,7.98,8.28,8.47,7.89
2014-04-02,8.14,8.25,8.38,8.13
2014-04-03,8.22,8.62,8.95,8.16
2014-04-04,8.51,8.59,8.77,8.42
2014-04-08,8.6,8.66,8.76,8.5
2014-04-09,9.3,9.53,9.53,9.08
2014-04-10,10.45,10.48,10.48,10.2
2014-04-11,10.77,10.4,10.98,10.31
2014-04-14,10.55,10.61,10.86,10.41
2014-04-15,10.52,9.94,10.64,9.9
2014-04-16,9.95,9.82,10.08,9.78
2014-04-17,9.8,9.83,9.91,9.77
2014-04-18,9.73,9.88,10.03,9.65
2014-04-21,10.0,10.0,10.36,9.5
2014-04-22,10.0,10.19,10.24,9.81
2014-04-23,10.17,10.22,10.32,10.12
2014-04-24,10.16,9.56,10.29,9.54
2014-04-25,9.5,10.18,10.52,9.49
2014-04-28,9.96,10.3,10.51,9.72
2014-04-29,10.19,10.28,10.39,9.9
2014-04-30,10.2,10.24,10.28,10.01
2014-05-05,10.18,11.14,11.26,10.12
2014-05-06,11.0,11.23,11.35,10.91
2014-05-07,11.06,10.82,11.26,10.8
2014-05-08,10.72,10.65,10.99,10.55
2014-05-09,10.72,10.79,11.06,10.6
2014-05-12,11.02,11.5,11.54,10.89
2014-05-13,11.43,10.91,11.5,10.82
2014-05-14,10.85,11.01,11.07,10.81
2014-05-15,10.98,10.67,11.1,10.58
2014-05-16,5.39,5.55,5.73,5.36
2014-05-19,5.25,5.05,5.25,5.0
2014-05-20,5.06,4.93,5.1,4.86
2014-05-21,4.91,5.09,5.13,4.79
2014-05-22,5.06,4.95,5.12,4.94
2014-05-23,4.95,4.95,4.97,4.87
2014-05-26,4.95,5.02,5.04,4.93
2014-05-27,5.02,4.9,5.02,4.89
2014-05-28,4.9,4.91,4.94,4.84
2014-05-29,4.93,4.78,4.93,4.77
2014-05-30,4.78,4.74,4.8,4.71
2014-06-03,4.76,4.75,4.8,4.73
2014-06-04,4.76,4.65,4.76,4.61
2014-06-05,4.65,4.73,4.76,4.61
2014-06-06,4.71,4.66,4.73,4.63
2014-06-09,4.65,4.66,4.73,4.61
2014-06-10,4.66,4.82,4.83,4.65
2014-06-11,4.8,4.79,4.86,4.77
2014-06-12,4.77,4.68,4.78,4.66
2014-06-13,4.66,4.73,4.74,4.63
2014-06-16,4.74,4.74,4.78,4.69
2014-06-17,4.73,4.66,4.73,4.63
2014-06-18,4.66,4.57,4.66,4.56
2014-06-19,4.57,4.38,4.59,4.31
2014-06-20,4.36,4.39,4.41,4.34
2014-06-23,4.39,4.4,4.46,4.39
2014-06-24,4.41,4.43,4.43,4.35
2014-06-25,4.42,4.4,4.44,4.37
2014-06-26,4.4,4.5,4.52,4.39
2014-06-27,4.52,4.51,4.55,4.45
2014-06-30,4.54,4.56,4.56,4.51
2014-07-01,4.56,4.77,4.84,4.53
2014-07-02,4.72,4.75,4.79,4.68
2014-07-03,4.75,4.83,4.88,4.72
2014-07-04,4.83,4.77,4.85,4.74
2014-07-07,4.77,4.73,4.79,4.68
2014-07-08,4.73,5.0,5.2,4.67
2014-07-09,4.94,4.88,4.99,4.85
2014-07-10,4.86,4.94,5.04,4.85
2014-07-11,4.91,4.97,5.03,4.9
2014-07-14,4.96,4.98,4.98,4.92
2014-07-15,4.98,4.92,4.98,4.88
2014-07-16,4.9,5.08,5.17,4.9
2014-07-17,5.07,5.03,5.07,4.95
2014-07-18,4.98,4.98,5.06,4.96
2014-12-10,5.48,5.48,5.48,5.48
2014-12-11,6.03,6.03,6.03,6.03
2014-12-12,6.63,6.63,6.63,6.63
2014-12-15,7.29,7.29,7.29,7.29
2014-12-16,7.88,7.24,7.88,7.0
2014-12-17,7.08,7.08,7.24,7.01
2014-12-18,7.01,6.84,7.15,6.81
2014-12-19,6.89,7.02,7.15,6.82
2014-12-22,7.02,6.98,7.38,6.83
2014-12-23,6.9,6.45,6.9,6.35
2014-12-24,6.44,6.52,6.63,6.35
2014-12-25,6.58,6.6,6.61,6.43
2014-12-26,6.76,7.14,7.26,6.75
2014-12-29,7.14,7.0,7.2,6.91
2014-12-30,7.0,6.64,7.05,6.38
2014-12-31,6.56,6.71,6.76,6.53
2015-01-05,6.7,6.94,6.95,6.55
2015-01-06,6.9,6.78,6.9,6.71
2015-01-07,6.73,6.78,6.81,6.66
2015-01-08,6.77,6.56,6.78,6.56
2015-01-09,6.56,6.52,6.75,6.51
2015-01-12,6.49,6.23,6.49,6.21
2015-01-13,6.18,5.99,6.27,5.89
2015-01-14,5.98,5.99,6.09,5.92
2015-01-15,5.98,6.12,6.15,5.98
2015-01-16,6.15,6.08,6.15,6.05
2015-01-19,6.0,5.76,6.03,5.61
2015-01-20,5.78,5.97,6.02,5.78
2015-01-21,6.0,6.18,6.26,5.9
2015-01-22,6.21,6.75,6.8,6.21
2015-01-23,6.67,6.67,6.98,6.6
2015-01-26,6.61,6.68,6.84,6.61
2015-01-27,6.69,6.55,6.72,6.42
2015-01-28,6.57,6.52,6.62,6.5
2015-01-29,6.45,6.5,6.56,6.4
2015-01-30,6.5,6.41,6.58,6.4
2015-02-02,5.77,5.97,6.09,5.77
2015-02-03,5.94,6.05,6.09,5.94
2015-02-04,6.05,5.98,6.11,5.96
2015-02-05,6.07,5.86,6.1,5.85
2015-02-06,5.86,5.65,5.88,5.6
2015-02-09,5.65,5.69,5.74,5.61
2015-02-10,5.75,5.71,5.75,5.65
2015-02-11,5.72,5.71,5.76,5.69
2015-02-12,5.72,5.72,5.75,5.65
2015-02-13,5.74,6.14,6.2,5.74
2015-02-16,6.15,6.14,6.17,6.06
2015-02-17,6.13,6.23,6.27,6.11
2015-02-25,6.23,6.18,6.26,6.1
2015-02-26,6.17,6.29,6.35,6.13
2015-02-27,6.34,6.38,6.45,6.3
2015-03-02,6.43,6.44,6.46,6.3
2015-03-03,6.4,6.45,6.5,6.35
2015-03-04,6.45,6.62,6.69,6.45
2015-03-05,6.62,6.53,6.63,6.49
2015-03-06,6.53,6.37,6.53,6.35
2015-03-09,6.34,6.44,6.45,6.26
2015-03-10,6.41,6.5,6.54,6.41
2015-03-11,6.5,6.43,6.58,6.4
2015-03-12,6.46,6.48,6.5,6.4
2015-03-13,6.49,6.62,6.64,6.49
2015-03-16,6.71,7.01,7.04,6.65
2015-03-17,7.02,7.04,7.08,6.92
2015-03-18,7.04,7.46,7.5,7.0
2015-03-19,7.4,7.45,7.6,7.27
2015-03-20,7.46,7.48,7.58,7.42
2015-03-23,7.53,7.65,7.85,7.53
2015-03-24,7.66,7.43,7.71,7.14
2015-03-25,7.4,7.36,7.42,7.24
2015-03-26,7.34,7.48,7.58,7.24
2015-03-27,7.55,7.68,7.72,7.36
2015-03-30,7.72,8.02,8.1,7.72
2015-03-31,8.05,7.85,8.3,7.8
2015-04-01,7.85,8.0,8.07,7.77
2015-04-02,7.93,8.05,8.05,7.88
2015-04-03,8.05,8.25,8.4,7.96
2015-04-07,8.25,8.45,8.5,8.25
2015-04-08,8.46,8.22,8.56,8.09
2015-04-09,8.17,7.86,8.18,7.66
2015-04-10,7.8,7.95,7.98,7.73
2015-04-13,8.0,8.23,8.34,7.9
2015-04-14,8.24,8.59,8.78,8.06
2015-04-15,8.61,8.16,8.61,8.07
2015-04-16,8.16,8.62,8.63,8.03
2015-04-17,8.8,9.11,9.33,8.56
2015-04-20,8.89,8.73,9.07,8.72
2015-04-21,8.68,8.84,8.84,8.61
2015-04-22,8.89,9.06,9.13,8.89
2015-04-23,9.1,8.87,9.15,8.78
2015-04-24,8.75,8.74,8.83,8.6
2015-04-27,8.8,8.84,9.05,8.76
2015-04-28,8.8,8.45,8.82,8.33
2015-04-29,8.35,8.51,8.68,8.27
2015-04-30,8.6,8.7,8.89,8.51
2015-05-04,8.77,9.22,9.23,8.7
2015-05-05,9.29,8.58,9.43,8.47
2015-05-06,8.5,8.13,8.63,8.0
2015-05-07,8.13,7.65,8.17,7.61
2015-05-08,7.73,7.94,7.98,7.72
2015-05-11,8.0,8.31,8.33,7.97
2015-05-12,8.35,8.39,8.48,8.15
2015-05-13,8.4,8.44,8.52,8.23
2015-05-14,8.45,8.49,8.55,8.35
2015-05-15,8.47,8.15,8.48,8.08
2015-05-18,8.05,8.14,8.25,7.96
2015-05-19,8.14,8.53,8.57,8.11
2015-05-20,8.5,8.51,8.75,8.45
2015-05-21,8.49,8.83,8.85,8.46
2015-05-22,8.91,9.17,9.34,8.7
2015-05-25,9.17,9.53,9.66,9.03
2015-05-26,9.53,10.35,10.48,9.26
2015-05-27,10.16,10.07,10.45,9.91
2015-05-28,10.05,9.21,10.43,9.12
2015-05-29,9.1,9.28,9.5,8.72
2015-06-01,9.32,9.86,9.9,9.32
2015-06-02,9.88,10.4,10.48,9.81
2015-06-03,10.38,11.07,11.44,10.12
2015-06-04,10.95,10.89,11.04,9.96
2015-06-05,10.98,11.2,11.35,10.74
2015-06-08,11.2,11.4,11.56,11.0
2015-06-09,11.35,11.08,11.35,10.82
2015-06-10,10.9,11.15,11.38,10.78
2015-06-11,11.1,11.36,11.45,10.95
2015-06-12,11.36,12.47,12.5,11.26
2015-06-15,13.01,13.47,13.72,12.7
2015-06-16,13.11,12.35,13.11,12.15
2015-06-17,12.05,13.33,13.51,11.57
2015-06-18,13.3,12.93,13.98,12.8
2015-06-19,12.4,11.75,12.9,11.64
2015-06-23,11.8,12.56,12.6,10.71
2015-06-24,12.75,13.44,13.6,12.75
2015-06-25,13.46,13.63,14.37,13.12
2015-06-26,13.02,12.27,13.27,12.27
2015-06-29,12.82,12.26,12.99,11.05
2015-06-30,12.05,12.73,12.86,11.1
2015-07-01,12.45,11.46,12.72,11.46
2015-07-02,11.01,10.31,11.24,10.31
2015-07-03,9.28,9.28,10.03,9.28
2015-07-06,10.13,8.35,10.13,8.35
2015-07-07,7.72,7.52,7.75,7.52
2015-07-08,6.77,6.77,6.77,6.77
2015-07-09,6.09,7.45,7.45,6.09
2015-07-10,7.67,8.2,8.2,7.67
2015-07-13,8.49,9.02,9.02,8.2
2015-07-14,9.02,8.82,9.65,8.66
2015-07-15,8.49,7.85,8.6,7.85
2015-07-16,7.2,7.86,8.26,7.1
2015-07-17,7.86,8.39,8.55,7.86
2015-07-20,8.39,8.47,8.78,8.2
2015-07-21,8.3,8.61,8.74,8.2
2015-07-22,8.72,9.09,9.3,8.35
2015-07-23,9.01,9.29,9.4,8.9
2015-07-24,9.37,8.97,9.65,8.8
2015-07-27,8.68,8.07,9.2,8.07
2015-07-28,7.61,8.29,8.3,7.31
2015-07-29,8.37,9.12,9.12,8.23
2015-07-30,9.22,8.9,9.57,8.77
2015-07-31,8.7,8.5,8.99,8.15
2015-08-03,8.3,8.0,8.5,7.77
2015-08-04,8.12,8.78,8.8,7.91
2015-08-05,8.76,8.56,8.98,8.42
2015-08-06,8.3,8.36,8.56,8.19
2015-08-07,8.52,8.65,8.7,8.45
2015-08-10,8.9,9.19,9.27,8.71
2015-08-11,9.27,9.2,9.54,9.09
2015-08-12,9.06,9.32,9.4,8.96
2015-08-13,9.25,10.25,10.25,9.17
2015-08-14,10.29,10.3,10.54,10.06
2015-08-17,10.26,10.79,11.32,10.16
2015-08-18,10.81,9.71,10.9,9.71
2015-08-19,9.1,10.15,10.3,8.76
2015-08-20,9.95,9.32,10.06,9.27
2015-08-21,9.09,9.12,9.71,8.71
2015-08-24,8.56,8.21,8.78,8.21
2015-08-25,7.39,7.39,7.59,7.39
2015-08-26,7.45,6.66,7.68,6.65
2015-08-27,6.7,7.06,7.3,6.45
2015-08-28,7.2,7.65,7.67,7.08
2015-08-31,7.66,7.21,7.66,7.18
2015-09-01,7.27,6.79,7.35,6.71
2015-09-02,6.48,6.36,6.99,6.25
2015-09-07,6.52,6.51,6.87,6.46
2015-09-08,6.55,6.9,6.95,6.41
2015-09-09,7.03,7.22,7.25,6.92
2015-09-10,7.07,6.97,7.19,6.96
2015-09-11,6.96,7.01,7.11,6.86
2015-09-14,7.11,6.31,7.2,6.31
2015-09-15,6.2,5.77,6.34,5.74
2015-09-16,5.95,6.34,6.35,5.78
2015-09-17,6.3,6.12,6.6,6.1
2015-09-18,6.25,6.23,6.28,6.1
2015-09-21,6.22,6.42,6.43,6.15
2015-09-22,6.45,6.42,6.5,6.3
2015-09-23,6.32,6.21,6.4,6.18
2015-09-24,6.25,6.43,6.45,6.25
2015-09-25,6.43,6.28,6.53,6.23
2015-09-28,6.35,6.32,6.38,6.12
2015-09-29,6.22,6.25,6.38,6.18
2015-09-30,6.31,6.28,6.35,6.22
2015-10-08,6.46,6.5,6.54,6.37
2015-10-09,6.48,6.54,6.6,6.42
2015-10-12,6.56,6.82,6.95,6.52
2015-10-13,6.75,6.9,6.92,6.75
2015-10-14,6.9,6.7,6.95,6.69
2015-10-15,6.65,7.06,7.07,6.65
2015-10-16,7.12,7.13,7.15,6.89
2015-10-19,7.13,6.99,7.15,6.9
2015-10-20,7.01,7.07,7.08,6.9
2015-10-21,7.07,6.51,7.13,6.38
2015-10-22,6.5,6.71,6.73,6.45
2015-10-23,6.8,6.83,6.83,6.65
2015-10-26,6.93,6.97,7.0,6.85
2015-10-27,6.9,7.27,7.33,6.71
2015-10-28,7.15,7.05,7.32,7.0
2015-10-29,7.05,7.08,7.15,7.01
2015-10-30,7.11,7.17,7.3,7.03
2015-11-02,7.36,7.59,7.83,7.26
2015-11-03,7.37,7.34,7.56,7.25
2015-11-04,7.34,7.63,7.64,7.34
2015-11-05,7.62,7.65,7.83,7.49
2015-11-06,7.64,7.73,7.75,7.54
2015-11-09,7.68,7.68,7.79,7.47
2015-11-17,8.45,8.45,8.45,8.45
2015-11-18,8.63,8.32,9.1,8.26
2015-11-19,8.16,8.21,8.26,7.88
2015-11-20,8.16,8.06,8.16,7.96
2015-11-23,8.06,7.9,8.07,7.86
2015-11-24,7.9,7.95,7.97,7.78
2015-11-25,7.9,7.99,8.04,7.83
2015-11-26,8.0,7.81,8.03,7.79
2015-11-27,7.76,7.15,7.88,7.07
2015-11-30,7.13,7.04,7.33,6.64
2015-12-01,7.05,7.07,7.11,6.96
2015-12-02,7.09,7.12,7.12,6.84
2015-12-03,7.06,7.38,7.49,7.06
2015-12-04,7.31,7.23,7.35,7.17
2015-12-07,7.25,7.28,7.32,7.18
2015-12-08,7.2,7.03,7.25,7.01
2015-12-09,7.03,7.01,7.07,6.94
2015-12-10,6.92,6.97,7.05,6.92
2015-12-11,6.96,6.82,6.96,6.77
2015-12-14,6.8,7.08,7.1,6.7
2015-12-15,7.03,7.04,7.09,7.01
2015-12-16,7.03,7.05,7.14,7.02
2015-12-17,7.13,7.24,7.27,7.13
2015-12-18,7.23,7.15,7.23,7.1
2015-12-21,7.13,7.21,7.23,7.09
2015-12-22,7.23,7.24,7.25,7.13
2015-12-23,7.23,7.14,7.25,7.1
2015-12-24,7.16,7.04,7.16,6.97
2015-12-25,7.03,7.09,7.13,7.01
2015-12-28,7.1,7.07,7.24,7.05
2015-12-29,7.08,7.1,7.11,6.98
2015-12-30,7.12,7.07,7.14,7.01
2015-12-31,7.12,7.06,7.17,7.04
2016-01-04,7.03,6.36,7.05,6.35
2016-01-05,5.83,6.2,6.43,5.83
2016-01-06,6.21,6.4,6.45,6.19
2016-01-07,6.31,5.83,6.32,5.79
2016-01-08,6.01,6.01,6.14,5.59
2016-01-11,5.89,5.5,6.02,5.43
2016-01-12,5.57,5.58,5.7,5.44
2016-01-13,5.6,5.43,5.67,5.41
2016-01-14,5.35,5.54,5.56,5.17
2016-01-15,5.53,5.2,5.53,5.11
2016-01-18,5.05,5.21,5.27,5.05
2016-01-19,5.2,5.36,5.39,5.17
2016-01-20,5.33,5.45,5.51,5.2
2016-01-21,5.32,5.15,5.43,5.11
2016-01-22,5.23,5.19,5.25,5.08
2016-01-25,5.22,5.25,5.27,5.15
2016-01-26,5.2,4.81,5.24,4.78
2016-01-27,4.86,4.71,4.88,4.52
2016-01-28,4.68,4.5,4.71,4.48
2016-01-29,4.51,4.63,4.66,4.49
2016-02-01,4.61,4.56,4.62,4.48
2016-02-02,4.5,4.67,4.72,4.5
2016-02-03,4.63,4.71,4.73,4.58
2016-02-04,4.72,4.81,4.88,4.72
2016-02-05,4.85,4.75,4.86,4.75
2016-02-15,4.6,4.7,4.75,4.55
2016-02-16,4.71,4.88,4.9,4.7
2016-02-17,4.9,4.94,4.95,4.84
2016-02-18,4.96,4.97,5.07,4.92
2016-02-19,4.95,4.99,4.99,4.91
2016-02-22,5.04,5.09,5.11,5.01
2016-02-23,5.11,5.05,5.11,4.99
2016-02-24,5.01,5.28,5.35,5.01
2016-02-25,5.2,4.75,5.26,4.75
2016-02-26,4.82,4.9,4.96,4.68
2016-02-29,4.9,4.63,4.9,4.52
2016-03-01,4.66,4.7,4.74,4.57
2016-03-02,4.7,4.98,4.99,4.68
2016-03-03,4.93,4.99,5.05,4.93
2016-03-04,4.96,4.89,5.03,4.83
2016-03-07,4.92,4.99,5.05,4.91
2016-03-08,5.0,4.98,5.01,4.77
2016-03-09,4.9,4.84,4.9,4.78
2016-03-10,4.85,4.79,4.89,4.79
2016-03-11,4.79,4.76,4.82,4.71
2016-03-14,4.78,4.89,4.97,4.78
2016-03-15,4.91,4.9,4.93,4.85
2016-03-16,4.9,4.85,4.94,4.8
2016-03-17,4.86,4.94,4.99,4.85
2016-03-18,4.95,5.05,5.09,4.94
2016-03-21,5.1,5.15,5.16,5.06
2016-03-22,5.11,5.15,5.21,5.06
2016-03-23,5.12,5.15,5.16,5.09
2016-03-24,5.13,5.0,5.13,4.99
2016-03-25,4.97,5.05,5.07,4.96
2016-03-28,5.06,5.05,5.12,5.02
2016-03-29,5.06,4.94,5.06,4.88
2016-03-30,4.96,5.09,5.1,4.96
2016-03-31,5.1,5.16,5.19,5.07
2016-04-01,5.11,5.29,5.31,5.08
2016-04-05,5.34,5.82,5.82,5.3
2016-04-06,5.93,5.66,5.93,5.6
2016-04-07,5.68,5.52,5.71,5.49
2016-04-08,5.44,5.53,5.57,5.37
2016-04-11,5.54,5.5,5.62,5.5
2016-04-12,5.44,5.47,5.5,5.38
2016-04-13,5.51,5.57,5.66,5.48
2016-04-14,5.57,5.6,5.62,5.51
2016-04-15,5.58,5.53,5.58,5.5
2016-04-18,5.5,5.38,5.5,5.36
2016-04-19,5.42,5.42,5.45,5.36
2016-04-20,5.42,5.11,5.44,4.97
2016-04-21,5.1,5.05,5.17,5.04
2016-04-22,5.04,5.12,5.12,4.98
2016-04-25,5.13,5.08,5.13,5.03
2016-04-26,5.09,5.15,5.17,5.05
2016-04-27,5.19,5.16,5.26,5.15
2016-04-28,5.15,5.13,5.18,5.0
2016-04-29,5.1,5.11,5.13,5.05
2016-05-03,5.11,5.25,5.25,5.07
2016-05-04,5.24,5.22,5.26,5.18
2016-05-05,5.2,5.25,5.25,5.18
2016-05-06,5.26,5.05,5.29,5.03
2016-05-09,5.01,4.86,5.06,4.8
2016-05-10,4.88,4.9,4.92,4.83
2016-05-11,4.9,4.86,4.93,4.83
2016-05-12,4.85,4.96,5.05,4.74
2016-05-13,4.97,4.95,5.0,4.88
2016-05-16,4.92,4.98,4.99,4.88
2016-05-17,4.98,4.94,4.98,4.91
2016-05-18,4.93,4.8,4.93,4.76
2016-05-19,4.81,4.81,4.88,4.8
2016-05-20,4.8,4.85,4.86,4.77
2016-05-23,4.89,4.88,4.92,4.85
2016-05-24,4.85,4.85,4.88,4.8
2016-05-25,4.86,4.84,4.89,4.82
2016-05-26,4.83,4.83,4.87,4.75
2016-05-27,4.85,4.85,4.87,4.8
2016-05-30,4.82,4.84,4.87,4.76
2016-05-31,4.81,4.99,5.0,4.81
2016-06-01,4.99,4.97,5.01,4.94
2016-06-02,4.95,4.99,4.99,4.94
2016-06-03,5.05,5.48,5.49,5.03
2016-06-06,5.29,5.35,5.44,5.24
2016-06-07,5.31,5.26,5.34,5.22
2016-06-08,5.26,5.26,5.33,5.25
2016-06-13,5.2,5.0,5.2,5.0
2016-06-14,4.99,4.96,5.05,4.93
2016-06-15,4.93,5.07,5.12,4.88
2016-06-16,5.08,5.04,5.09,5.03
2016-06-17,5.04,5.08,5.15,5.04
2016-06-20,5.09,5.25,5.28,5.06
2016-06-21,5.29,5.11,5.31,5.09
2016-06-22,5.08,5.16,5.17,5.07
2016-06-23,5.16,5.1,5.16,5.08
2016-06-24,5.12,5.03,5.18,4.96
2016-06-27,5.0,5.1,5.11,4.98
2016-06-28,5.1,5.21,5.26,5.05
2016-06-29,5.22,5.21,5.26,5.17
2016-06-30,5.25,5.24,5.25,5.14
2016-07-01,5.24,5.2,5.27,5.19
2016-07-04,5.18,5.27,5.29,5.13
2016-07-05,5.29,5.31,5.37,5.27
2016-07-06,5.31,5.32,5.35,5.26
2016-07-07,5.31,5.27,5.32,5.23
2016-07-08,5.27,5.26,5.28,5.23
2016-07-11,5.26,5.25,5.29,5.23
2016-07-12,5.22,5.26,5.27,5.17
2016-07-13,5.28,5.33,5.35,5.27
2016-07-14,5.33,5.31,5.34,5.27
2016-07-15,5.33,5.3,5.33,5.28
2016-07-18,5.31,5.22,5.31,5.21
2016-07-19,5.22,5.29,5.34,5.22
2016-07-20,5.29,5.23,5.3,5.23
2016-07-21,5.23,5.24,5.29,5.23
2016-07-22,5.25,5.19,5.26,5.18
2016-07-25,5.2,5.23,5.25,5.19
2016-07-26,5.24,5.29,5.29,5.23
2016-07-27,5.35,5.49,5.8,5.35
2016-07-28,5.48,5.6,5.7,5.46
2016-07-29,5.61,5.43,5.65,5.41
2016-08-01,5.46,5.25,5.46,5.16
2016-08-02,5.25,5.37,5.39,5.2
2016-08-03,5.32,5.33,5.37,5.27
2016-08-04,5.33,5.3,5.36,5.25
2016-08-05,5.31,5.27,5.32,5.25
2016-08-08,5.26,5.33,5.33,5.22
2016-08-09,5.32,5.38,5.39,5.3
2016-08-10,5.36,5.3,5.39,5.29
2016-08-11,5.29,5.22,5.33,5.21
2016-08-12,5.21,5.29,5.3,5.2
2016-08-15,5.29,5.41,5.41,5.29
2016-08-16,5.41,5.38,5.44,5.37
2016-08-17,5.38,5.4,5.41,5.36
2016-08-18,5.42,5.39,5.46,5.36
2016-08-19,5.38,5.36,5.4,5.32
2016-08-22,5.36,5.32,5.37,5.31
2016-08-23,5.32,5.34,5.36,5.3
2016-08-24,5.35,5.38,5.42,5.33
2016-08-25,5.35,5.33,5.37,5.26
2016-08-26,5.36,5.41,5.49,5.35
2016-08-29,5.35,5.37,5.4,5.35
2016-08-30,5.37,5.34,5.38,5.3
2016-08-31,5.32,5.34,5.35,5.3
2016-09-01,5.31,5.29,5.35,5.28
2016-09-02,5.28,5.26,5.31,5.23
2016-09-05,5.28,5.29,5.31,5.26
2016-09-06,5.28,5.33,5.33,5.23
2016-09-07,5.33,5.37,5.37,5.31
2016-09-08,5.36,5.38,5.42,5.36
2016-09-09,5.38,5.37,5.42,5.36
2016-09-12,5.26,5.17,5.29,5.16
2016-09-13,5.2,5.24,5.24,5.19
2016-09-14,5.2,5.21,5.24,5.18
2016-09-19,5.21,5.26,5.26,5.21
2016-09-20,5.26,5.26,5.27,5.23
2016-09-21,5.26,5.3,5.31,5.25
2016-09-22,5.31,5.31,5.36,5.31
2016-09-23,5.31,5.34,5.34,5.29
2016-09-26,5.34,5.22,5.34,5.21
2016-09-27,5.21,5.26,5.26,5.21
2016-09-28,5.27,5.26,5.27,5.21
2016-09-29,5.26,5.27,5.32,5.24
2016-09-30,5.27,5.3,5.31,5.26
2016-10-10,5.31,5.41,5.42,5.31
2016-10-11,5.4,5.43,5.46,5.38
2016-10-12,5.42,5.49,5.53,5.39
2016-10-13,5.47,5.46,5.5,5.43
2016-10-14,5.44,5.5,5.5,5.42
2016-10-17,5.5,5.43,5.56,5.41
2016-10-18,5.43,5.49,5.5,5.41
2016-10-19,5.5,5.53,5.62,5.48
2016-10-20,5.53,5.47,5.53,5.44
2016-10-21,5.48,5.45,5.49,5.38
2016-10-24,5.45,5.5,5.51,5.43
2016-10-25,5.51,5.48,5.52,5.45
2016-10-26,5.48,5.49,5.5,5.44
2016-10-27,5.49,5.48,5.49,5.45
2016-10-28,5.48,5.4,5.49,5.37
2016-10-31,5.37,5.37,5.39,5.34
2016-11-01,5.37,5.42,5.42,5.36
2016-11-02,5.4,5.38,5.42,5.36
2016-11-03,5.37,5.39,5.43,5.33
2016-11-04,5.38,5.37,5.41,5.36
2016-11-07,5.37,5.39,5.4,5.34
2016-11-08,5.4,5.43,5.44,5.39
2016-11-09,5.43,5.36,5.44,5.3
2016-11-10,5.39,5.45,5.46,5.39
2016-11-11,5.45,5.49,5.5,5.42
2016-11-14,5.48,5.5,5.52,5.46
2016-11-15,5.5,5.51,5.52,5.47
2016-11-16,5.51,5.53,5.54,5.46
2016-11-17,5.58,5.54,5.59,5.52
2016-11-18,5.54,5.49,5.54,5.48
2016-11-21,5.47,5.58,5.6,5.47
2016-11-22,5.58,5.63,5.64,5.55
2016-11-23,5.63,5.54,5.64,5.52
2016-11-24,5.56,5.51,5.6,5.48
2016-11-25,5.49,5.52,5.54,5.41
2016-11-28,5.53,5.61,5.63,5.5
2016-11-29,5.59,5.53,5.6,5.53
2016-11-30,5.5,5.7,5.71,5.5
2016-12-01,5.73,5.61,5.73,5.55
2016-12-02,5.57,5.44,5.63,5.39
2016-12-05,5.38,5.33,5.42,5.32
2016-12-06,5.34,5.3,5.36,5.29
2016-12-07,5.31,5.36,5.36,5.27
2016-12-08,5.36,5.31,5.36,5.29
2016-12-09,5.31,5.29,5.35,5.27
2016-12-12,5.29,5.08,5.3,5.06
2016-12-13,5.1,5.12,5.13,5.06
2016-12-14,5.13,5.06,5.13,5.05
2016-12-15,5.05,5.08,5.11,5.04
2016-12-16,5.08,5.14,5.15,5.07
2016-12-19,5.16,5.14,5.16,5.11
2016-12-20,5.14,5.11,5.14,5.07
2016-12-21,5.12,5.17,5.19,5.12
2016-12-22,5.16,5.2,5.23,5.15
2016-12-23,5.2,5.12,5.21,5.12
2016-12-26,5.09,5.12,5.15,5.04
2016-12-27,5.2,5.14,5.27,5.14
2016-12-28,5.12,5.17,5.19,5.11
2016-12-29,5.15,5.19,5.2,5.13
2016-12-30,5.18,5.21,5.23,5.17
2017-01-03,5.21,5.22,5.25,5.21
2017-01-04,5.23,5.23,5.25,5.19
2017-01-05,5.21,5.26,5.26,5.21
2017-01-06,5.25,5.24,5.29,5.23
2017-01-09,5.24,5.29,5.31,5.23
2017-01-10,5.27,5.27,5.32,5.24
2017-01-11,5.27,5.23,5.29,5.21
2017-01-12,5.24,5.13,5.25,5.12
2017-01-13,5.13,5.13,5.17,5.1
2017-01-16,5.14,5.01,5.14,4.87
2017-01-17,4.97,5.02,5.04,4.94
2017-01-18,5.03,4.98,5.03,4.97
2017-01-19,4.96,4.94,4.99,4.93
2017-01-20,4.94,5.0,5.02,4.92
2017-01-23,4.99,5.03,5.04,4.99
2017-01-24,5.01,4.99,5.01,4.96
2017-01-25,4.99,4.99,5.01,4.96
2017-01-26,4.99,5.03,5.04,4.98
2017-02-03,5.02,5.0,5.03,4.98
2017-02-06,5.0,5.05,5.06,4.99
2017-02-07,5.06,5.08,5.08,5.01
2017-02-08,5.07,5.07,5.09,5.03
2017-02-09,5.06,5.09,5.09,5.06
2017-02-10,5.09,5.11,5.13,5.07
2017-02-13,5.1,5.13,5.15,5.1
2017-02-14,5.13,5.1,5.14,5.07
2017-02-15,5.09,5.1,5.18,5.08
2017-02-16,5.08,5.13,5.14,5.05
2017-02-17,5.11,5.12,5.18,5.1
2017-02-20,5.12,5.16,5.17,5.1
2017-02-21,5.17,5.21,5.21,5.15
2017-02-22,5.2,5.21,5.21,5.16
2017-02-23,5.18,5.17,5.21,5.16
2017-02-24,5.17,5.17,5.19,5.14
2017-02-27,5.17,5.12,5.18,5.12
2017-02-28,5.12,5.18,5.19,5.12
2017-03-01,5.18,5.2,5.2,5.16
2017-03-02,5.19,5.16,5.22,5.12
2017-03-03,5.15,5.14,5.17,5.12
2017-03-06,5.14,5.21,5.22,5.12
2017-03-07,5.21,5.19,5.25,5.18
2017-03-08,5.2,5.17,5.22,5.16
2017-03-09,5.17,5.13,5.17,5.12
2017-03-10,5.13,5.16,5.16,5.12
2017-03-13,5.16,5.18,5.18,5.11
2017-03-14,5.17,5.18,5.21,5.16
2017-03-15,5.18,5.13,5.2,5.12
2017-03-16,5.13,5.19,5.19,5.12
2017-03-17,5.2,5.14,5.22,5.14
2017-03-20,5.14,5.2,5.2,5.13
2017-03-21,5.2,5.21,5.24,5.19
2017-03-22,5.19,5.19,5.24,5.18
2017-03-23,5.22,5.13,5.22,5.1
2017-03-24,5.12,5.14,5.15,5.11
2017-03-27,5.11,5.09,5.14,5.06
2017-03-28,5.09,5.04,5.09,5.03
2017-03-29,5.05,5.0,5.06,5.0
2017-03-30,5.0,5.01,5.07,4.91
2017-03-31,5.0,4.95,5.05,4.93
2017-04-05,4.95,4.99,4.99,4.91
2017-04-06,4.99,5.0,5.05,4.96
2017-04-07,4.98,4.95,4.98,4.94
2017-04-10,4.95,4.89,4.96,4.87
2017-04-11,4.89,4.92,4.93,4.84
2017-04-12,4.92,4.95,4.96,4.88
2017-04-13,4.92,4.95,4.98,4.91
2017-04-14,4.93,4.89,4.94,4.89
2017-04-17,4.9,4.82,4.9,4.79
2017-04-18,4.82,4.7,4.84,4.7
2017-04-19,4.7,4.57,4.71,4.52
2017-04-20,4.58,4.47,4.6,4.43
2017-04-21,4.46,4.48,4.5,4.45
2017-04-24,4.48,4.24,4.49,4.18
2017-04-25,4.23,4.23,4.27,4.2
2017-04-26,4.22,4.14,4.22,4.12
2017-04-27,4.12,4.01,4.12,3.81
2017-04-28,3.99,4.05,4.05,3.96
2017-05-02,4.04,4.04,4.09,4.0
2017-05-03,4.04,4.04,4.07,4.0
2017-05-04,4.02,4.0,4.05,3.97
2017-05-05,3.98,3.9,4.0,3.9
2017-05-08,3.92,3.81,3.92,3.81
2017-05-09,3.81,3.94,3.95,3.8
2017-05-10,3.93,3.83,3.95,3.83
2017-05-11,3.82,3.85,3.87,3.73
2017-05-12,3.83,3.84,3.86,3.8
2017-05-15,3.84,3.9,3.9,3.83
2017-05-16,3.9,3.94,3.95,3.83
2017-05-17,3.93,3.93,3.98,3.91
2017-05-18,3.9,3.9,3.93,3.88
2017-05-19,3.89,3.97,4.0,3.88
2017-05-22,3.93,3.88,3.96,3.85
2017-05-23,3.86,3.73,3.87,3.72
2017-05-24,3.7,3.74,3.74,3.65
2017-05-25,3.72,3.78,3.8,3.69
2017-05-26,3.77,3.78,3.81,3.75
2017-05-31,3.81,3.76,3.83,3.74
2017-06-01,3.75,3.67,3.78,3.66
2017-06-02,3.69,3.75,3.76,3.66
2017-06-05,3.75,3.81,3.81,3.74
2017-06-06,3.8,3.82,3.82,3.77
2017-06-07,3.8,3.87,3.87,3.8
2017-06-08,3.86,3.85,3.88,3.84
2017-06-09,3.86,3.87,3.87,3.82
2017-06-12,3.85,3.82,3.86,3.81
2017-06-13,3.8,3.86,3.86,3.8
2017-06-14,3.85,3.86,3.87,3.83
2017-06-15,3.87,3.9,3.92,3.83
2017-06-16,3.9,3.89,3.91,3.86
2017-06-19,3.89,3.92,3.92,3.87
2017-06-20,3.92,3.92,3.93,3.9
2017-06-21,3.93,3.9,3.93,3.87
2017-06-22,3.88,3.82,3.92,3.82
2017-06-23,3.82,3.79,3.83,3.75
2017-06-26,3.79,3.82,3.82,3.78
2017-06-27,3.82,3.88,3.9,3.81
2017-06-28,3.9,3.92,3.94,3.84
2017-06-29,3.92,3.91,3.94,3.88
2017-06-30,3.9,3.89,3.9,3.85
2017-07-03,3.88,3.91,3.91,3.86
2017-07-04,3.91,3.87,3.91,3.86
2017-07-05,3.89,3.91,3.92,3.87
2017-07-06,3.91,3.91,3.93,3.86
2017-07-07,3.89,3.92,3.92,3.88
2017-07-10,3.91,3.94,3.95,3.9
2017-07-11,3.94,3.97,3.99,3.93
2017-07-12,3.98,3.89,3.99,3.86
2017-07-13,3.87,3.88,3.89,3.85
2017-07-14,3.89,3.87,3.9,3.85
2017-07-17,3.85,3.7,3.86,3.7
2017-07-18,3.71,3.72,3.73,3.66
2017-07-19,3.71,3.76,3.77,3.7
2017-07-20,3.77,3.83,3.88,3.75
2017-07-21,3.8,3.8,3.83,3.79
2017-07-24,3.8,3.82,3.84,3.79
2017-07-25,3.82,3.81,3.84,3.79
2017-07-26,3.8,3.78,3.81,3.76
2017-07-27,3.79,3.83,3.84,3.78
2017-07-28,3.83,3.85,3.88,3.81
2017-07-31,3.85,3.86,3.89,3.83
2017-08-01,3.86,3.88,3.89,3.84
2017-08-02,3.88,3.89,3.92,3.86
2017-08-03,3.89,3.94,3.96,3.88
2017-08-04,3.95,3.93,3.95,3.91
2017-08-07,3.93,3.96,3.96,3.9
2017-08-08,3.94,3.94,3.96,3.92
2017-08-09,3.94,3.94,3.95,3.91
2017-08-10,3.93,3.91,3.94,3.88
2017-08-11,3.89,3.85,3.9,3.84
2017-08-14,3.83,3.87,3.87,3.81
2017-08-15,3.86,3.85,3.88,3.84
2017-08-16,3.85,3.89,3.89,3.84
2017-08-17,3.88,3.96,3.96,3.87
2017-08-18,3.97,3.96,3.97,3.92
2017-08-21,3.97,3.98,4.0,3.96
2017-08-22,3.97,3.93,3.98,3.91
2017-08-23,3.92,3.91,3.94,3.9
2017-08-24,3.91,3.87,3.92,3.86
2017-08-25,3.87,3.92,3.92,3.85
2017-08-28,3.92,3.93,3.95,3.91
2017-08-29,3.97,4.12,4.32,3.95
2017-08-30,4.06,4.06,4.11,4.04
2017-08-31,4.05,4.04,4.06,4.01
2017-09-01,4.05,4.04,4.09,4.03
2017-09-04,4.04,4.04,4.05,4.01
2017-09-05,4.03,4.01,4.04,4.0
2017-09-06,4.0,4.05,4.05,3.98
2017-09-07,4.03,4.08,4.08,4.03
2017-09-08,4.06,4.03,4.08,4.03
2017-09-11,4.03,4.04,4.05,4.01
2017-09-12,4.05,4.01,4.05,4.0
2017-09-13,4.01,4.0,4.01,3.98
2017-09-14,4.01,4.01,4.02,3.99
2017-09-15,4.0,4.0,4.02,3.99
2017-09-18,4.0,4.02,4.04,3.99
2017-09-19,4.01,4.04,4.05,4.01
2017-09-20,4.02,4.05,4.05,4.02
2017-09-21,4.05,4.0,4.05,3.99
2017-09-22,4.02,3.96,4.02,3.96
2017-09-25,3.96,3.9,3.97,3.89
2017-09-26,3.91,3.91,3.92,3.89
2017-09-27,3.9,3.91,3.92,3.89
2017-09-28,3.9,3.87,3.91,3.87
2017-09-29,3.87,3.91,3.92,3.87
2017-10-09,3.92,3.94,3.94,3.92
2017-10-10,3.94,3.96,3.96,3.92
2017-10-11,3.95,3.99,4.0,3.94
2017-10-12,3.98,3.97,3.99,3.95
2017-10-13,3.96,4.0,4.0,3.96
2017-10-16,3.98,3.91,4.01,3.91
2017-10-17,3.91,3.91,3.93,3.9
2017-10-18,3.93,3.88,3.93,3.87
2017-10-19,3.88,3.8,3.89,3.79
2017-10-20,3.79,3.83,3.83,3.79
2017-10-23,3.81,3.85,3.85,3.81
2017-10-24,3.84,3.83,3.87,3.81
2017-10-25,3.84,3.84,3.84,3.82
2017-10-26,3.83,3.83,3.85,3.81
2017-10-27,3.81,3.77,3.82,3.77
2017-10-30,3.76,3.67,3.76,3.66
2017-10-31,3.68,3.69,3.71,3.66
2017-11-01,3.69,3.66,3.7,3.65
2017-11-02,3.68,3.61,3.68,3.61
2017-11-03,3.61,3.57,3.63,3.55
2017-11-06,3.57,3.54,3.57,3.48
2017-11-07,3.52,3.56,3.56,3.51
2017-11-08,3.56,3.58,3.6,3.54
2017-11-09,3.58,3.58,3.59,3.57
2017-11-10,3.59,3.54,3.6,3.53
2017-11-13,3.54,3.49,3.54,3.48
2017-11-14,3.5,3.46,3.5,3.43
2017-11-15,3.46,3.35,3.46,3.34
2017-11-16,3.35,3.37,3.39,3.34
2017-11-17,3.38,3.18,3.38,3.08
2017-11-20,3.15,3.15,3.16,3.07
2017-11-21,3.15,3.15,3.17,3.12
2017-11-22,3.14,3.15,3.16,3.12
2017-11-23,3.15,3.08,3.15,3.07
2017-11-24,3.08,3.11,3.13,3.06
2017-11-27,3.09,3.1,3.11,3.08
2017-11-28,3.1,3.16,3.17,3.08
2017-11-29,3.15,3.17,3.18,3.13
2017-11-30,3.15,3.17,3.18,3.15
2017-12-01,3.17,3.19,3.2,3.16
2017-12-04,3.19,3.14,3.19,3.13
2017-12-05,3.14,3.08,3.15,3.05
2017-12-06,3.08,3.1,3.11,3.05
2017-12-07,3.1,3.11,3.12,3.08
2017-12-08,3.09,3.12,3.14,3.09
2017-12-11,3.13,3.15,3.16,3.12
2017-12-12,3.16,3.1,3.16,3.1
2017-12-13,3.09,3.13,3.13,3.09
2017-12-14,3.13,3.13,3.13,3.09
2017-12-15,3.11,3.15,3.16,3.11
2017-12-18,3.15,3.15,3.17,3.13
2017-12-19,3.14,3.16,3.17,3.14
2017-12-20,3.17,3.12,3.17,3.11
2017-12-21,3.13,3.1,3.13,3.07
2017-12-22,3.09,3.11,3.12,3.09
2017-12-25,3.1,3.07,3.12,3.06
2017-12-26,3.07,3.09,3.09,3.05
2017-12-27,3.09,3.07,3.09,3.05
2017-12-28,3.08,3.08,3.1,3.07
2017-12-29,3.09,3.1,3.11,3.09
2018-01-02,3.1,3.12,3.13,3.08
2018-01-03,3.12,3.17,3.18,3.11
2018-01-04,3.17,3.2,3.25,3.15
2018-01-05,3.2,3.2,3.21,3.15
2018-01-08,3.2,3.18,3.21,3.17
2018-01-09,3.18,3.19,3.21,3.17
2018-01-10,3.19,3.16,3.19,3.14
2018-01-11,3.16,3.17,3.18,3.13
2018-01-12,3.17,3.2,3.2,3.16
2018-01-15,3.19,3.09,3.21,3.08
2018-01-16,3.07,3.11,3.12,3.07
2018-01-17,3.1,3.1,3.11,3.06
2018-01-18,3.09,3.11,3.12,3.08
2018-01-19,3.11,3.11,3.12,3.09
2018-01-22,3.1,3.12,3.12,3.08
2018-01-23,3.1,3.12,3.14,3.1
2018-01-24,3.11,3.12,3.12,3.09
2018-01-25,3.12,3.15,3.16,3.1
2018-01-26,3.14,3.13,3.16,3.13
2018-01-29,3.13,3.1,3.15,3.09
2018-01-30,3.07,3.03,3.07,3.02
2018-01-31,3.03,2.89,3.04,2.88
2018-02-01,2.9,2.65,2.91,2.6
2018-02-02,2.62,2.61,2.62,2.47
2018-02-05,2.57,2.58,2.6,2.54
2018-02-06,2.55,2.65,2.84,2.52
2018-02-07,2.62,2.67,2.75,2.61
2018-02-08,2.66,2.68,2.72,2.62
2018-02-09,2.66,2.6,2.67,2.53
2018-02-12,2.6,2.72,2.73,2.6
2018-02-13,2.71,2.68,2.72,2.67
2018-02-14,2.69,2.67,2.69,2.64
2018-02-22,2.68,2.69,2.7,2.66
2018-02-23,2.7,2.69,2.7,2.67
2018-02-26,2.69,2.72,2.72,2.69
2018-02-27,2.72,2.73,2.78,2.71
2018-02-28,2.72,2.73,2.73,2.7
2018-03-01,2.72,2.76,2.76,2.7
2018-03-02,2.76,2.75,2.78,2.73
2018-03-05,2.74,2.73,2.74,2.7
2018-03-06,2.73,2.75,2.75,2.71
2018-03-07,2.75,2.79,2.82,2.73
2018-03-08,2.78,2.88,2.88,2.76
2018-03-09,2.88,2.85,2.88,2.82
2018-03-12,2.87,2.87,2.89,2.85
2018-03-13,2.86,2.83,2.87,2.82
2018-03-14,2.83,2.79,2.83,2.79
2018-03-15,2.8,2.88,2.93,2.78
2018-03-16,2.85,2.85,2.91,2.84
2018-03-19,2.85,2.82,2.85,2.81
2018-03-20,2.82,2.85,2.91,2.8
2018-03-21,2.85,2.82,2.87,2.82
2018-03-22,2.82,2.87,2.9,2.77
2018-03-23,2.83,2.68,2.83,2.66
2018-03-26,2.66,2.66,2.67,2.54
2018-03-27,2.68,2.72,2.74,2.67
2018-03-28,2.7,2.67,2.71,2.67
2018-03-29,2.68,2.7,2.71,2.67
2018-03-30,2.7,2.71,2.72,2.69
2018-04-02,2.71,2.7,2.73,2.7
2018-04-03,2.66,2.66,2.68,2.64
2018-04-04,2.65,2.66,2.69,2.65
2018-04-09,2.65,2.65,2.66,2.62
2018-04-10,2.65,2.65,2.66,2.63
2018-04-11,2.65,2.67,2.69,2.65
2018-04-12,2.66,2.65,2.67,2.63
2018-04-13,2.66,2.66,2.67,2.65
2018-04-16,2.65,2.62,2.67,2.61
2018-04-17,2.62,2.58,2.65,2.58
2018-04-18,2.58,2.58,2.64,2.56
2018-04-19,2.59,2.6,2.62,2.58
2018-04-20,2.6,2.53,2.6,2.51
2018-04-23,2.53,2.54,2.56,2.51
2018-04-24,2.54,2.58,2.6,2.53
2018-04-25,2.56,2.57,2.59,2.56
2018-04-26,2.57,2.54,2.58,2.53
2018-04-27,2.57,2.56,2.57,2.54
2018-05-02,2.56,2.6,2.6,2.55
2018-05-03,2.59,2.6,2.61,2.56
2018-05-04,2.59,2.61,2.62,2.57
2018-05-07,2.63,2.63,2.64,2.61
2018-05-08,2.62,2.63,2.65,2.61
2018-05-09,2.63,2.65,2.65,2.62
2018-05-10,2.65,2.65,2.66,2.63
2018-05-11,2.65,2.65,2.68,2.63
2018-05-14,2.64,2.63,2.67,2.62
2018-05-15,2.62,2.64,2.65,2.58
2018-05-16,2.62,2.62,2.64,2.6
2018-05-17,2.61,2.6,2.62,2.59
2018-05-18,2.6,2.64,2.65,2.58
2018-05-21,2.65,2.67,2.68,2.63
2018-05-22,2.67,2.66,2.68,2.65
2018-05-23,2.66,2.7,2.78,2.65
2018-05-24,2.69,2.7,2.73,2.68
2018-05-25,2.69,2.63,2.7,2.62
2018-05-28,2.64,2.58,2.64,2.56
2018-05-29,2.58,2.57,2.59,2.56
2018-05-30,2.54,2.5,2.54,2.5
2018-05-31,2.51,2.53,2.53,2.5
2018-06-01,2.53,2.51,2.53,2.5
2018-06-04,2.51,2.52,2.53,2.51
2018-06-05,2.52,2.54,2.54,2.52
2018-06-06,2.54,2.54,2.55,2.52
2018-06-07,2.54,2.56,2.58,2.53
2018-06-08,2.55,2.51,2.56,2.5
2018-06-11,2.5,2.47,2.51,2.45
2018-06-12,2.47,2.49,2.5,2.44
2018-06-13,2.48,2.47,2.52,2.46
2018-06-14,2.47,2.5,2.5,2.45
2018-06-15,2.49,2.45,2.49,2.42
2018-06-19,2.44,2.22,2.44,2.21
2018-06-20,2.22,2.27,2.27,2.21
2018-06-21,2.26,2.23,2.3,2.22
2018-06-22,2.2,2.24,2.28,2.18
2018-06-25,2.24,2.2,2.27,2.18
2018-06-26,2.17,2.22,2.23,2.17
2018-06-27,2.22,2.22,2.24,2.2
2018-06-28,2.22,2.22,2.24,2.21
2018-06-29,2.22,2.26,2.27,2.2
2018-07-02,2.26,2.22,2.27,2.21
2018-07-03,2.23,2.26,2.26,2.21
2018-07-04,2.25,2.25,2.27,2.23
2018-07-05,2.25,2.16,2.25,2.16
2018-07-06,2.15,2.16,2.19,2.12
2018-07-09,2.17,2.19,2.2,2.15
2018-07-10,2.19,2.2,2.22,2.18
2018-07-11,2.18,2.16,2.19,2.12
2018-07-12,2.15,2.2,2.21,2.14
2018-07-13,2.2,2.2,2.21,2.18
2018-07-16,2.19,2.19,2.19,2.17
2018-07-17,2.19,2.19,2.19,2.17
2018-07-18,2.19,2.23,2.28,2.18
2018-07-19,2.22,2.18,2.23,2.16
2018-07-20,2.17,2.22,2.24,2.17
2018-07-23,2.22,2.24,2.25,2.21
2018-07-24,2.23,2.29,2.3,2.23
2018-07-25,2.29,2.3,2.32,2.27
2018-07-26,2.3,2.43,2.43,2.29
2018-07-27,2.47,2.42,2.66,2.4
2018-07-30,2.35,2.34,2.4,2.32
2018-07-31,2.35,2.37,2.4,2.34
2018-08-01,2.37,2.32,2.37,2.3
2018-08-02,2.31,2.29,2.31,2.23
2018-08-03,2.27,2.29,2.31,2.25
2018-08-06,2.27,2.25,2.29,2.24
2018-08-07,2.26,2.31,2.32,2.23
2018-08-08,2.31,2.3,2.34,2.29
2018-08-09,2.29,2.34,2.35,2.28
2018-08-10,2.34,2.35,2.35,2.31
2018-08-13,2.33,2.32,2.34,2.28
2018-08-14,2.32,2.3,2.32,2.29
2018-08-15,2.31,2.26,2.31,2.26
2018-08-16,2.26,2.25,2.29,2.23
2018-08-17,2.26,2.22,2.28,2.22
2018-08-20,2.22,2.27,2.27,2.22
2018-08-21,2.26,2.29,2.29,2.25
2018-08-22,2.28,2.24,2.28,2.24
2018-08-23,2.25,2.25,2.26,2.23
2018-08-24,2.22,2.21,2.23,2.18
2018-08-27,2.21,2.24,2.24,2.21
2018-08-28,2.24,2.23,2.25,2.22
2018-08-29,2.24,2.23,2.24,2.21
2018-08-30,2.23,2.19,2.23,2.19
2018-08-31,2.2,2.18,2.2,2.17
2018-09-03,2.17,2.18,2.18,2.15
2018-09-04,2.18,2.2,2.21,2.16
2018-09-05,2.2,2.18,2.22,2.18
2018-09-06,2.17,2.17,2.19,2.16
2018-09-07,2.17,2.18,2.2,2.16
2018-09-10,2.18,2.16,2.19,2.15
2018-09-11,2.16,2.16,2.18,2.13
2018-09-12,2.14,2.17,2.19,2.14
2018-09-13,2.19,2.2,2.2,2.17
2018-09-14,2.2,2.18,2.2,2.18
2018-09-17,2.17,2.18,2.19,2.16
2018-09-18,2.18,2.2,2.21,2.17
2018-09-19,2.2,2.21,2.23,2.19
2018-09-20,2.2,2.2,2.22,2.19
2018-09-21,2.2,2.23,2.23,2.19
2018-09-25,2.22,2.2,2.23,2.2
2018-09-26,2.2,2.2,2.23,2.19
2018-09-27,2.2,2.17,2.21,2.16
2018-09-28,2.17,2.18,2.19,2.16
2018-10-08,2.17,2.14,2.17,2.13
2018-10-09,2.14,2.15,2.16,2.14
2018-10-10,2.15,2.17,2.17,2.15
2018-10-11,2.14,1.98,2.14,1.97
2018-10-12,1.98,1.95,1.99,1.9
2018-10-15,1.96,1.94,1.97,1.92
2018-10-16,1.94,1.91,1.96,1.89
2018-10-17,1.94,1.93,1.95,1.91
2018-10-18,1.92,1.88,1.92,1.88
2018-10-19,1.86,1.88,1.89,1.81
2018-10-22,1.87,1.96,1.98,1.87
2018-10-23,1.96,1.94,1.97,1.93
2018-10-24,1.92,1.94,1.97,1.92
2018-10-25,1.93,1.93,1.93,1.88
2018-10-26,1.93,1.98,1.98,1.92
2018-10-29,1.94,1.93,1.96,1.92
2018-10-30,1.94,1.97,1.98,1.91
2018-10-31,1.96,1.98,1.99,1.95
2018-11-01,1.98,1.98,2.01,1.97
2018-11-02,1.99,2.03,2.06,1.98
2018-11-05,2.01,2.05,2.06,1.99
2018-11-06,2.03,2.02,2.05,2.0
2018-11-07,2.02,2.08,2.13,2.01
2018-11-08,2.08,2.06,2.08,2.03
2018-11-09,2.04,2.05,2.06,2.02
2018-11-12,2.04,2.12,2.12,2.03
2018-11-13,2.1,2.21,2.27,2.09
2018-11-14,2.24,2.16,2.25,2.16
2018-11-15,2.19,2.19,2.25,2.17
2018-11-16,2.21,2.2,2.23,2.19
2018-11-19,2.23,2.22,2.23,2.17
2018-11-20,2.2,2.14,2.21,2.14
2018-11-21,2.13,2.16,2.16,2.11
2018-11-22,2.15,2.14,2.16,2.12
2018-11-23,2.15,2.02,2.15,2.0
2018-11-26,2.02,2.02,2.07,2.01
2018-11-27,2.02,2.04,2.05,2.02
2018-11-28,2.04,2.06,2.06,2.0
2018-11-29,2.06,2.02,2.1,2.01
2018-11-30,2.02,2.03,2.03,1.99
2018-12-03,2.03,2.08,2.09,2.03
2018-12-04,2.08,2.1,2.1,2.06
2018-12-05,2.07,2.08,2.1,2.06
2018-12-06,2.08,2.04,2.09,2.04
2018-12-07,2.04,2.03,2.05,2.03
2018-12-10,2.02,2.04,2.05,2.01
2018-12-11,2.03,2.03,2.04,2.01
2018-12-12,2.03,2.0,2.03,2.0
2018-12-13,2.0,2.02,2.03,1.98
2018-12-14,2.03,1.99,2.03,1.98
2018-12-17,1.99,1.98,1.99,1.95
2018-12-18,1.97,1.96,1.99,1.96
2018-12-19,1.98,1.94,1.98,1.91
2018-12-20,1.94,1.91,1.95,1.9
2018-12-21,1.89,1.91,1.92,1.89
2018-12-24,1.91,1.93,1.93,1.89
2018-12-25,1.92,1.89,1.92,1.86
2018-12-26,1.89,1.94,1.96,1.89
2018-12-27,1.96,1.91,1.96,1.91
2018-12-28,1.91,1.93,1.94,1.89
2019-01-02,1.93,1.92,1.94,1.91
2019-01-03,1.92,1.91,1.93,1.9
2019-01-04,1.91,1.95,1.95,1.88
2019-01-07,1.96,2.01,2.01,1.94
2019-01-08,2.13,2.21,2.21,2.12
2019-01-09,2.12,2.12,2.18,2.04
2019-01-10,2.08,2.07,2.09,2.05
2019-01-11,2.06,2.08,2.12,2.04
2019-01-14,2.07,2.03,2.08,2.03
2019-01-15,2.03,2.04,2.05,2.01
2019-01-16,2.05,2.03,2.05,2.02
2019-01-17,2.03,2.06,2.08,2.01
2019-01-18,2.04,2.06,2.07,2.04
2019-01-21,2.06,2.06,2.07,2.04
2019-01-22,2.06,2.04,2.07,2.03
2019-01-23,2.03,2.02,2.05,2.01
2019-01-24,2.03,2.03,2.05,2.02
2019-01-25,2.03,1.99,2.05,1.99
2019-01-28,2.0,1.97,2.01,1.95
2019-01-29,1.96,1.93,1.96,1.9
2019-01-30,1.93,1.92,1.95,1.9
2019-01-31,1.85,1.73,1.85,1.73
2019-02-01,1.69,1.76,1.77,1.64
2019-02-11,1.74,1.82,1.82,1.72
2019-02-12,1.83,1.83,1.84,1.8
2019-02-13,1.84,1.85,1.86,1.82
2019-02-14,1.85,1.85,1.86,1.83
2019-02-15,1.85,2.04,2.04,1.84
2019-02-18,2.16,2.24,2.24,2.08
2019-02-19,2.39,2.27,2.46,2.22
2019-02-20,2.19,2.18,2.22,2.13
2019-02-21,2.16,2.12,2.17,2.1
2019-02-22,2.12,2.14,2.16,2.12
2019-02-25,2.14,2.22,2.24,2.12
2019-02-26,2.22,2.26,2.4,2.16
2019-02-27,2.25,2.25,2.32,2.21
2019-02-28,2.25,2.28,2.31,2.23
2019-03-01,2.31,2.26,2.32,2.22
2019-03-04,2.25,2.26,2.3,2.24
2019-03-05,2.26,2.31,2.31,2.23
2019-03-06,2.32,2.46,2.48,2.3
2019-03-07,2.5,2.62,2.65,2.5
2019-03-08,2.56,2.37,2.56,2.36
2019-03-11,2.37,2.48,2.48,2.28
2019-03-12,2.48,2.73,2.73,2.46
2019-03-13,2.8,2.84,2.98,2.75
2019-03-14,2.78,2.6,2.78,2.56
2019-03-15,2.59,2.57,2.65,2.54
2019-03-18,2.6,2.6,2.61,2.47
2019-03-19,2.65,2.59,2.65,2.56
2019-03-20,2.59,2.54,2.59,2.5
2019-03-21,2.55,2.56,2.58,2.52
2019-03-22,2.54,2.53,2.54,2.48
2019-03-25,2.47,2.47,2.49,2.4
2019-03-26,2.45,2.38,2.47,2.36
2019-03-27,2.31,2.22,2.35,2.15
2019-03-28,2.17,2.16,2.21,2.12
2019-03-29,2.15,2.25,2.25,2.11
2019-04-01,2.25,2.34,2.35,2.24
2019-04-02,2.35,2.33,2.37,2.3
2019-04-03,2.32,2.36,2.36,2.3
2019-04-04,2.35,2.4,2.5,2.32
2019-04-08,2.39,2.33,2.41,2.28
2019-04-09,2.34,2.34,2.35,2.31
2019-04-10,2.34,2.39,2.43,2.3
2019-04-11,2.4,2.45,2.53,2.34
2019-04-12,2.41,2.61,2.61,2.38
2019-04-15,2.6,2.52,2.6,2.49
2019-04-16,2.48,2.48,2.5,2.35
2019-04-17,2.46,2.46,2.49,2.42
2019-04-18,2.44,2.44,2.47,2.41
2019-04-19,2.4,2.38,2.4,2.33
2019-04-22,2.36,2.3,2.36,2.29
2019-04-23,2.31,2.26,2.32,2.25
2019-04-24,2.25,2.29,2.3,2.22
2019-04-25,2.29,2.2,2.29,2.18
2019-04-29,2.09,2.09,2.09,2.09
2019-04-30,1.99,1.99,1.99,1.99
2019-05-06,1.89,1.89,1.89,1.89
2019-05-07,1.8,1.82,1.86,1.8
2019-05-08,1.78,1.86,1.9,1.75
2019-05-09,1.84,1.88,1.89,1.83
2019-05-10,1.89,1.92,1.93,1.87
2019-05-13,1.9,1.88,1.91,1.86
2019-05-14,1.86,1.85,1.88,1.84
2019-05-15,1.86,1.89,1.9,1.85
2019-05-16,1.87,1.98,1.98,1.87
2019-05-17,1.99,1.89,2.03,1.88
2019-05-20,1.86,1.87,1.88,1.81
2019-05-21,1.86,1.9,1.91,1.85
2019-05-22,1.9,1.88,1.9,1.86
2019-05-23,1.86,1.82,1.87,1.82
2019-05-24,1.82,1.82,1.83,1.8
2019-05-27,1.82,1.87,1.87,1.81
2019-05-28,1.87,1.89,1.92,1.86
2019-05-29,1.88,1.88,1.9,1.85
2019-05-30,1.88,1.84,1.88,1.81
2019-05-31,1.82,1.86,1.88,1.82
2019-06-03,1.86,1.83,1.86,1.82
2019-06-04,1.83,1.81,1.84,1.81
2019-06-05,1.83,1.81,1.83,1.81
2019-06-06,1.82,1.78,1.82,1.76
2019-06-10,1.77,1.77,1.78,1.75
2019-06-11,1.77,1.83,1.83,1.76
2019-06-12,1.82,1.82,1.84,1.81
2019-06-13,1.81,1.85,1.87,1.81
2019-06-14,1.85,1.8,1.86,1.79
2019-06-17,1.8,1.78,1.8,1.76
2019-06-18,1.78,1.78,1.8,1.76
2019-06-19,1.81,1.79,1.83,1.77
2019-06-20,1.79,1.8,1.81,1.77
2019-06-21,1.85,1.85,1.87,1.83
2019-06-24,1.84,1.84,1.85,1.82
2019-06-25,1.84,1.85,1.85,1.82
2019-06-26,1.84,1.86,1.87,1.83
2019-06-27,1.87,1.85,1.88,1.84
2019-06-28,1.85,1.86,1.89,1.84
2019-07-01,1.87,1.88,1.89,1.85
2019-07-02,1.88,1.91,1.96,1.86
2019-07-03,1.91,1.86,1.91,1.85
2019-07-04,1.86,1.86,1.88,1.85
2019-07-05,1.85,1.86,1.87,1.84
2019-07-08,1.85,1.8,1.85,1.79
2019-07-09,1.8,1.82,1.82,1.79
2019-07-10,1.82,1.81,1.82,1.8
2019-07-11,1.81,1.81,1.84,1.8
2019-07-12,1.8,1.82,1.83,1.8
2019-07-15,1.81,1.84,1.85,1.8
2019-07-16,1.83,1.84,1.84,1.83
2019-07-17,1.84,1.84,1.85,1.83
2019-07-18,1.83,1.81,1.84,1.81
2019-07-19,1.81,1.82,1.83,1.81
2019-07-22,1.82,1.78,1.82,1.77
2019-07-23,1.78,1.79,1.79,1.76
2019-07-24,1.78,1.79,1.81,1.78
2019-07-25,1.79,1.8,1.8,1.77
2019-07-26,1.8,1.79,1.8,1.78
2019-07-29,1.79,1.79,1.79,1.77
2019-07-30,1.79,1.82,1.83,1.78
2019-07-31,1.81,1.79,1.81,1.79
2019-08-01,1.79,1.81,1.82,1.78
2019-08-02,1.79,1.79,1.81,1.78
2019-08-05,1.78,1.78,1.8,1.77
2019-08-06,1.75,1.71,1.76,1.69
2019-08-07,1.71,1.72,1.73,1.7
2019-08-08,1.71,1.71,1.73,1.7
2019-08-09,1.71,1.7,1.72,1.69
2019-08-12,1.69,1.72,1.72,1.68
2019-08-13,1.71,1.73,1.73,1.69
2019-08-14,1.73,1.72,1.76,1.72
2019-08-15,1.68,1.71,1.72,1.67
2019-08-16,1.71,1.7,1.72,1.69
2019-08-19,1.7,1.73,1.73,1.7
2019-08-20,1.73,1.73,1.74,1.72
2019-08-21,1.72,1.72,1.73,1.71
2019-08-22,1.72,1.74,1.74,1.72
2019-08-23,1.74,1.73,1.74,1.72
2019-08-26,1.7,1.7,1.71,1.67
2019-08-27,1.7,1.73,1.74,1.7
2019-08-28,1.73,1.72,1.73,1.71
2019-08-29,1.72,1.72,1.73,1.71
2019-08-30,1.72,1.71,1.73,1.7
2019-09-02,1.71,1.73,1.73,1.7
2019-09-03,1.72,1.71,1.73,1.71
2019-09-04,1.71,1.72,1.73,1.7
2019-09-05,1.73,1.73,1.75,1.72
2019-09-06,1.72,1.72,1.74,1.71
2019-09-09,1.73,1.73,1.74,1.72
2019-09-10,1.73,1.73,1.73,1.72
2019-09-11,1.73,1.73,1.74,1.72
2019-09-12,1.74,1.75,1.75,1.72
2019-09-16,1.75,1.77,1.78,1.74
2019-09-17,1.76,1.74,1.77,1.73
2019-09-18,1.74,1.75,1.76,1.74
2019-09-19,1.75,1.77,1.77,1.74
2019-09-20,1.77,1.8,1.81,1.76
2019-09-23,1.8,1.78,1.8,1.76
2019-09-24,1.78,1.83,1.86,1.77
2019-09-25,1.82,1.81,1.85,1.8
2019-09-26,1.81,1.8,1.86,1.78
2019-09-27,1.8,1.79,1.83,1.76
2019-09-30,1.88,1.82,1.88,1.82
2019-10-08,1.8,1.77,1.81,1.75
2019-10-09,1.76,1.78,1.79,1.71
2019-10-10,1.77,1.78,1.79,1.76
2019-10-11,1.78,1.82,1.82,1.78
2019-10-14,1.82,1.83,1.84,1.8
2019-10-15,1.82,1.82,1.83,1.8
2019-10-16,1.83,1.8,1.83,1.79
2019-10-17,1.8,1.82,1.82,1.8
2019-10-18,1.84,1.82,1.84,1.8
2019-10-21,1.79,1.78,1.79,1.75
2019-10-22,1.77,1.78,1.79,1.76
2019-10-23,1.77,1.77,1.78,1.75
2019-10-24,1.76,1.75,1.77,1.72
2019-10-25,1.74,1.75,1.77,1.72
2019-10-28,1.74,1.79,1.79,1.74
2019-10-29,1.78,1.77,1.8,1.76
2019-10-30,1.76,1.77,1.79,1.75
2019-10-31,1.77,1.77,1.79,1.76
2019-11-01,1.76,1.76,1.77,1.73
2019-11-04,1.76,1.75,1.77,1.74
2019-11-05,1.75,1.74,1.76,1.72
2019-11-06,1.73,1.71,1.73,1.7
2019-11-07,1.71,1.7,1.71,1.69
2019-11-08,1.7,1.71,1.72,1.7
2019-11-11,1.71,1.7,1.73,1.69
2019-11-12,1.69,1.72,1.72,1.69
2019-11-13,1.72,1.72,1.74,1.71
2019-11-14,1.72,1.73,1.73,1.71
2019-11-15,1.72,1.72,1.73,1.71
2019-11-18,1.72,1.72,1.73,1.71
2019-11-19,1.72,1.74,1.75,1.72
2019-11-20,1.73,1.73,1.74,1.73
2019-11-21,1.73,1.75,1.75,1.72
2019-11-22,1.75,1.77,1.77,1.75
2019-11-25,1.77,1.79,1.79,1.77
2019-11-26,1.79,1.78,1.8,1.78
2019-11-27,1.78,1.78,1.79,1.78
2019-11-28,1.78,1.81,1.81,1.78
2019-11-29,1.81,1.81,1.81,1.79
2019-12-02,1.8,1.79,1.81,1.79
2019-12-03,1.79,1.83,1.88,1.79
2019-12-04,1.83,1.83,1.85,1.81
2019-12-05,1.83,1.83,1.84,1.81
2019-12-06,1.82,1.86,1.86,1.82
2019-12-09,1.86,1.84,1.86,1.83
2019-12-10,1.83,1.81,1.84,1.8
2019-12-11,1.81,1.81,1.81,1.79
2019-12-12,1.81,1.8,1.81,1.79
2019-12-13,1.81,1.82,1.83,1.8
2019-12-16,1.81,1.82,1.83,1.81
2019-12-17,1.82,1.84,1.84,1.82
2019-12-18,1.84,1.84,1.84,1.82
2019-12-19,1.83,1.86,1.87,1.83
2019-12-20,1.87,1.89,1.94,1.86
2019-12-23,1.91,1.87,1.92,1.86
2019-12-24,1.87,1.93,1.94,1.87
2019-12-25,1.93,1.9,1.95,1.88
2019-12-26,1.89,1.9,1.91,1.87
2019-12-27,1.9,1.9,1.9,1.88
2019-12-30,1.89,1.89,1.89,1.82
2019-12-31,1.87,1.86,1.89,1.86
2020-01-02,1.89,1.89,1.9,1.87
2020-01-03,1.89,1.91,1.91,1.88
2020-01-06,1.9,2.0,2.01,1.9
2020-01-07,2.01,2.0,2.02,1.98
2020-01-08,2.1,2.1,2.1,2.05
2020-01-09,2.1,2.07,2.16,2.05
2020-01-10,2.06,2.02,2.07,1.98
2020-01-13,2.01,2.04,2.05,2.0
2020-01-14,2.04,2.03,2.05,2.01
2020-01-15,2.0,2.01,2.02,1.98
2020-01-16,2.0,1.96,2.0,1.96
2020-01-17,1.97,1.98,1.98,1.95
2020-01-20,1.98,1.98,2.0,1.97
2020-01-21,1.97,1.95,1.97,1.93
2020-01-22,1.94,1.97,1.98,1.91
2020-01-23,1.96,1.95,1.98,1.92
2020-02-03,1.85,1.85,1.85,1.85
2020-02-04,1.76,1.76,1.78,1.76
2020-02-05,1.76,1.76,1.8,1.75
2020-02-06,1.75,1.77,1.78,1.75
2020-02-07,1.76,1.78,1.79,1.75
2020-02-10,1.77,1.83,1.85,1.76
2020-02-11,1.84,1.86,1.88,1.83
2020-02-12,1.86,1.89,1.9,1.86
2020-02-13,1.85,1.81,1.85,1.8
2020-02-14,1.8,1.79,1.82,1.79
2020-02-17,1.79,1.83,1.83,1.79
2020-02-18,1.82,1.85,1.85,1.82
2020-02-19,1.85,1.85,1.88,1.84
2020-02-20,1.84,1.87,1.87,1.84
2020-02-21,1.86,1.85,1.87,1.84
2020-02-24,1.84,1.83,1.84,1.82
2020-02-25,1.8,1.8,1.81,1.78
2020-02-26,1.78,1.81,1.83,1.78
2020-02-27,1.81,1.82,1.83,1.8
2020-02-28,1.8,1.77,1.82,1.77
2020-03-02,1.78,1.8,1.81,1.77
2020-03-03,1.81,1.82,1.83,1.8
2020-03-04,1.8,1.85,1.86,1.8
2020-03-05,1.86,1.9,1.92,1.85
2020-03-06,1.89,1.88,1.89,1.87
2020-03-09,1.86,1.83,1.88,1.82
2020-03-10,1.8,1.85,1.85,1.79
2020-03-11,1.84,1.85,1.87,1.84
2020-03-12,1.83,1.83,1.84,1.8
2020-03-13,1.75,1.82,1.82,1.75
2020-03-16,1.82,1.77,1.83,1.77
2020-03-17,1.76,1.79,1.8,1.74
2020-03-18,1.79,1.79,1.83,1.78
2020-03-19,1.78,1.79,1.79,1.76
2020-03-20,1.81,1.81,1.82,1.78
2020-03-23,1.79,1.8,1.82,1.78
2020-03-24,1.8,1.83,1.84,1.8
2020-03-25,1.85,1.84,1.86,1.83
2020-03-26,1.84,1.82,1.84,1.81
2020-03-27,1.91,1.91,1.91,1.89
2020-03-30,1.88,1.94,1.94,1.86
2020-03-31,1.95,1.91,1.97,1.89
2020-04-01,1.89,1.93,1.95,1.89
2020-04-02,1.94,1.99,2.03,1.9
2020-04-03,1.98,2.09,2.09,1.97
2020-04-07,2.12,2.12,2.19,2.04
2020-04-08,2.2,2.23,2.23,2.17
2020-04-09,2.34,2.34,2.34,2.34
2020-04-13,2.4,2.17,2.4,2.12
2020-04-14,2.13,2.39,2.39,2.13
2020-04-15,2.63,2.63,2.63,2.63
2020-04-16,2.75,2.89,2.89,2.66
2020-04-17,3.01,2.96,3.18,2.91
2020-04-20,2.95,2.89,3.03,2.66
2020-04-21,2.7,2.69,2.82,2.61
2020-04-22,2.62,2.96,2.96,2.62
2020-04-23,3.09,2.97,3.17,2.83
2020-04-24,2.87,2.75,2.9,2.72
2020-04-27,2.66,2.61,2.79,2.6
2020-04-28,2.51,2.63,2.76,2.51
2020-04-29,2.6,2.5,2.63,2.47
2020-04-30,2.51,2.52,2.57,2.5
2020-05-06,2.48,2.52,2.52,2.46
2020-05-07,2.51,2.46,2.52,2.45
2020-05-08,2.46,2.48,2.51,2.44
2020-05-11,2.46,2.44,2.47,2.4
2020-05-12,2.42,2.39,2.44,2.36
2020-05-13,2.38,2.56,2.63,2.35
2020-05-14,2.5,2.46,2.52,2.45
2020-05-15,2.47,2.41,2.48,2.4
2020-05-18,2.41,2.42,2.48,2.37
2020-05-19,2.42,2.4,2.45,2.39
2020-05-20,2.37,2.37,2.39,2.36
2020-05-21,2.38,2.44,2.48,2.35
2020-05-22,2.41,2.37,2.42,2.36
2020-05-25,2.36,2.32,2.37,2.29
2020-05-26,2.31,2.34,2.34,2.3
2020-05-27,2.32,2.28,2.33,2.27
2020-05-28,2.29,2.29,2.32,2.26
2020-05-29,2.29,2.3,2.3,2.27
2020-06-01,2.29,2.34,2.36,2.28
2020-06-02,2.35,2.52,2.57,2.31
2020-06-03,2.44,2.46,2.51,2.42
2020-06-04,2.45,2.58,2.6,2.44
2020-06-05,2.56,2.54,2.59,2.52
2020-06-08,2.54,2.47,2.56,2.45
2020-06-09,2.5,2.5,2.51,2.43
2020-06-10,2.48,2.45,2.49,2.43
2020-06-11,2.45,2.41,2.46,2.4
2020-06-12,2.35,2.38,2.41,2.33
2020-06-15,2.37,2.39,2.41,2.35
2020-06-16,2.39,2.48,2.54,2.37
2020-06-17,2.49,2.46,2.52,2.42
2020-06-18,2.46,2.49,2.53,2.44
2020-06-19,2.5,2.45,2.5,2.45
2020-06-22,2.5,2.46,2.52,2.45
2020-06-23,2.46,2.42,2.46,2.4
2020-06-24,2.4,2.37,2.41,2.36
2020-06-29,2.36,2.36,2.4,2.33
2020-06-30,2.36,2.39,2.4,2.35
2020-07-01,2.39,2.42,2.42,2.36
2020-07-02,2.4,2.47,2.47,2.38
2020-07-03,2.47,2.49,2.51,2.45
2020-07-06,2.54,2.65,2.65,2.51
2020-07-07,2.68,2.69,2.78,2.66
2020-07-08,2.71,2.84,2.88,2.67
2020-07-09,2.81,2.84,2.89,2.79
2020-07-10,2.87,2.8,2.88,2.8
2020-07-13,2.79,2.87,2.88,2.74
2020-07-14,2.88,2.96,3.09,2.86
2020-07-15,2.99,2.79,3.02,2.78
2020-07-16,2.84,2.71,2.92,2.7
2020-07-17,2.74,2.73,2.84,2.7
2020-07-20,2.75,2.84,2.84,2.71
2020-07-21,2.83,2.82,2.88,2.79
2020-07-22,2.81,2.78,2.82,2.76
2020-07-23,2.73,2.7,2.77,2.61
2020-07-24,2.68,2.62,2.74,2.57
2020-07-27,2.6,2.57,2.62,2.52
2020-07-28,2.57,2.58,2.62,2.55
2020-07-29,2.57,2.63,2.64,2.53
2020-07-30,2.65,2.63,2.65,2.6
2020-07-31,2.62,2.64,2.66,2.6
2020-08-03,2.65,2.74,2.77,2.65
2020-08-04,2.75,2.72,2.78,2.7
2020-08-05,2.71,2.71,2.73,2.66
2020-08-06,2.7,2.68,2.71,2.64
2020-08-07,2.68,2.63,2.69,2.59
2020-08-10,2.61,2.66,2.68,2.61
2020-08-11,2.65,2.6,2.66,2.59
2020-08-12,2.59,2.61,2.62,2.56
2020-08-13,2.6,2.63,2.67,2.6
2020-08-14,2.63,2.71,2.71,2.62
2020-08-17,2.7,2.74,2.74,2.68
2020-08-18,2.73,2.78,2.88,2.72
2020-08-19,2.78,3.03,3.06,2.72
2020-08-20,2.95,2.88,2.96,2.84
2020-08-21,2.89,2.85,2.94,2.8
2020-08-24,2.85,3.14,3.14,2.81
2020-08-25,3.43,3.26,3.45,3.23
2020-08-26,3.12,2.93,3.2,2.93
2020-08-27,2.87,3.08,3.13,2.82
2020-08-28,3.19,3.0,3.2,2.92
2020-08-31,2.94,2.9,2.97,2.9
2020-09-01,2.89,2.86,2.89,2.83
2020-09-02,2.84,2.78,2.85,2.75
2020-09-03,2.76,2.78,2.84,2.73
2020-09-04,2.73,2.8,2.82,2.71
2020-09-07,2.78,2.73,2.81,2.73
2020-09-08,2.71,2.93,3.0,2.69
2020-09-09,2.87,2.92,3.03,2.81
2020-09-10,2.94,2.75,2.95,2.75
2020-09-11,2.71,2.8,2.82,2.71
2020-09-14,2.79,2.78,2.82,2.74
2020-09-15,2.78,2.76,2.78,2.73
2020-09-16,2.74,2.72,2.77,2.72
2020-09-17,2.71,2.66,2.72,2.64
2020-09-18,2.65,2.7,2.7,2.65
2020-09-21,2.7,2.72,2.74,2.69
2020-09-22,2.69,2.67,2.71,2.66
2020-09-23,2.66,2.67,2.7,2.66
2020-09-24,2.67,2.59,2.67,2.58
2020-09-25,2.58,2.57,2.61,2.56
2020-09-28,2.58,2.59,2.6,2.57
2020-09-29,2.6,2.61,2.65,2.58
2020-09-30,2.61,2.59,2.63,2.58
2020-10-09,2.62,2.66,2.66,2.58
2020-10-12,2.65,2.76,2.78,2.64
2020-10-13,2.75,2.71,2.75,2.7
2020-10-14,2.72,2.76,2.76,2.67
2020-10-15,2.79,2.7,2.79,2.69
2020-10-16,2.69,2.71,2.73,2.68
2020-10-19,2.71,2.68,2.73,2.67
2020-10-20,2.66,2.67,2.68,2.62
2020-10-21,2.65,2.64,2.66,2.63
2020-10-22,2.63,2.62,2.64,2.61
2020-10-23,2.62,2.61,2.64,2.6
2020-10-26,2.61,2.6,2.62,2.58
2020-10-27,2.59,2.59,2.6,2.58
2020-10-28,2.59,2.6,2.62,2.56
2020-10-29,2.58,2.6,2.61,2.58
2020-10-30,2.62,2.55,2.62,2.54
2020-11-02,2.49,2.31,2.5,2.3
2020-11-03,2.28,2.32,2.35,2.27
2020-11-04,2.32,2.33,2.34,2.27
2020-11-05,2.38,2.43,2.48,2.36
2020-11-06,2.41,2.37,2.41,2.35
2020-11-09,2.33,2.41,2.43,2.33
2020-11-10,2.38,2.37,2.39,2.36
2020-11-11,2.36,2.46,2.5,2.34
2020-11-12,2.45,2.71,2.71,2.43
2020-11-13,2.74,2.77,2.94,2.73
2020-11-16,2.61,2.8,2.9,2.49
2020-11-17,2.7,2.64,2.74,2.62
2020-11-18,2.65,2.6,2.67,2.56
2020-11-19,2.58,2.53,2.62,2.52
2020-11-20,2.52,2.55,2.56,2.47
2020-11-23,2.53,2.54,2.57,2.51
2020-11-24,2.53,2.51,2.55,2.5
2020-11-25,2.52,2.52,2.59,2.51
2020-11-26,2.51,2.68,2.69,2.49
2020-11-27,2.68,2.6,2.68,2.55
2020-11-30,2.56,2.54,2.58,2.53
2020-12-01,2.53,2.54,2.55,2.5
2020-12-02,2.52,2.53,2.55,2.51
2020-12-03,2.52,2.51,2.53,2.5
2020-12-04,2.5,2.48,2.51,2.44
2020-12-07,2.48,2.45,2.5,2.44
2020-12-08,2.45,2.42,2.45,2.42
2020-12-09,2.42,2.43,2.45,2.42
2020-12-10,2.42,2.4,2.43,2.37
2020-12-11,2.4,2.38,2.42,2.36
2020-12-14,2.38,2.43,2.47,2.35
2020-12-15,2.43,2.67,2.67,2.4
2020-12-16,2.52,2.65,2.85,2.52
2020-12-17,2.61,2.63,2.7,2.51
2020-12-18,2.67,2.6,2.79,2.59
2020-12-21,2.57,2.58,2.61,2.53
2020-12-22,2.58,2.47,2.6,2.45
2020-12-23,2.45,2.58,2.59,2.45
2020-12-24,2.56,2.5,2.64,2.49
2020-12-25,2.5,2.75,2.75,2.49
2020-12-28,2.87,2.92,3.03,2.81
2020-12-29,2.93,2.8,2.93,2.72
2020-12-30,2.78,2.83,2.96,2.75
2020-12-31,2.82,2.8,2.86,2.74
2021-01-04,2.76,2.83,2.87,2.7
2021-01-05,2.8,2.72,2.81,2.68
2021-01-06,2.7,2.83,2.85,2.68
2021-01-07,2.78,2.7,2.81,2.67
2021-01-08,2.7,2.6,2.7,2.56
2021-01-11,2.58,2.56,2.67,2.55
2021-01-12,2.51,2.47,2.52,2.42
2021-01-13,2.46,2.52,2.56,2.43
2021-01-14,2.49,2.49,2.53,2.46
2021-01-15,2.47,2.47,2.51,2.42
2021-01-18,2.48,2.5,2.52,2.45
2021-01-19,2.51,2.53,2.57,2.5
2021-01-20,2.52,2.48,2.54,2.46
2021-01-21,2.47,2.5,2.53,2.46
2021-01-22,2.49,2.47,2.5,2.46
2021-01-25,2.47,2.34,2.47,2.31
2021-01-26,2.32,2.28,2.33,2.25
2021-01-27,2.27,2.32,2.34,2.26
2021-01-28,2.3,2.29,2.32,2.28
2021-01-29,2.28,2.17,2.29,2.1
2021-02-01,2.15,2.13,2.18,2.09
2021-02-02,2.11,2.13,2.15,2.11
2021-02-03,2.14,2.05,2.14,2.03
2021-02-04,2.05,1.97,2.05,1.96
2021-02-05,1.97,1.97,2.04,1.97
2021-02-08,1.99,1.97,1.99,1.95
2021-02-09,1.98,2.01,2.02,1.95
2021-02-10,2.0,2.04,2.05,2.0
2021-02-18,2.06,2.12,2.13,2.06
2021-02-19,2.12,2.18,2.2,2.1
2021-02-22,2.19,2.21,2.31,2.19
2021-02-23,2.22,2.19,2.26,2.19
2021-02-24,2.18,2.18,2.21,2.15
2021-02-25,2.2,2.18,2.22,2.17
2021-02-26,2.17,2.19,2.19,2.14
2021-03-01,2.18,2.2,2.21,2.17
2021-03-02,2.21,2.25,2.31,2.2
2021-03-03,2.23,2.28,2.29,2.22
2021-03-04,2.28,2.3,2.33,2.27
2021-03-05,2.31,2.31,2.33,2.27
2021-03-08,2.31,2.35,2.43,2.28
2021-03-09,2.32,2.3,2.33,2.19
2021-03-10,2.31,2.3,2.4,2.27
2021-03-11,2.3,2.36,2.36,2.29
2021-03-12,2.36,2.47,2.6,2.34
2021-03-15,2.41,2.52,2.57,2.39
2021-03-16,2.49,2.56,2.57,2.46
2021-03-17,2.55,2.44,2.56,2.41
2021-03-18,2.45,2.46,2.52,2.42
2021-03-19,2.49,2.71,2.71,2.43
2021-03-22,2.97,2.98,2.98,2.86
2021-03-23,3.28,3.16,3.28,3.0
2021-03-24,2.92,2.88,3.08,2.84
2021-03-25,2.76,2.59,2.79,2.59
2021-03-26,2.55,2.63,2.68,2.55
2021-03-29,2.6,2.73,2.75,2.58
2021-03-30,2.67,2.63,2.67,2.55
2021-03-31,2.6,2.63,2.72,2.56
2021-04-01,2.61,2.71,2.74,2.55
2021-04-02,2.68,2.62,2.69,2.6
2021-04-06,2.62,2.63,2.68,2.58
2021-04-07,2.65,2.89,2.89,2.61
2021-04-08,2.85,2.72,2.86,2.7
2021-04-09,2.68,2.73,2.87,2.68
2021-04-12,2.73,2.74,2.81,2.64
2021-04-13,2.69,2.58,2.69,2.58
2021-04-14,2.59,2.6,2.61,2.53
2021-04-15,2.59,2.55,2.6,2.53
2021-04-16,2.55,2.57,2.59,2.55
2021-04-19,2.59,2.61,2.63,2.57
2021-04-20,2.61,2.61,2.68,2.58
2021-04-21,2.59,2.54,2.59,2.53
2021-04-22,2.55,2.52,2.58,2.51
2021-04-23,2.53,2.51,2.54,2.46
2021-04-26,2.48,2.45,2.49,2.45
2021-04-27,2.44,2.38,2.45,2.35
2021-04-28,2.37,2.4,2.43,2.37
2021-04-29,2.39,2.4,2.43,2.36
2021-04-30,2.4,2.37,2.41,2.35
2021-05-06,2.39,2.41,2.43,2.37
2021-05-07,2.42,2.44,2.47,2.4
2021-05-10,2.44,2.48,2.48,2.4
2021-05-11,2.46,2.5,2.55,2.46
2021-05-12,2.49,2.51,2.52,2.46
2021-05-13,2.49,2.47,2.53,2.46
2021-05-14,2.46,2.52,2.56,2.46
2021-05-17,2.54,2.54,2.59,2.53
2021-05-18,2.52,2.54,2.55,2.47
2021-05-19,2.53,2.62,2.67,2.52
2021-05-20,2.64,2.58,2.67,2.58
2021-05-21,2.58,2.66,2.69,2.57
2021-05-24,2.66,2.63,2.74,2.63
2021-05-25,2.61,2.62,2.67,2.57
2021-05-26,2.6,2.62,2.67,2.6
2021-05-27,2.64,2.59,2.65,2.58
2021-05-28,2.59,2.56,2.63,2.55
2021-05-31,2.56,2.55,2.57,2.52
2021-06-01,2.54,2.56,2.59,2.49
2021-06-02,2.57,2.57,2.61,2.55
2021-06-03,2.57,2.54,2.59,2.54
2021-06-04,2.55,2.49,2.55,2.48
2021-06-07,2.48,2.49,2.51,2.48
2021-06-08,2.49,2.47,2.51,2.47
2021-06-09,2.47,2.44,2.48,2.44
2021-06-10,2.44,2.45,2.46,2.44
2021-06-11,2.45,2.49,2.52,2.44
2021-06-15,2.5,2.48,2.54,2.47
2021-06-16,2.47,2.46,2.51,2.43
2021-06-17,2.46,2.49,2.49,2.45
2021-06-18,2.49,2.51,2.52,2.47
2021-06-21,2.51,2.51,2.52,2.49
2021-06-22,2.51,2.51,2.52,2.49
2021-06-23,2.5,2.52,2.55,2.5
2021-06-24,2.52,2.52,2.56,2.49
2021-06-25,2.51,2.5,2.52,2.48
2021-06-28,2.53,2.57,2.66,2.53
2021-06-29,2.55,2.49,2.56,2.48
2021-06-30,2.48,2.48,2.51,2.45
2021-07-01,2.48,2.43,2.49,2.42
2021-07-02,2.43,2.4,2.43,2.4
2021-07-05,2.36,2.31,2.36,2.25
2021-07-06,2.31,2.31,2.34,2.28
2021-07-07,2.31,2.28,2.33,2.27
2021-07-08,2.28,2.27,2.31,2.25
2021-07-09,2.26,2.31,2.33,2.21
2021-07-12,2.32,2.31,2.35,2.31
2021-07-13,2.31,2.34,2.34,2.28
2021-07-14,2.33,2.31,2.37,2.31
2021-07-15,2.31,2.29,2.32,2.28
2021-07-16,2.28,2.29,2.31,2.28
2021-07-19,2.28,2.26,2.29,2.24
2021-07-20,2.24,2.25,2.25,2.21
2021-07-21,2.25,2.24,2.28,2.23
2021-07-22,2.24,2.25,2.26,2.23
2021-07-23,2.24,2.22,2.25,2.21
2021-07-26,2.22,2.18,2.22,2.16
2021-07-27,2.17,2.15,2.2,2.15
2021-07-28,2.16,2.08,2.16,2.05
2021-07-29,2.08,2.13,2.13,2.08
2021-07-30,2.13,2.22,2.23,2.11
2021-08-02,2.23,2.23,2.24,2.18
2021-08-03,2.22,2.22,2.24,2.21
2021-08-04,2.22,2.23,2.25,2.21
2021-08-05,2.21,2.18,2.23,2.17
2021-08-06,2.18,2.17,2.2,2.15
2021-08-09,2.17,2.24,2.25,2.16
2021-08-10,2.25,2.24,2.26,2.22
2021-08-11,2.24,2.27,2.28,2.22
2021-08-12,2.27,2.29,2.32,2.26
2021-08-13,2.29,2.29,2.31,2.27
2021-08-16,2.28,2.29,2.33,2.28
2021-08-17,2.29,2.24,2.31,2.22
2021-08-18,2.22,2.3,2.3,2.21
2021-08-19,2.3,2.28,2.3,2.25
2021-08-20,2.27,2.24,2.27,2.19
2021-08-23,2.23,2.3,2.31,2.21
2021-08-24,2.33,2.29,2.34,2.28
2021-08-25,2.29,2.32,2.33,2.28
2021-08-26,2.32,2.35,2.36,2.3
2021-08-27,2.32,2.29,2.34,2.27
2021-08-30,2.28,2.26,2.29,2.26
2021-08-31,2.27,2.27,2.3,2.24
2021-09-01,2.27,2.31,2.35,2.27
2021-09-02,2.31,2.41,2.42,2.28
2021-09-03,2.4,2.47,2.55,2.38
2021-09-06,2.48,2.55,2.63,2.48
2021-09-07,2.56,2.53,2.58,2.49
2021-09-08,2.53,2.66,2.72,2.52
2021-09-09,2.64,2.63,2.67,2.56
2021-09-10,2.63,2.55,2.66,2.55
2021-09-13,2.55,2.63,2.64,2.54
2021-09-14,2.66,2.53,2.66,2.52
2021-09-15,2.54,2.59,2.6,2.5
2021-09-16,2.6,2.54,2.62,2.5
2021-09-17,2.53,2.6,2.65,2.52
2021-09-22,2.57,2.86,2.86,2.56
2021-09-23,3.05,2.77,3.06,2.7
2021-09-24,2.79,2.72,2.84,2.7
2021-09-27,2.79,2.6,2.9,2.57
2021-09-28,2.59,2.86,2.86,2.58
2021-09-29,2.9,2.8,3.0,2.74
2021-09-30,2.8,2.9,2.94,2.76
2021-10-08,2.89,2.8,2.89,2.7
2021-10-11,2.86,2.82,2.98,2.7
2021-10-12,2.71,2.73,2.82,2.65
2021-10-13,2.71,2.46,2.71,2.46
2021-10-14,2.42,2.43,2.48,2.41
2021-10-15,2.42,2.41,2.45,2.34
2021-10-18,2.4,2.52,2.54,2.37
2021-10-19,2.5,2.5,2.57,2.49
2021-10-20,2.46,2.75,2.75,2.45
2021-10-21,2.72,2.68,2.79,2.68
2021-10-22,2.75,2.53,2.76,2.51
2021-10-25,2.59,2.51,2.62,2.47
2021-10-26,2.5,2.46,2.6,2.44
2021-10-27,2.45,2.51,2.53,2.39
2021-10-28,2.57,2.6,2.76,2.43
2021-10-29,2.5,2.43,2.54,2.34
2021-11-01,2.38,2.61,2.67,2.34
2021-11-02,2.6,2.52,2.61,2.48
2021-11-03,2.53,2.45,2.54,2.43
2021-11-04,2.46,2.5,2.51,2.44
2021-11-05,2.49,2.39,2.49,2.36
2021-11-08,2.38,2.36,2.39,2.33
2021-11-09,2.38,2.39,2.45,2.38
2021-11-10,2.37,2.4,2.41,2.32
2021-11-11,2.39,2.39,2.4,2.36
2021-11-12,2.39,2.4,2.42,2.37
2021-11-15,2.4,2.41,2.42,2.38
2021-11-16,2.39,2.36,2.41,2.36
2021-11-17,2.36,2.39,2.39,2.36
2021-11-18,2.39,2.4,2.42,2.37
2021-11-19,2.4,2.41,2.41,2.34
2021-11-22,2.4,2.39,2.41,2.37
2021-11-23,2.38,2.39,2.39,2.37
2021-11-24,2.39,2.42,2.44,2.36
2021-11-25,2.41,2.43,2.48,2.41
2021-11-26,2.41,2.37,2.42,2.37
2021-11-29,2.33,2.38,2.39,2.31
2021-11-30,2.38,2.39,2.41,2.36
2021-12-01,2.38,2.43,2.44,2.37
2021-12-02,2.42,2.39,2.43,2.39
2021-12-03,2.4,2.43,2.45,2.39
2021-12-06,2.43,2.43,2.48,2.41
2021-12-07,2.43,2.47,2.48,2.41
2021-12-08,2.47,2.5,2.51,2.44
2021-12-09,2.49,2.58,2.6,2.47
2021-12-10,2.57,2.59,2.72,2.53
2021-12-13,2.57,2.85,2.85,2.57
2021-12-14,3.14,3.14,3.14,3.08
2021-12-15,3.45,3.45,3.45,3.45
2021-12-16,3.8,3.8,3.8,3.8
2021-12-17,4.18,4.18,4.18,4.01
2021-12-20,4.56,4.6,4.6,4.43
2021-12-21,4.65,5.06,5.06,4.17
2021-12-22,4.71,4.55,4.96,4.55
2021-12-23,4.1,4.35,4.76,4.1
2021-12-24,4.32,3.92,4.54,3.92
2021-12-27,3.7,3.57,3.82,3.53
2021-12-28,3.55,3.47,3.62,3.43
2021-12-29,3.47,3.53,3.58,3.39
2021-12-30,3.48,3.58,3.85,3.39
2021-12-31,3.49,3.41,3.61,3.4
2022-01-04,3.36,3.35,3.38,3.24
2022-01-05,3.35,3.53,3.55,3.27
2022-01-06,3.2,3.3,3.41,3.2
2022-01-07,3.24,3.1,3.27,3.08
2022-01-10,3.15,3.15,3.17,3.07
2022-01-11,3.13,3.16,3.23,3.1
2022-01-12,3.15,3.19,3.22,3.12
2022-01-13,3.16,3.19,3.21,3.08
2022-01-14,3.15,3.11,3.21,3.09
2022-01-17,3.1,3.08,3.13,3.03
2022-01-18,3.07,3.1,3.18,3.05
2022-01-19,3.05,3.02,3.08,2.97
2022-01-20,3.05,3.24,3.32,2.92
2022-01-21,3.12,3.06,3.17,2.98
2022-01-24,2.98,3.06,3.06,2.93
2022-01-25,3.02,2.8,3.04,2.8
2022-01-26,2.9,2.88,3.08,2.73
2022-01-27,2.84,2.71,2.86,2.68
2022-01-28,2.73,2.98,2.98,2.72
2022-02-07,3.0,2.97,3.07,2.93
2022-02-08,2.92,3.03,3.03,2.9
2022-02-09,3.01,3.14,3.18,2.96
2022-02-10,3.07,3.09,3.14,3.05
2022-02-11,3.08,2.96,3.09,2.96
2022-02-14,2.94,2.91,2.99,2.88
2022-02-15,2.93,2.87,2.93,2.83
2022-02-16,2.89,2.9,2.93,2.87
2022-02-17,2.91,2.87,2.93,2.85
2022-02-18,2.85,2.91,2.91,2.84
2022-02-21,2.91,2.94,2.94,2.85
2022-02-22,2.92,2.87,2.95,2.85
2022-02-23,2.9,2.9,2.92,2.84
2022-02-24,2.89,3.19,3.19,2.88
2022-02-25,3.21,3.51,3.51,3.08
2022-02-28,3.65,3.52,3.8,3.4
2022-03-01,3.39,3.32,3.46,3.25
2022-03-02,3.28,3.3,3.36,3.22
2022-03-03,3.3,3.26,3.39,3.23
2022-03-04,3.24,3.43,3.59,3.15
2022-03-07,3.25,3.3,3.44,3.23
2022-03-08,3.26,3.05,3.28,3.04
2022-03-09,3.1,3.36,3.36,3.1
2022-03-10,3.7,3.7,3.7,3.44
2022-03-11,3.6,3.7,3.95,3.45
2022-03-14,3.57,3.41,3.67,3.4
2022-03-15,3.34,3.75,3.75,3.32
2022-03-16,3.75,4.13,4.13,3.68
2022-03-17,3.93,3.99,4.38,3.86
2022-03-18,3.88,4.04,4.21,3.77
2022-03-21,3.96,4.06,4.2,3.9
2022-03-22,3.99,3.87,4.0,3.85
2022-03-23,3.94,3.96,4.18,3.86
2022-03-24,3.78,3.72,3.86,3.7
2022-03-25,3.68,3.51,3.69,3.5
2022-03-28,3.44,3.74,3.8,3.42
2022-03-29,3.74,3.61,3.74,3.53
2022-03-30,3.61,3.57,3.65,3.51
2022-03-31,3.55,3.44,3.59,3.4
2022-04-01,3.44,3.55,3.58,3.37
2022-04-06,3.48,3.51,3.55,3.42
2022-04-07,3.46,3.33,3.49,3.32
2022-04-08,3.33,3.22,3.37,3.18
2022-04-11,3.23,3.09,3.25,3.05
2022-04-12,3.08,3.14,3.16,3.05
2022-04-13,3.14,3.11,3.26,3.05
2022-04-14,3.11,3.2,3.24,3.1
2022-04-15,3.17,3.22,3.32,3.09
2022-04-18,3.15,3.17,3.24,3.06
2022-04-19,3.15,3.21,3.28,3.12
2022-04-20,3.21,3.41,3.53,3.15
2022-04-21,3.31,3.11,3.34,3.1
2022-04-22,3.0,3.2,3.29,2.89
2022-04-25,3.09,2.91,3.19,2.9
2022-04-26,2.88,2.62,2.96,2.62
2022-04-27,2.51,2.8,2.87,2.44
2022-04-28,2.73,2.67,2.8,2.65
2022-04-29,2.75,2.76,2.8,2.71
2022-05-05,2.77,2.82,2.93,2.76
2022-05-06,2.76,2.73,2.81,2.72
2022-05-09,2.76,2.79,2.81,2.73
2022-05-10,2.76,2.88,2.93,2.72
2022-05-11,2.88,3.17,3.17,2.86
2022-05-12,3.3,3.34,3.49,3.2
2022-05-13,3.2,3.15,3.32,3.11
2022-05-16,3.16,3.11,3.19,3.09
2022-05-17,3.12,3.08,3.15,3.02
2022-05-18,3.1,3.13,3.25,3.06
2022-05-19,3.07,3.17,3.24,3.03
2022-05-20,3.19,3.13,3.21,3.12
2022-05-23,3.14,3.13,3.14,3.09
2022-05-24,3.13,2.96,3.18,2.96
2022-05-25,2.92,3.08,3.1,2.92
2022-05-26,3.07,3.07,3.11,3.01
2022-05-27,3.08,3.05,3.08,3.0
2022-05-30,3.07,3.22,3.33,3.04
2022-05-31,3.22,3.19,3.25,3.14
2022-06-01,3.16,3.17,3.19,3.1
2022-06-02,3.16,3.11,3.19,3.1
2022-06-06,3.1,3.1,3.12,3.06
2022-06-07,3.1,3.08,3.15,3.03
2022-06-08,3.09,3.18,3.27,3.08
2022-06-09,3.16,3.06,3.22,3.06
2022-06-10,3.01,3.1,3.18,3.0
2022-06-13,3.06,3.05,3.1,3.02
2022-06-14,3.04,3.08,3.08,2.96
2022-06-15,3.08,3.04,3.08,3.03
2022-06-16,3.02,3.05,3.06,3.01
2022-06-17,3.01,3.04,3.07,3.01
2022-06-20,3.04,3.11,3.13,3.02
2022-06-21,3.16,3.42,3.42,3.16
2022-06-22,3.33,3.31,3.57,3.26
2022-06-23,3.3,3.26,3.32,3.18
2022-06-24,3.28,3.23,3.28,3.18
2022-06-27,3.25,3.24,3.29,3.18
2022-06-28,3.29,3.25,3.33,3.23
2022-06-29,3.21,3.17,3.24,3.16
2022-06-30,3.17,3.2,3.24,3.11
2022-07-01,3.18,3.28,3.51,3.18
2022-07-04,3.22,3.35,3.42,3.15
2022-07-05,3.31,3.4,3.45,3.26
2022-07-06,3.46,3.31,3.5,3.28
2022-07-07,3.35,3.34,3.45,3.27
2022-07-08,3.31,3.31,3.36,3.27
2022-07-11,3.3,3.34,3.46,3.3
2022-07-12,3.36,3.23,3.45,3.23
2022-07-13,3.16,3.28,3.31,3.11
2022-07-14,3.29,3.16,3.29,3.13
2022-07-15,3.09,2.98,3.1,2.98
2022-07-18,2.98,3.1,3.11,2.97
2022-07-19,3.12,3.07,3.12,3.03
2022-07-20,3.05,3.08,3.08,3.04
2022-07-21,3.05,3.04,3.07,3.03
2022-07-22,3.02,3.05,3.08,3.02
2022-07-25,3.06,3.0,3.06,2.98
2022-07-26,3.0,3.03,3.03,2.98
2022-07-27,3.03,3.02,3.03,3.0
2022-07-28,3.02,3.01,3.04,2.99
2022-07-29,3.0,3.01,3.09,2.99
2022-08-01,2.99,2.98,2.99,2.93
2022-08-02,2.98,2.83,2.98,2.76
2022-08-03,2.8,2.79,2.87,2.78
2022-08-04,2.79,2.83,2.83,2.77
2022-08-05,2.83,2.85,2.87,2.79
2022-08-08,2.85,2.89,2.91,2.81
2022-08-09,2.89,2.88,2.91,2.86
2022-08-10,2.86,2.87,2.89,2.84
2022-08-11,2.84,2.89,2.9,2.84
2022-08-12,2.9,3.18,3.18,2.88
2022-08-15,3.26,3.19,3.32,3.11
2022-08-16,3.18,3.15,3.23,3.11
2022-08-17,3.18,3.2,3.28,3.16
2022-08-18,3.2,3.13,3.25,3.12
2022-08-19,3.16,3.23,3.34,3.11
2022-08-22,3.26,3.18,3.27,3.15
2022-08-23,3.13,3.19,3.2,3.1
2022-08-24,3.16,3.08,3.2,3.07
2022-08-25,3.09,3.1,3.15,3.04
2022-08-26,3.09,3.08,3.15,3.05
2022-08-29,3.04,3.09,3.1,3.01
2022-08-30,3.12,3.05,3.15,3.02
2022-08-31,3.04,2.96,3.05,2.93
2022-09-01,2.96,2.89,2.96,2.89
2022-09-02,2.88,2.96,2.99,2.88
2022-09-05,2.95,3.02,3.02,2.95
2022-09-06,3.02,3.08,3.09,2.98
2022-09-07,3.09,3.18,3.19,3.06
2022-09-08,3.18,3.15,3.28,3.13
2022-09-09,3.17,3.13,3.17,3.08
2022-09-13,3.14,3.05,3.15,3.04
2022-09-14,3.03,2.99,3.05,2.98
2022-09-15,3.02,2.95,3.04,2.92
2022-09-16,2.93,2.87,2.95,2.87
2022-09-19,2.87,2.81,2.88,2.79
2022-09-20,2.83,2.88,2.88,2.82
2022-09-21,2.87,2.91,2.92,2.81
2022-09-22,2.9,2.89,2.92,2.87
2022-09-23,2.87,2.84,2.9,2.83
2022-09-26,2.8,2.78,2.83,2.77
2022-09-27,2.78,2.85,2.85,2.78
2022-09-28,2.84,2.78,2.85,2.78
2022-09-29,2.8,2.7,2.81,2.67
2022-09-30,2.69,2.71,2.73,2.67
2022-10-10,2.72,2.65,2.74,2.62
2022-10-11,2.63,2.72,2.72,2.59
2022-10-12,2.72,2.75,2.75,2.66
2022-10-13,2.75,2.83,2.85,2.74
2022-10-14,2.84,2.84,2.89,2.83
2022-10-17,2.8,2.85,2.86,2.78
2022-10-18,2.85,2.83,2.87,2.81
2022-10-19,2.82,2.78,2.82,2.77
2022-10-20,2.78,2.77,2.8,2.76
2022-10-21,2.79,2.8,2.84,2.78
2022-10-24,2.8,2.72,2.81,2.69
2022-10-25,2.72,2.7,2.72,2.65
2022-10-26,2.71,2.72,2.75,2.7
2022-10-27,2.72,2.69,2.73,2.69
2022-10-28,2.68,2.64,2.82,2.6
2022-10-31,2.6,2.58,2.62,2.56
2022-11-01,2.58,2.63,2.63,2.57
2022-11-02,2.63,2.64,2.64,2.61
2022-11-03,2.61,2.63,2.64,2.6
2022-11-04,2.64,2.67,2.68,2.63
2022-11-07,2.7,2.73,2.75,2.69
2022-11-08,2.73,2.72,2.77,2.71
2022-11-09,2.74,2.75,2.77,2.72
2022-11-10,2.78,2.76,2.79,2.74
2022-11-11,2.78,2.77,2.8,2.75
2022-11-14,2.76,2.73,2.78,2.73
2022-11-15,2.73,2.79,2.79,2.73
2022-11-16,2.79,2.8,2.85,2.78
2022-11-17,2.81,2.79,2.81,2.77
2022-11-18,2.78,2.76,2.81,2.76
2022-11-21,2.79,2.74,2.8,2.73
2022-11-22,2.72,2.73,2.76,2.71
2022-11-23,2.72,2.85,2.85,2.7
2022-11-24,2.8,2.77,2.82,2.76
2022-11-25,2.75,2.79,2.83,2.75
2022-11-28,2.76,2.83,2.84,2.72
2022-11-29,2.86,2.83,2.88,2.79
2022-11-30,2.84,2.86,2.92,2.82
2022-12-01,2.88,2.85,2.88,2.84
2022-12-02,2.83,2.86,2.86,2.83
2022-12-05,2.88,2.89,2.9,2.85
2022-12-06,2.9,2.85,2.9,2.81
2022-12-07,2.85,2.83,2.85,2.81
2022-12-08,2.83,2.81,2.84,2.8
2022-12-09,2.81,2.79,2.83,2.78
2022-12-12,2.8,2.76,2.8,2.75
2022-12-13,2.75,2.77,2.79,2.74
2022-12-14,2.77,2.77,2.79,2.75
2022-12-15,2.77,2.73,2.77,2.71
2022-12-16,2.72,2.72,2.76,2.7
2022-12-19,2.7,2.64,2.74,2.63
2022-12-20,2.64,2.67,2.68,2.61
2022-12-21,2.66,2.66,2.67,2.63
2022-12-22,2.66,2.61,2.67,2.6
2022-12-23,2.61,2.59,2.61,2.57
2022-12-26,2.59,2.64,2.64,2.58
2022-12-27,2.65,2.65,2.66,2.63
2022-12-28,2.64,2.92,2.92,2.62
2022-12-29,3.07,2.83,3.07,2.81
2022-12-30,2.85,2.89,2.95,2.8
2023-01-03,2.88,2.89,2.93,2.83
2023-01-04,2.88,2.9,2.91,2.85
2023-01-05,2.89,2.86,2.91,2.84
2023-01-06,2.87,2.82,2.9,2.82
2023-01-09,2.82,2.8,2.86,2.8
2023-01-10,2.81,2.78,2.81,2.77
2023-01-11,2.77,2.73,2.8,2.71
2023-01-12,2.73,2.69,2.73,2.67
2023-01-13,2.7,2.7,2.71,2.67
2023-01-16,2.72,2.73,2.74,2.68
2023-01-17,2.73,2.69,2.73,2.67
2023-01-18,2.69,2.7,2.72,2.68
2023-01-19,2.69,2.7,2.7,2.67
2023-01-20,2.7,2.74,2.74,2.69
2023-01-30,2.76,2.75,2.76,2.74
2023-01-31,2.69,2.7,2.7,2.48
2023-02-01,2.71,2.7,2.72,2.65
2023-02-02,2.7,2.69,2.7,2.66
2023-02-03,2.69,2.68,2.69,2.66
2023-02-06,2.68,2.67,2.7,2.66
2023-02-07,2.68,2.68,2.68,2.66
2023-02-08,2.68,2.65,2.69,2.65
2023-02-09,2.65,2.64,2.66,2.61
2023-02-10,2.63,2.68,2.68,2.61
2023-02-13,2.68,2.69,2.71,2.66
2023-02-14,2.69,2.69,2.7,2.67
2023-02-15,2.7,2.66,2.7,2.66
2023-02-16,2.66,2.6,2.68,2.58
2023-02-17,2.6,2.61,2.63,2.6
2023-02-20,2.61,2.62,2.62,2.6
2023-02-21,2.61,2.63,2.64,2.6
2023-02-22,2.63,2.63,2.64,2.6
2023-02-23,2.63,2.61,2.63,2.6
2023-02-24,2.6,2.61,2.61,2.58
2023-02-27,2.6,2.53,2.6,2.52
2023-02-28,2.54,2.53,2.54,2.5
2023-03-01,2.53,2.52,2.53,2.51
2023-03-02,2.53,2.55,2.59,2.52
2023-03-03,2.55,2.59,2.59,2.54
2023-03-06,2.59,2.56,2.59,2.55
2023-03-07,2.58,2.58,2.59,2.56
2023-03-08,2.57,2.56,2.58,2.53
2023-03-09,2.56,2.55,2.56,2.52
2023-03-10,2.55,2.53,2.55,2.52
2023-03-13,2.52,2.51,2.53,2.48
2023-03-14,2.51,2.48,2.52,2.45
2023-03-15,2.52,2.59,2.59,2.5
2023-03-16,2.58,2.52,2.58,2.52
2023-03-17,2.53,2.52,2.56,2.51
2023-03-20,2.53,2.59,2.7,2.5
2023-03-21,2.55,2.56,2.57,2.52
2023-03-22,2.54,2.53,2.56,2.51
2023-03-23,2.54,2.52,2.54,2.51
2023-03-24,2.52,2.51,2.53,2.5
2023-03-27,2.5,2.5,2.51,2.48
2023-03-28,2.5,2.48,2.5,2.48
2023-03-29,2.48,2.47,2.49,2.46
2023-03-30,2.47,2.47,2.47,2.45
2023-03-31,2.42,2.34,2.44,2.26
2023-04-03,2.31,2.33,2.33,2.27
2023-04-04,2.34,2.28,2.34,2.28
2023-04-06,2.28,2.28,2.29,2.26
2023-04-07,2.28,2.28,2.3,2.27
2023-04-10,2.28,2.33,2.4,2.26
2023-04-11,2.32,2.29,2.33,2.27
2023-04-12,2.31,2.31,2.33,2.28
2023-04-13,2.32,2.34,2.37,2.31
2023-04-14,2.34,2.35,2.35,2.3
2023-04-17,2.34,2.33,2.36,2.31
2023-04-18,2.33,2.31,2.33,2.29
2023-04-19,2.3,2.28,2.3,2.26
2023-04-20,2.28,2.21,2.28,2.2
2023-04-24,2.1,2.1,2.1,2.1
2023-04-25,2.0,2.0,2.0,2.0
2023-04-26,1.9,1.95,2.0,1.9
2023-04-27,1.95,2.05,2.05,1.95
2023-04-28,2.11,2.12,2.15,2.03
2023-05-04,2.12,2.12,2.18,2.07
2023-05-05,2.11,2.12,2.15,2.07
2023-05-08,2.12,2.11,2.17,2.1
2023-05-09,2.1,2.08,2.11,2.05
2023-05-10,2.08,2.15,2.18,2.08
2023-05-11,2.13,2.21,2.25,2.13
2023-05-12,2.21,2.23,2.25,2.19
2023-05-15,2.28,2.32,2.34,2.26
2023-05-16,2.29,2.29,2.35,2.26
2023-05-17,2.29,2.27,2.3,2.22
2023-05-18,2.27,2.25,2.28,2.24
2023-05-19,2.24,2.3,2.32,2.22
2023-05-22,2.28,2.29,2.35,2.28
2023-05-23,2.29,2.3,2.34,2.26
2023-05-24,2.29,2.31,2.32,2.29
2023-05-25,2.3,2.37,2.38,2.3
2023-05-26,2.36,2.25,2.37,2.25
2023-05-29,2.2,2.24,2.27,2.2
2023-05-30,2.25,2.27,2.28,2.22
2023-05-31,2.26,2.33,2.35,2.25
2023-06-01,2.32,2.31,2.35,2.28
2023-06-02,2.31,2.33,2.33,2.3
2023-06-05,2.32,2.32,2.35,2.3
2023-06-06,2.31,2.29,2.34,2.27
2023-06-07,2.27,2.31,2.32,2.26
2023-06-08,2.3,2.27,2.31,2.27
2023-06-09,2.27,2.29,2.29,2.27
2023-06-12,2.29,2.31,2.31,2.28
2023-06-13,2.31,2.36,2.39,2.29
2023-06-14,2.37,2.38,2.42,2.36
2023-06-15,2.36,2.44,2.48,2.35
2023-06-16,2.45,2.45,2.47,2.42
2023-06-19,2.44,2.41,2.5,2.4
2023-06-20,2.39,2.38,2.4,2.33
2023-06-21,2.37,2.42,2.42,2.36
2023-06-26,2.4,2.44,2.49,2.39
2023-06-27,2.43,2.46,2.47,2.41
2023-06-28,2.49,2.47,2.52,2.43
2023-06-29,2.45,2.46,2.49,2.44
2023-06-30,2.45,2.45,2.47,2.43
2023-07-03,2.44,2.43,2.45,2.43
2023-07-04,2.44,2.41,2.44,2.36
2023-07-05,2.39,2.44,2.45,2.39
2023-07-06,2.44,2.43,2.45,2.41
2023-07-07,2.41,2.44,2.45,2.41
2023-07-10,2.45,2.44,2.49,2.43
2023-07-11,2.44,2.45,2.46,2.42
2023-07-12,2.44,2.42,2.44,2.39
2023-07-13,2.41,2.41,2.43,2.4
2023-07-14,2.4,2.4,2.42,2.39
2023-07-17,2.35,2.36,2.39,2.35
2023-07-18,2.36,2.39,2.4,2.36
2023-07-19,2.39,2.4,2.41,2.39
2023-07-20,2.41,2.37,2.41,2.36
2023-07-21,2.37,2.4,2.4,2.37
2023-07-24,2.4,2.41,2.43,2.39
2023-07-25,2.4,2.43,2.43,2.4
2023-07-26,2.44,2.43,2.47,2.41
2023-07-27,2.43,2.4,2.43,2.4
2023-07-28,2.4,2.41,2.41,2.39
2023-07-31,2.41,2.44,2.45,2.4
2023-08-01,2.44,2.53,2.55,2.44
2023-08-02,2.52,2.53,2.57,2.5
2023-08-03,2.52,2.54,2.56,2.52
2023-08-04,2.54,2.55,2.56,2.52
2023-08-07,2.55,2.56,2.57,2.54
2023-08-08,2.57,2.57,2.58,2.54
2023-08-09,2.56,2.55,2.56,2.53
2023-08-10,2.54,2.54,2.57,2.53
2023-08-11,2.53,2.5,2.55,2.48
2023-08-14,2.49,2.52,2.52,2.47
2023-08-15,2.51,2.51,2.53,2.48
2023-08-16,2.49,2.53,2.53,2.49
2023-08-17,2.53,2.57,2.58,2.51
2023-08-18,2.55,2.56,2.57,2.52
2023-08-21,2.55,2.5,2.57,2.5
2023-08-22,2.51,2.48,2.53,2.39
2023-08-23,2.47,2.4,2.48,2.4
2023-08-24,2.41,2.44,2.45,2.36
2023-08-25,2.42,2.4,2.44,2.38
2023-08-28,2.46,2.43,2.51,2.41
2023-08-29,2.41,2.49,2.49,2.41
2023-08-30,2.48,2.51,2.51,2.48
2023-08-31,2.5,2.52,2.54,2.47
2023-09-01,2.52,2.52,2.52,2.48
2023-09-04,2.53,2.52,2.54,2.5
2023-09-05,2.51,2.5,2.52,2.49
2023-09-06,2.49,2.5,2.5,2.48
2023-09-07,2.5,2.5,2.52,2.49
2023-09-08,2.49,2.46,2.5,2.44
2023-09-11,2.46,2.48,2.51,2.45
2023-09-12,2.47,2.48,2.5,2.47
2023-09-13,2.48,2.48,2.49,2.46
2023-09-14,2.47,2.51,2.51,2.47
2023-09-15,2.51,2.51,2.53,2.49
2023-09-18,2.5,2.52,2.54,2.5
2023-09-19,2.52,2.54,2.54,2.51
2023-09-20,2.53,2.58,2.62,2.53
2023-09-21,2.59,2.58,2.6,2.57
2023-09-22,2.58,2.57,2.59,2.55
2023-09-25,2.57,2.55,2.59,2.52
2023-09-26,2.54,2.53,2.54,2.51
2023-09-27,2.52,2.56,2.57,2.52
2023-09-28,2.55,2.61,2.61,2.55
2023-10-09,2.6,2.59,2.64,2.58
2023-10-10,2.6,2.62,2.65,2.59
2023-10-11,2.61,2.61,2.64,2.61
2023-10-12,2.61,2.64,2.64,2.59
2023-10-13,2.77,2.57,2.77,2.56
2023-10-16,2.51,2.53,2.56,2.48
2023-10-17,2.53,2.57,2.58,2.53
2023-10-18,2.56,2.51,2.57,2.5
2023-10-19,2.51,2.5,2.53,2.48
2023-10-20,2.49,2.52,2.52,2.47
2023-10-23,2.52,2.41,2.52,2.39
2023-10-24,2.4,2.48,2.53,2.39
2023-10-25,2.49,2.54,2.56,2.49
2023-10-26,2.54,2.57,2.59,2.52
2023-10-27,2.59,2.57,2.64,2.55
2023-10-30,2.59,2.59,2.63,2.57
2023-10-31,2.61,2.58,2.61,2.56
2023-11-01,2.57,2.54,2.58,2.53
2023-11-02,2.54,2.54,2.57,2.53
2023-11-03,2.54,2.54,2.56,2.52
2023-11-06,2.55,2.57,2.57,2.53
2023-11-07,2.57,2.55,2.57,2.54
2023-11-08,2.55,2.54,2.56,2.51
2023-11-09,2.53,2.5,2.54,2.5
2023-11-10,2.5,2.51,2.51,2.48
2023-11-13,2.52,2.54,2.56,2.51
2023-11-14,2.54,2.56,2.56,2.53
2023-11-15,2.55,2.56,2.57,2.54
2023-11-16,2.55,2.54,2.56,2.54
2023-11-17,2.54,2.53,2.54,2.52
2023-11-20,2.52,2.55,2.55,2.51
2023-11-21,2.55,2.55,2.56,2.53
2023-11-22,2.55,2.56,2.57,2.54
2023-11-23,2.56,2.6,2.63,2.55
2023-11-24,2.6,2.58,2.6,2.56
2023-11-27,2.57,2.61,2.61,2.55
2023-11-28,2.61,2.62,2.63,2.59
2023-11-29,2.63,2.6,2.65,2.59
2023-11-30,2.59,2.56,2.6,2.55
2023-12-01,2.56,2.58,2.58,2.55
2023-12-04,2.58,2.6,2.61,2.57
2023-12-05,2.58,2.55,2.59,2.52
2023-12-06,2.54,2.56,2.58,2.53
2023-12-07,2.56,2.57,2.58,2.55
2023-12-08,2.57,2.59,2.63,2.57
2023-12-11,2.58,2.59,2.59,2.55
2023-12-12,2.59,2.61,2.62,2.58
2023-12-13,2.6,2.61,2.65,2.6
2023-12-14,2.61,2.61,2.62,2.6
2023-12-15,2.6,2.6,2.62,2.58
2023-12-18,2.6,2.58,2.6,2.57
2023-12-19,2.57,2.58,2.59,2.57
2023-12-20,2.58,2.57,2.6,2.57
2023-12-21,2.56,2.56,2.58,2.52
2023-12-22,2.56,2.5,2.56,2.49
2023-12-25,2.5,2.5,2.51,2.48
2023-12-26,2.5,2.48,2.51,2.45
2023-12-27,2.48,2.5,2.51,2.47
2023-12-28,2.52,2.59,2.62,2.51
2023-12-29,2.58,2.6,2.6,2.56
2024-01-02,2.59,2.61,2.62,2.59
2024-01-03,2.6,2.59,2.61,2.58
2024-01-04,2.59,2.59,2.6,2.57
2024-01-05,2.59,2.6,2.64,2.57
2024-01-08,2.58,2.55,2.59,2.54
2024-01-09,2.55,2.57,2.59,2.54
2024-01-10,2.57,2.61,2.61,2.56
2024-01-11,2.61,2.62,2.62,2.58
2024-01-12,2.6,2.61,2.63,2.6
2024-01-15,2.61,2.61,2.61,2.58
2024-01-16,2.61,2.62,2.64,2.59
2024-01-17,2.62,2.57,2.63,2.57
2024-01-18,2.55,2.57,2.59,2.52
2024-01-19,2.57,2.59,2.6,2.56
2024-01-22,2.59,2.55,2.63,2.48
2024-01-23,2.49,2.58,2.59,2.47
2024-01-24,2.58,2.6,2.61,2.54
2024-01-25,2.6,2.6,2.61,2.55
2024-01-26,2.61,2.73,2.73,2.59
2024-01-29,2.75,2.72,2.83,2.68
2024-01-30,2.69,2.66,2.72,2.65
2024-01-31,2.64,2.53,2.67,2.53
2024-02-01,2.42,2.4,2.45,2.4
2024-02-02,2.31,2.28,2.39,2.28
2024-02-05,2.17,2.17,2.19,2.17
2024-02-06,2.06,2.09,2.21,2.06
2024-02-07,2.12,2.19,2.19,2.1
2024-02-08,2.08,2.17,2.2,2.08
2024-02-19,2.2,2.28,2.28,2.14
2024-02-20,2.29,2.36,2.39,2.23
2024-02-21,2.35,2.34,2.39,2.31
2024-02-22,2.32,2.39,2.41,2.32
2024-02-23,2.38,2.41,2.44,2.37
2024-02-26,2.41,2.42,2.45,2.39
2024-02-27,2.4,2.44,2.44,2.4
2024-02-28,2.45,2.32,2.49,2.32
2024-02-29,2.27,2.37,2.38,2.25
2024-03-01,2.36,2.35,2.38,2.32
2024-03-04,2.35,2.34,2.35,2.29
2024-03-05,2.32,2.31,2.35,2.31
2024-03-06,2.32,2.4,2.41,2.32
2024-03-07,2.39,2.35,2.42,2.35
2024-03-08,2.34,2.37,2.38,2.34
2024-03-11,2.36,2.42,2.42,2.35
2024-03-12,2.41,2.43,2.44,2.39
2024-03-13,2.41,2.42,2.44,2.4
2024-03-14,2.43,2.42,2.44,2.41
2024-03-15,2.41,2.45,2.45,2.39
2024-03-18,2.45,2.46,2.46,2.44
2024-03-19,2.45,2.51,2.58,2.45
2024-03-20,2.51,2.52,2.54,2.5
2024-03-21,2.52,2.64,2.64,2.51
2024-03-22,2.62,2.59,2.62,2.53
2024-03-25,2.56,2.61,2.67,2.56
2024-03-26,2.61,2.65,2.69,2.61
2024-03-27,2.63,2.61,2.67,2.6
2024-03-28,2.61,2.62,2.65,2.59
2024-03-29,2.52,2.6,2.61,2.52
2024-04-01,2.59,2.6,2.62,2.58
2024-04-02,2.59,2.65,2.67,2.58
2024-04-03,2.64,2.67,2.67,2.62
2024-04-08,2.66,2.68,2.7,2.64
2024-04-09,2.68,2.7,2.7,2.66
2024-04-10,2.69,2.63,2.69,2.57
2024-04-11,2.59,2.62,2.64,2.58
2024-04-12,2.62,2.6,2.62,2.5
2024-04-15,2.58,2.51,2.62,2.47
2024-04-16,2.49,2.38,2.49,2.38
2024-04-17,2.35,2.5,2.5,2.3
2024-04-18,2.48,2.5,2.53,2.46
2024-04-19,2.47,2.41,2.5,2.38
2024-04-22,2.44,2.47,2.48,2.41
2024-04-23,2.45,2.55,2.58,2.45
2024-04-24,2.55,2.54,2.57,2.47
2024-04-25,2.67,2.67,2.67,2.67
2024-04-26,2.78,2.71,2.78,2.66
2024-04-29,2.7,2.84,2.85,2.67
2024-04-30,2.82,2.96,2.98,2.82
2024-05-06,3.01,2.97,3.04,2.9
2024-05-07,2.96,2.97,2.99,2.93
2024-05-08,2.97,3.0,3.05,2.94
2024-05-09,2.97,3.02,3.06,2.97
2024-05-10,2.94,3.01,3.02,2.93
2024-05-13,2.99,2.95,3.05,2.94
2024-05-14,2.95,3.01,3.03,2.95
2024-05-15,3.02,3.12,3.16,3.02
2024-05-16,3.1,3.07,3.15,3.07
2024-05-17,3.05,3.16,3.18,3.05
2024-05-20,3.15,3.3,3.31,3.14
2024-05-21,3.29,3.34,3.42,3.27
2024-05-22,3.35,3.5,3.5,3.33
2024-05-23,3.48,3.33,3.61,3.33
2024-05-24,3.4,3.5,3.5,3.4
2024-05-27,3.5,3.5,3.59,3.42
2024-05-28,3.54,3.68,3.68,3.5
2024-05-29,3.65,3.73,3.76,3.58
2024-05-30,3.69,3.54,3.78,3.54
2024-05-31,3.46,3.36,3.48,3.36
2024-06-03,3.24,3.19,3.26,3.19
2024-06-05,3.5,3.29,3.5,3.21
2024-06-06,3.26,3.08,3.35,3.03
2024-06-07,3.08,3.14,3.21,2.96
2024-06-11,3.08,2.98,3.09,2.97
2024-06-12,2.96,3.03,3.08,2.95
2024-06-13,3.03,2.96,3.04,2.92
2024-06-14,2.94,2.9,3.03,2.89
2024-06-17,2.9,2.79,2.92,2.79
2024-06-18,2.8,2.75,2.81,2.73
2024-06-19,2.75,2.75,2.79,2.72
2024-06-20,2.78,2.87,3.03,2.73
2024-06-21,2.78,2.85,2.9,2.69
2024-06-24,2.81,2.82,2.9,2.77
2024-06-25,2.81,2.72,2.81,2.71
2024-06-26,2.7,2.76,2.76,2.66
2024-06-27,2.73,2.69,2.76,2.68
2024-06-28,2.66,2.71,2.74,2.65
2024-07-01,2.7,2.76,2.78,2.7
2024-07-02,2.74,2.79,2.79,2.72
2024-07-03,2.78,2.77,2.8,2.74
2024-07-04,2.76,2.68,2.79,2.67
2024-07-05,2.66,2.62,2.66,2.57
2024-07-08,2.63,2.57,2.63,2.56
2024-07-09,2.58,2.64,2.64,2.55
2024-07-10,2.56,2.45,2.57,2.44
2024-07-11,2.49,2.47,2.49,2.39
2024-07-12,2.45,2.45,2.49,2.42
2024-07-15,2.44,2.37,2.44,2.36
2024-07-16,2.38,2.39,2.4,2.33
2024-07-17,2.37,2.33,2.38,2.33
2024-07-18,2.31,2.34,2.36,2.28
2024-07-19,2.34,2.33,2.35,2.31
2024-07-22,2.33,2.35,2.36,2.29
2024-07-23,2.34,2.31,2.39,2.31
2024-07-24,2.29,2.24,2.32,2.23
2024-07-25,2.29,2.46,2.46,2.29
2024-07-26,2.5,2.59,2.68,2.43
2024-07-29,2.55,2.56,2.74,2.55
2024-07-30,2.56,2.56,2.63,2.52
2024-07-31,2.57,2.59,2.61,2.52
2024-08-01,2.59,2.65,2.68,2.58
2024-08-02,2.63,2.57,2.64,2.52
2024-08-05,2.53,2.48,2.55,2.46
2024-08-06,2.53,2.5,2.55,2.47
2024-08-07,2.49,2.53,2.55,2.49
2024-08-08,2.51,2.49,2.52,2.47
2024-08-09,2.5,2.48,2.51,2.47
2024-08-12,2.49,2.43,2.5,2.42
2024-08-13,2.42,2.4,2.43,2.36
2024-08-14,2.4,2.36,2.41,2.36
2024-08-15,2.36,2.36,2.37,2.3
2024-08-16,2.34,2.3,2.36,2.29
2024-08-19,2.29,2.29,2.31,2.27
2024-08-20,2.29,2.26,2.29,2.24
2024-08-21,2.25,2.25,2.28,2.23
2024-08-22,2.25,2.26,2.29,2.24
2024-08-23,2.26,2.24,2.27,2.21
2024-08-26,2.24,2.3,2.3,2.22
2024-08-27,2.29,2.27,2.31,2.26
2024-08-28,2.27,2.28,2.31,2.26
2024-08-29,2.27,2.28,2.29,2.23
2024-08-30,2.27,2.3,2.32,2.26
2024-09-02,2.29,2.24,2.32,2.24
2024-09-03,2.24,2.24,2.26,2.21
2024-09-04,2.22,2.21,2.24,2.2
2024-09-05,2.2,2.23,2.23,2.2
2024-09-06,2.21,2.16,2.23,2.16
2024-09-09,2.15,2.15,2.16,2.12
2024-09-10,2.14,2.15,2.17,2.12
2024-09-11,2.14,2.11,2.15,2.08
2024-09-12,2.1,2.1,2.15,2.09
2024-09-13,2.12,2.31,2.31,2.11
2024-09-18,2.35,2.28,2.36,2.24
2024-09-19,2.29,2.33,2.33,2.25
2024-09-20,2.33,2.28,2.35,2.27
2024-09-23,2.28,2.27,2.29,2.25
2024-09-24,2.28,2.33,2.33,2.27
2024-09-25,2.35,2.34,2.42,2.34
2024-09-26,2.33,2.41,2.41,2.31
2024-09-27,2.43,2.51,2.51,2.41
2024-09-30,2.61,2.7,2.74,2.5
2024-10-08,2.96,2.79,2.96,2.6
2024-10-09,2.74,2.54,2.75,2.52
2024-10-10,2.55,2.59,2.64,2.51
2024-10-11,2.6,2.49,2.62,2.46
2024-10-14,2.49,2.52,2.53,2.46
2024-10-15,2.5,2.48,2.53,2.47
2024-10-16,2.45,2.48,2.51,2.44
2024-10-17,2.49,2.45,2.51,2.44
2024-10-18,2.44,2.48,2.5,2.41
2024-10-21,2.48,2.45,2.49,2.43
2024-10-22,2.45,2.53,2.55,2.41
2024-10-23,2.54,2.56,2.61,2.53
2024-10-24,2.55,2.6,2.61,2.53
2024-10-25,2.6,2.72,2.73,2.6
2024-10-28,2.81,2.99,2.99,2.74
2024-10-29,2.96,2.77,2.96,2.74
2024-10-30,2.78,2.85,2.96,2.78
2024-10-31,2.82,2.97,2.99,2.77
2024-11-01,2.92,2.9,3.11,2.86
2024-11-04,2.84,2.87,2.9,2.83
2024-11-05,2.86,2.95,2.96,2.84
2024-11-06,2.95,2.9,2.96,2.88
2024-11-07,2.88,3.03,3.07,2.84
2024-11-08,3.01,2.98,3.07,2.96
2024-11-11,3.0,2.95,3.05,2.9
2024-11-12,2.95,2.92,2.98,2.88
2024-11-13,2.88,2.86,2.91,2.8
2024-11-14,2.86,2.79,2.87,2.78
2024-11-15,2.76,2.68,2.82,2.67
2024-11-18,2.68,2.71,2.76,2.68
2024-11-19,2.71,2.67,2.72,2.6
2024-11-20,2.66,2.71,2.72,2.62
2024-11-21,2.71,2.7,2.75,2.66
2024-11-22,2.68,2.62,2.74,2.62
2024-11-25,2.61,2.68,2.68,2.59
2024-11-26,2.68,2.68,2.72,2.67
2024-11-27,2.67,2.68,2.69,2.59
2024-11-28,2.67,2.72,2.74,2.66
2024-11-29,2.71,2.73,2.74,2.66
2024-12-02,2.74,2.82,2.82,2.72
2024-12-03,2.83,2.86,2.88,2.79
2024-12-04,2.87,2.8,2.87,2.76
2024-12-05,2.77,2.83,2.87,2.77
2024-12-06,2.84,2.94,2.95,2.83
2024-12-09,2.99,2.93,3.03,2.89
2024-12-10,2.98,2.89,3.0,2.88
2024-12-11,2.9,3.0,3.04,2.89
2024-12-12,3.02,2.98,3.03,2.94
2024-12-13,2.96,2.89,2.98,2.88
2024-12-16,2.89,2.91,2.95,2.88
2024-12-17,2.92,2.79,2.93,2.77
2024-12-18,2.82,3.07,3.07,2.81
2024-12-19,3.12,3.02,3.22,3.01
2024-12-20,3.04,2.94,3.1,2.91
2024-12-23,2.92,2.75,2.95,2.75
2024-12-24,2.74,2.77,2.78,2.68
2024-12-25,2.76,2.71,2.76,2.65
2024-12-26,2.71,2.69,2.74,2.68
2024-12-27,2.68,2.79,2.88,2.68
2024-12-30,2.81,2.82,2.92,2.79
2024-12-31,2.82,2.76,2.89,2.74
2025-01-02,2.76,2.68,2.82,2.68
2025-01-03,2.69,2.58,2.73,2.58
2025-01-06,2.58,2.55,2.6,2.5
2025-01-07,2.57,2.56,2.57,2.51
2025-01-08,2.56,2.53,2.57,2.49
2025-01-09,2.54,2.53,2.55,2.51
2025-01-10,2.53,2.45,2.53,2.45
2025-01-13,2.42,2.44,2.46,2.4
2025-01-14,2.43,2.55,2.58,2.43
2025-01-15,2.54,2.51,2.55,2.5
2025-01-16,2.52,2.53,2.56,2.51
2025-01-17,2.52,2.51,2.53,2.5
2025-01-20,2.53,2.66,2.76,2.52
2025-01-21,2.66,2.62,2.68,2.61
2025-01-22,2.62,2.6,2.63,2.58
2025-01-23,2.64,2.61,2.66,2.6
2025-01-24,2.62,2.61,2.62,2.57
2025-01-27,2.63,2.63,2.68,2.61
2025-02-05,2.65,2.61,2.65,2.59
2025-02-06,2.6,2.64,2.64,2.57
2025-02-07,2.65,2.66,2.68,2.63
2025-02-10,2.65,2.69,2.72,2.65
2025-02-11,2.7,2.66,2.7,2.65
2025-02-12,2.67,2.66,2.68,2.64
2025-02-13,2.66,2.64,2.67,2.63
2025-02-14,2.64,2.62,2.64,2.6
2025-02-17,2.61,2.67,2.68,2.6
2025-02-18,2.66,2.6,2.68,2.59
2025-02-19,2.6,2.58,2.6,2.56
2025-02-20,2.58,2.57,2.6,2.55
2025-02-21,2.58,2.54,2.59,2.52
2025-02-24,2.52,2.58,2.6,2.52
2025-02-25,2.57,2.55,2.61,2.54
2025-02-26,2.54,2.6,2.61,2.54
2025-02-27,2.6,2.57,2.63,2.53
2025-02-28,2.57,2.51,2.59,2.5
2025-03-03,2.51,2.51,2.54,2.5
2025-03-04,2.5,2.52,2.54,2.48
2025-03-05,2.51,2.49,2.52,2.46
2025-03-06,2.49,2.51,2.53,2.49
2025-03-07,2.51,2.51,2.54,2.49
2025-03-10,2.52,2.52,2.56,2.5
2025-03-11,2.51,2.54,2.54,2.48
2025-03-12,2.54,2.56,2.58,2.53
2025-03-13,2.56,2.59,2.6,2.55
2025-03-14,2.58,2.61,2.62,2.56
2025-03-17,2.62,2.62,2.65,2.61
2025-03-18,2.63,2.61,2.63,2.58
2025-03-19,2.61,2.65,2.67,2.59
2025-03-20,2.66,2.67,2.7,2.65
2025-03-21,2.68,2.65,2.71,2.64
2025-03-24,2.65,2.67,2.69,2.6
2025-03-25,2.68,2.71,2.73,2.65
2025-03-26,2.7,2.68,2.71,2.65
2025-03-27,2.66,2.64,2.71,2.62
2025-03-28,2.65,2.61,2.65,2.58
2025-03-31,2.6,2.56,2.65,2.55
2025-04-01,2.58,2.67,2.67,2.56
2025-04-02,2.66,2.64,2.68,2.61
2025-04-03,2.62,2.71,2.72,2.62
2025-04-07,2.64,2.44,2.64,2.44
2025-04-08,2.38,2.43,2.49,2.37
2025-04-09,2.38,2.42,2.45,2.23
2025-04-10,2.42,2.46,2.49,2.42
2025-04-11,2.43,2.45,2.48,2.43
2025-04-14,2.46,2.55,2.57,2.46
2025-04-15,2.54,2.59,2.59,2.52
2025-04-16,2.59,2.58,2.65,2.53
2025-04-17,2.58,2.59,2.61,2.54
2025-04-18,2.57,2.61,2.63,2.53
2025-04-21,2.61,2.7,2.72,2.59
2025-04-22,2.69,2.69,2.76,2.65
2025-04-23,2.69,2.67,2.7,2.65
2025-04-24,2.66,2.74,2.77,2.66
2025-04-25,2.87,3.01,3.01,2.83
2025-04-28,3.31,3.31,3.31,3.23
2025-04-29,3.31,2.99,3.31,2.98
2025-04-30,2.97,2.76,2.98,2.73
2025-05-06,2.79,3.04,3.04,2.74
2025-05-07,3.06,3.12,3.29,3.05
2025-05-08,3.15,3.43,3.43,3.11
2025-05-09,3.26,3.76,3.77,3.23
2025-05-12,3.6,3.49,3.71,3.44
2025-05-13,3.49,3.65,3.75,3.38
2025-05-14,3.55,3.57,3.75,3.48
2025-05-15,3.45,3.33,3.51,3.31
2025-05-16,3.35,3.29,3.39,3.26
2025-05-19,3.27,3.26,3.29,3.21
2025-05-20,3.25,3.39,3.45,3.22
2025-05-21,3.32,3.36,3.51,3.3
2025-05-22,3.28,3.18,3.34,3.18
2025-05-23,3.18,3.1,3.2,3.09
2025-05-26,3.1,3.16,3.17,3.09
2025-05-27,3.16,3.15,3.18,3.12
2025-05-28,3.15,3.11,3.16,3.1
2025-05-29,3.12,3.15,3.17,3.1
2025-05-30,3.15,3.09,3.17,3.09
2025-06-03,3.05,3.11,3.15,3.04
2025-06-04,3.11,3.12,3.13,3.09
2025-06-05,3.13,3.1,3.16,3.09
2025-06-06,3.1,3.12,3.15,3.08
2025-06-09,3.12,3.15,3.16,3.1
2025-06-10,3.15,3.14,3.17,3.1
2025-06-11,3.13,3.15,3.16,3.11
2025-06-12,3.14,3.11,3.15,3.09
2025-06-13,3.11,3.07,3.14,3.07
2025-06-16,3.07,3.08,3.09,3.05
2025-06-17,3.08,3.09,3.1,3.05
2025-06-18,3.08,3.05,3.09,3.03
2025-06-19,3.03,2.95,3.04,2.93
2025-06-20,2.94,2.89,2.96,2.88
2025-06-23,2.86,2.9,2.91,2.85
2025-06-24,2.9,2.94,2.95,2.88
2025-06-25,2.94,2.96,2.97,2.92
2025-06-26,2.95,2.95,3.0,2.93
2025-06-27,2.94,2.96,3.0,2.94
2025-06-30,2.95,2.95,3.0,2.94
2025-07-01,2.95,3.25,3.25,2.94
2025-07-02,3.32,3.43,3.52,3.27
2025-07-03,3.35,3.55,3.76,3.28
2025-07-04,3.43,3.5,3.75,3.41
2025-07-07,3.7,3.85,3.85,3.68
2025-07-08,3.85,3.78,4.05,3.68
2025-07-09,3.69,3.95,4.12,3.69
2025-07-10,3.86,3.63,3.88,3.62
2025-07-11,3.63,3.63,3.73,3.51
2025-07-14,3.59,3.99,3.99,3.59
2025-07-15,4.08,3.89,4.1,3.77
2025-07-16,3.86,3.76,3.93,3.73
2025-07-17,3.8,3.7,3.82,3.69
2025-07-18,3.68,3.68,3.7,3.62
2025-07-21,3.69,3.67,3.7,3.64
2025-07-22,3.67,3.64,3.75,3.58
2025-07-23,3.61,3.58,3.65,3.58
2025-07-24,3.55,3.57,3.58,3.47
2025-07-25,3.58,3.53,3.59,3.51
2025-07-28,3.52,3.51,3.53,3.47
2025-07-29,3.51,3.46,3.52,3.41
2025-07-30,3.45,3.46,3.48,3.43
2025-07-31,3.45,3.4,3.45,3.38
2025-08-01,3.38,3.39,3.4,3.36
2025-08-04,3.36,3.38,3.39,3.34
2025-08-05,3.37,3.38,3.4,3.36
2025-08-06,3.38,3.4,3.4,3.34
2025-08-07,3.4,3.34,3.42,3.34
2025-08-08,3.33,3.47,3.54,3.32
2025-08-11,3.42,3.39,3.44,3.27
2025-08-12,3.37,3.36,3.39,3.34
2025-08-13,3.36,3.34,3.37,3.32
2025-08-14,3.33,3.26,3.33,3.26
2025-08-15,3.25,3.28,3.29,3.25
2025-08-18,3.28,3.34,3.34,3.28
2025-08-19,3.34,3.43,3.46,3.34
2025-08-20,3.44,3.45,3.48,3.4
2025-08-21,3.43,3.57,3.59,3.43
2025-08-22,3.58,3.52,3.6,3.48
2025-08-25,3.5,3.49,3.52,3.45
2025-08-26,3.5,3.47,3.51,3.45
2025-08-27,3.45,3.47,3.58,3.44
2025-08-28,3.42,3.35,3.42,3.25
2025-08-29,3.33,3.28,3.34,3.28
2025-09-01,3.27,3.34,3.34,3.25
2025-09-02,3.34,3.31,3.35,3.28
2025-09-03,3.3,3.22,3.31,3.21
2025-09-04,3.2,3.23,3.26,3.2
2025-09-05,3.23,3.25,3.26,3.17
2025-09-08,3.27,3.29,3.32,3.26
2025-09-09,3.28,3.25,3.3,3.24
2025-09-10,3.24,3.26,3.27,3.23
2025-09-11,3.26,3.29,3.29,3.22
2025-09-12,3.28,3.3,3.32,3.26
2025-09-15,3.28,3.29,3.32,3.25
2025-09-16,3.28,3.33,3.34,3.27
2025-09-17,3.33,3.3,3.34,3.28
2025-09-18,3.3,3.2,3.32,3.19
2025-09-19,3.2,3.18,3.22,3.17
2025-09-22,3.17,3.16,3.19,3.14
2025-09-23,3.15,3.1,3.16,3.06
2025-09-24,3.11,3.12,3.12,3.08
2025-09-25,3.11,3.09,3.13,3.07
2025-09-26,3.08,3.09,3.14,3.06
2025-09-29,3.09,3.13,3.13,3.06
2025-09-30,3.12,3.12,3.13,3.1
2025-10-09,3.12,3.18,3.18,3.12
2025-10-10,3.17,3.27,3.27,3.16
2025-10-13,3.2,3.24,3.24,3.18
2025-10-14,3.24,3.26,3.3,3.24
2025-10-15,3.26,3.3,3.31,3.24
2025-10-16,3.31,3.26,3.32,3.24
2025-10-17,3.24,3.26,3.28,3.23
2025-10-20,3.26,3.29,3.29,3.21
2025-10-21,3.29,3.36,3.37,3.27
2025-10-22,3.35,3.34,3.4,3.33
2025-10-23,3.34,3.38,3.39,3.32
2025-10-24,3.38,3.25,3.39,3.25
2025-10-27,3.29,3.29,3.32,3.25
2025-10-28,3.29,3.3,3.33,3.26
2025-10-29,3.25,3.22,3.26,3.14
2025-10-30,3.23,3.17,3.23,3.16
2025-10-31,3.17,3.16,3.19,3.15
2025-11-03,3.15,3.2,3.21,3.15
2025-11-04,3.19,3.19,3.22,3.17
2025-11-05,3.17,3.24,3.27,3.16
2025-11-06,3.26,3.25,3.29,3.23
2025-11-07,3.25,3.25,3.29,3.24
2025-11-10,3.28,3.33,3.33,3.26
2025-11-11,3.33,3.3,3.34,3.28
2025-11-12,3.31,3.26,3.31,3.25
2025-11-13,3.26,3.27,3.28,3.23
2025-11-14,3.28,3.33,3.35,3.27
2025-11-17,3.33,3.31,3.34,3.27
2025-11-18,3.3,3.18,3.3,3.16
2025-11-19,3.18,3.13,3.23,3.1
2025-11-20,3.12,3.11,3.16,3.1
2025-11-21,3.11,2.98,3.12,2.97
2025-11-24,2.99,2.97,3.01,2.95
2025-11-25,2.98,3.01,3.03,2.97
2025-11-26,3.02,3.0,3.05,2.99
2025-11-27,3.0,3.02,3.04,2.99
2025-11-28,3.02,3.05,3.05,3.0
2025-12-01,3.06,3.07,3.09,3.04
2025-12-02,3.07,3.07,3.07,3.01
2025-12-03,3.07,3.07,3.1,3.05
2025-12-04,3.06,3.04,3.08,3.02
2025-12-05,3.03,3.07,3.07,3.01
2025-12-08,3.06,3.07,3.09,3.05
2025-12-09,3.06,3.04,3.08,3.04
2025-12-10,3.04,3.03,3.06,3.0
2025-12-11,3.04,2.97,3.04,2.96
2025-12-12,2.96,2.99,3.03,2.96
2025-12-15,2.98,2.99,3.01,2.96
2025-12-16,3.0,2.93,3.0,2.91
2025-12-17,2.91,2.91,2.93,2.87
2025-12-18,2.91,2.93,2.94,2.9
2025-12-19,2.93,2.96,2.97,2.92
2025-12-22,2.97,2.97,2.99,2.96
2025-12-23,2.97,2.92,2.99,2.92
2025-12-24,2.92,2.93,2.94,2.9
2025-12-25,2.95,2.96,2.98,2.92
2025-12-26,2.98,2.96,2.98,2.94
2025-12-29,2.96,2.91,2.96,2.9
2025-12-30,2.89,2.86,2.92,2.86
2025-12-31,2.86,2.85,2.88,2.83
2026-01-05,2.86,2.89,2.89,2.85
2026-01-06,2.89,2.92,2.92,2.87
2026-01-07,2.92,2.88,2.92,2.88
2026-01-08,2.88,2.91,2.92,2.87
2026-01-09,2.92,2.93,2.94,2.91
2026-01-12,2.94,2.98,2.98,2.92
2026-01-13,3.0,2.96,3.0,2.95
2026-01-14,2.96,2.98,3.01,2.95
2026-01-15,2.99,2.95,2.99,2.93
2026-01-16,2.97,2.99,3.07,2.96
2026-01-19,2.97,3.05,3.06,2.96
2026-01-20,3.06,3.08,3.1,3.02
2026-01-21,3.07,3.05,3.08,3.0
2026-01-22,3.06,3.08,3.09,3.03
2026-01-23,3.08,3.09,3.11,3.07
2026-01-26,3.1,3.09,3.11,3.05
2026-01-27,3.08,3.05,3.09,2.98
2026-01-28,3.03,3.05,3.07,3.01
2026-01-29,3.05,3.05,3.08,3.03
2026-01-30,3.04,3.06,3.07,3.01
2026-02-02,3.07,3.03,3.11,3.02
2026-02-03,3.04,3.05,3.07,3.02
2026-02-04,3.07,3.13,3.13,3.05
2026-02-05,3.12,3.1,3.14,3.09
2026-02-06,3.11,3.15,3.16,3.09
2026-02-09,3.17,3.14,3.17,3.13
2026-02-10,3.14,3.13,3.15,3.1
2026-02-11,3.14,3.15,3.16,3.12
2026-02-12,3.16,3.14,3.18,3.12
2026-02-13,3.14,3.11,3.14,3.09
2026-02-24,3.13,3.21,3.22,3.11
2026-02-25,3.21,3.22,3.24,3.2
2026-02-26,3.23,3.27,3.28,3.21
2026-02-27,3.27,3.36,3.38,3.25
2026-03-02,3.3,3.29,3.37,3.28
2026-03-03,3.31,3.28,3.4,3.26
2026-03-04,3.26,3.29,3.32,3.2
2026-03-05,3.33,3.33,3.37,3.3
2026-03-06,3.32,3.66,3.66,3.31
2026-03-09,3.51,3.63,3.77,3.48
2026-03-10,3.68,3.88,3.9,3.58
2026-03-11,3.8,3.88,3.95,3.62
2026-03-12,3.84,4.14,4.26,3.78
2026-03-13,4.0,3.88,4.15,3.81
2026-03-16,4.27,4.27,4.27,4.27
2026-03-17,4.31,4.7,4.7,4.27
2026-03-18,5.17,5.17,5.17,5.17
