date,close,daily_return,holding_count
2010-01-04,1000.0,,0
2010-01-05,999.0251771123482,-0.0009748228876518272,10
2010-01-06,995.8313077526763,-0.003196985854654566,10
2010-01-07,996.1814595317896,0.00035161756452863904,10
2010-01-08,995.6274002109104,-0.0005561831286637527,10
2010-01-11,1005.7773966314037,0.010194573209157454,10
2010-01-12,1022.2696911443962,0.016397559309077103,10
2010-01-13,1004.6039202458176,-0.017280929926429146,10
2010-01-14,1028.95418550339,0.02423867234323951,10
2010-01-15,1040.8974826912952,0.011607219598472407,10
2010-01-18,1060.571538862692,0.018901050774499627,10
2010-01-19,1067.742958186461,0.006761844025589536,10
2010-01-20,1038.2554506725598,-0.027616672428338974,10
2010-01-21,1053.3154846658606,0.014505133571458906,10
2010-01-22,1035.6989344087103,-0.016724856430586483,10
2010-01-25,1014.9342033974632,-0.020049002969286522,10
2010-01-26,963.8697875945343,-0.05031303076789826,10
2010-01-27,953.1778125122078,-0.011092758814455383,10
2010-01-28,958.758387777533,0.00585470537823044,10
2010-01-29,972.3895011874989,0.014217464570572168,10
2010-02-01,979.8428479096605,0.007664980661617027,10
2010-02-02,979.6345024762452,-0.0002126314784659522,10
2010-02-03,1001.2550138487492,0.02206997744347854,10
2010-02-04,1012.0006254297334,0.010732142593402938,10
2010-02-05,1009.1413689066956,-0.0028253505493869044,10
2010-02-08,1007.8094528307678,-0.0013198508325655168,10
2010-02-09,1013.1519908405583,0.005301139014705816,10
2010-02-10,1027.629444390103,0.014289517940475652,10
2010-02-11,1025.8821494502822,-0.0017003161493271597,10
2010-02-12,1040.00088514364,0.013762531788786145,10
2010-02-22,1040.1710633657924,0.00016363276664778227,10
2010-02-23,1041.4917949188248,0.0012697253360987161,10
2010-02-24,1062.730777339509,0.02039284661127789,10
2010-02-25,1074.2011867424799,0.010793335101940508,10
2010-02-26,1090.8557279310792,0.015504117286543082,10
2010-03-01,1117.3161619516452,0.024256584388799875,10
2010-03-02,1130.9588159537957,0.012210200180332587,10
2010-03-03,1141.4762928008618,0.009299610824640136,10
2010-03-04,1107.7513505029335,-0.029545022100438613,10
2010-03-05,1124.1488816857716,0.014802537749462785,10
2010-03-08,1138.384173303442,0.01266317286756824,10
2010-03-09,1140.4404935792893,0.0018063500214345774,10
2010-03-10,1137.8779601629715,-0.0022469681063982615,10
2010-03-11,1143.0172413134196,0.00451654863735299,10
2010-03-12,1123.3322639642574,-0.017221942624892052,10
2010-03-15,1117.3239759508153,-0.005348629435994923,10
2010-03-16,1137.431659772214,0.017996287785991126,10
2010-03-17,1159.4002232560774,0.01931418322597316,10
2010-03-18,1158.4835500582988,-0.0007906443171145416,10
2010-03-19,1177.2371086993062,0.016188023248205497,10
2010-03-22,1206.7033704234684,0.025030014350056237,10
2010-03-23,1201.141229878601,-0.004609368533474341,10
2010-03-24,1203.8976947355877,0.0022948715674886064,10
2010-03-25,1177.9236658907578,-0.021574946906543022,10
2010-03-26,1189.4283709557085,0.009766936006206015,10
2010-03-29,1198.5897360323263,0.007702326008296419,10
2010-03-30,1201.9590217982247,0.002811041730635671,10
2010-03-31,1219.2106098547363,0.014352892023475042,10
2010-04-01,1224.7751380153145,0.004564041778836835,10
2010-04-02,1243.2031834692293,0.01504606427901245,10
2010-04-06,1269.2942436357762,0.020986963767047395,10
2010-04-07,1280.1901673691646,0.008584237884966699,10
2010-04-08,1278.055422214262,-0.0016675219114434443,10
2010-04-09,1289.514773951681,0.008966240069280793,10
2010-04-12,1312.0239470428708,0.01745553718800051,10
2010-04-13,1267.9604739616002,-0.03358435124647206,10
2010-04-14,1284.9123460151634,0.013369401019732927,10
2010-04-15,1269.0581684091544,-0.012338723069458171,10
2010-04-16,1256.7060546988816,-0.00973329199382321,10
2010-04-19,1212.076541488604,-0.03551308839756588,10
2010-04-20,1216.0061940717374,0.0032420828624461573,10
2010-04-21,1258.2801091451,0.03476455570658765,10
2010-04-22,1273.8525738505846,0.012375992112014539,10
2010-04-23,1261.5093424441689,-0.009689685965075953,10
2010-04-26,1243.210852533445,-0.014505235351860721,10
2010-04-27,1197.6104294630861,-0.03667955679234395,10
2010-04-28,1191.0804316665465,-0.005452522486354036,10
2010-04-29,1148.6417388165655,-0.035630417326730154,10
2010-04-30,1106.0618755660764,-0.0370697510037887,10
2010-05-04,1094.2155662104547,-0.010710349590124735,10
2010-05-05,1129.4469815436055,0.03219787436872812,10
2010-05-06,1101.1180006917934,-0.025082169694318035,10
2010-05-07,1096.4902934474626,-0.004202735076007741,10
2010-05-10,1088.9624881348793,-0.0068653642969471185,10
2010-05-11,1061.0450176441625,-0.025636760489824106,10
2010-05-12,1041.971462152892,-0.01797619815756689,10
2010-05-13,1046.5189890048007,0.004364348753384012,10
2010-05-14,1050.7916869038052,0.004082771496643045,10
2010-05-17,990.4061080551559,-0.057466745884312775,10
2010-05-18,982.3425191153426,-0.008141699525306412,10
2010-05-19,971.6172437884743,-0.010918060776323719,10
2010-05-20,937.0648006707149,-0.03556178457993854,10
2010-05-21,946.3875546978136,0.00994888936221462,10
2010-05-24,986.976912814489,0.042888727683697954,10
2010-05-25,980.3100914241679,-0.006754789604256975,10
2010-05-26,996.0605768884585,0.01606684007649939,10
2010-05-27,1018.2623611985902,0.0222895924457594,10
2010-05-28,1040.737707953165,0.02207225525661094,10
2010-05-31,1006.5682881392513,-0.03283192254186245,10
2010-06-01,985.2734659327735,-0.021155864393307657,10
2010-06-02,998.7656327127964,0.013693829425569293,10
2010-06-03,995.5215438517379,-0.0032480982072311784,10
2010-06-04,1002.2188367548708,0.0067274213647056475,10
2010-06-07,987.0932852482035,-0.015092064678850972,10
2010-06-08,1005.6835343812675,0.018833325493030184,10
2010-06-09,1028.93393518383,0.023119003153280096,10
2010-06-10,1033.2331805779406,0.004178349306111939,10
2010-06-11,1029.873533194895,-0.003251586811378246,10
2010-06-17,1027.2041735855485,-0.0025919295168849044,10
2010-06-18,987.0849620739529,-0.03905670609919343,10
2010-06-21,999.0831775891237,0.012155200389195979,10
2010-06-22,1010.3189217031259,0.01124605474903009,10
2010-06-23,1001.8038947685019,-0.00842805845927335,10
2010-06-24,1005.7069634239956,0.0038960406082225976,10
2010-06-25,981.7072571626926,-0.02386351803669974,10
2010-06-28,964.3346967012066,-0.017696273848169235,10
2010-06-29,909.4887200357838,-0.056874420108536716,10
2010-06-30,879.3685471376943,-0.03311769814682733,10
2010-07-01,857.2379231102849,-0.02516649486662177,10
2010-07-02,857.1701007756899,-7.911728210640012e-05,10
2010-07-05,852.17591617368,-0.005826363515818456,10
2010-07-06,873.7155202869116,0.025276006637157254,10
2010-07-07,887.6413638573847,0.015938647359612135,10
2010-07-08,890.3938120917792,0.0031008562089009707,10
2010-07-09,911.3194637885085,0.023501569095105434,10
2010-07-12,923.9901572803608,0.01390367922043274,10
2010-07-13,909.3591266633366,-0.01583461739472265,10
2010-07-14,919.4019293585437,0.011043824602120255,10
2010-07-15,904.3874108662246,-0.016330745034214333,10
2010-07-16,912.0851078658146,0.008511503927522701,10
2010-07-19,925.6313595888763,0.01485196020222126,10
2010-07-20,948.4414276514034,0.024642713134371608,10
2010-07-21,951.6197488178873,0.0033510990492627403,10
2010-07-22,967.2152503965776,0.01638837529177297,10
2010-07-23,981.6493887379152,0.01492339821505011,10
2010-07-26,1003.3130154085387,0.02206859895107364,10
2010-07-27,1002.0814911994227,-0.00122745762309735,10
2010-07-28,1017.5245091867828,0.0154109402508531,10
2010-07-29,1025.0525274006352,0.007398365489858283,10
2010-07-30,1034.7575559937204,0.009467835387612224,10
2010-08-02,1043.8663549557189,0.008802833967470565,10
2010-08-03,1041.5163753239713,-0.0022512265297096722,10
2010-08-04,1045.2866489583387,0.003619984979299668,10
2010-08-05,1045.238681095962,-4.5889672870706257e-05,10
2010-08-06,1059.6724328337523,0.013809048592285218,10
2010-08-09,1072.8340978540969,0.012420503367392508,10
2010-08-10,1043.2544745894186,-0.02757147943362724,10
2010-08-11,1055.6318804860007,0.011864225074570831,10
2010-08-12,1040.914293735871,-0.013941968807681048,10
2010-08-13,1059.4371211746845,0.01779476711030122,10
2010-08-16,1073.7404707556134,0.013500895234886191,10
2010-08-17,1075.6509728250396,0.0017792959485653575,10
2010-08-18,1074.6985775422584,-0.000885412933044511,10
2010-08-19,1080.6501549539764,0.005537903870058937,10
2010-08-20,1062.9128463977722,-0.016413552966139628,10
2010-08-23,1087.1317757594256,0.022785432920235937,10
2010-08-24,1094.4483735595586,0.0067301848435273376,10
2010-08-25,1085.418127040924,-0.008250957045387931,10
2010-08-26,1112.1257759865255,0.02460586227577773,10
2010-08-27,1116.6860287609572,0.004100482942576009,10
2010-08-30,1125.9095285145152,0.008259707308948712,10
2010-08-31,1120.3720546458076,-0.004918222759881556,10
2010-09-01,1099.0191253774924,-0.019058784249189165,10
2010-09-02,1115.4621769280946,0.014961569977186982,10
2010-09-03,1133.5892037942497,0.01625068715111048,10
2010-09-06,1139.6741905440142,0.0053678940566806626,10
2010-09-07,1152.7191707202203,0.011446236375660137,10
2010-09-08,1164.6416359499592,0.010342905308228387,10
2010-09-09,1174.2570081696306,0.008256078026807267,10
2010-09-10,1175.9453109475205,0.0014377625733922456,10
2010-09-13,1190.5562660694989,0.012424859375650459,10
2010-09-14,1202.324964358601,0.00988504166036202,10
2010-09-15,1192.89948702013,-0.007839375890776053,10
2010-09-16,1163.995389761121,-0.024230119614865056,10
2010-09-17,1169.1373003511828,0.00441746645673316,10
2010-09-20,1157.5896531728408,-0.009877066769551662,10
2010-09-21,1162.3982496931328,0.004153973307477299,10
2010-09-27,1180.2909924630558,0.015392953985130839,10
2010-09-28,1173.8123363862944,-0.0054890328894584145,10
2010-09-29,1154.9113110483147,-0.016102254808608163,10
2010-09-30,1166.551788592847,0.010079109480680803,10
2010-10-08,1185.2982605377438,0.016069986886317056,10
2010-10-11,1196.9895258417882,0.009863564043990442,10
2010-10-12,1199.296191734939,0.001927056037961991,10
2010-10-13,1205.8732365510962,0.005484087135007809,10
2010-10-14,1167.0849262874772,-0.032166159002381484,10
2010-10-15,1150.9853831628716,-0.013794662892115672,10
2010-10-18,1105.8838331080754,-0.03918516317805765,10
2010-10-19,1139.5663228740534,0.030457529767221325,10
2010-10-20,1136.4685474571238,-0.0027183809794560504,10
2010-10-21,1134.7067712184253,-0.001550219971015121,10
2010-10-22,1160.5461345118724,0.02277184198495752,10
2010-10-25,1169.3199708848178,0.0075600927115540145,10
2010-10-26,1160.4673131790464,-0.0075707744040947045,10
2010-10-27,1155.2940898162367,-0.004457879428450204,10
2010-10-28,1159.8844219339016,0.003973301826892581,10
2010-10-29,1175.998290860105,0.013892650527486658,10
2010-11-01,1195.3381345611165,0.01644546922501619,10
2010-11-02,1203.9845296445503,0.0072334303018019575,10
2010-11-03,1192.5237929005525,-0.009519006649845776,10
2010-11-04,1226.119724451936,0.028172126838382456,10
2010-11-05,1246.417570962911,0.016554538766634614,10
2010-11-08,1292.0642808071668,0.03662232538088486,10
2010-11-09,1315.189861693988,0.01789816592745233,10
2010-11-10,1315.7614547064702,0.00043460874291258167,10
2010-11-11,1306.2705345050147,-0.007213252955166394,10
2010-11-12,1253.420515116255,-0.04045870896780655,10
2010-11-15,1265.4404313076388,0.009589691605030967,10
2010-11-16,1249.8579828191282,-0.012313853819581722,10
2010-11-17,1219.7603157670262,-0.024080869559447757,10
2010-11-18,1246.344531311605,0.021794622436016653,10
2010-11-19,1266.3893153482109,0.016082859540862082,10
2010-11-22,1280.4935152505257,0.011137333307677584,10
2010-11-23,1262.9130535796016,-0.013729442173304926,10
2010-11-24,1278.423001970896,0.012281089618428505,10
2010-11-25,1286.8784414494457,0.006613960688687988,10
2010-11-26,1281.6465980904804,-0.004065530348828012,10
2010-11-29,1289.3697639839186,0.006025971515818012,10
2010-11-30,1255.7694133553646,-0.026059514940644332,10
2010-12-01,1252.134723732253,-0.002894392540904388,10
2010-12-02,1279.0681347507077,0.02150999449817524,10
2010-12-03,1277.6706090841,-0.0010926123703957193,10
2010-12-06,1260.702934072543,-0.013280163831678305,10
2010-12-07,1274.1574571828555,0.010672239071300759,10
2010-12-08,1275.3371159855442,0.0009258343982830627,10
2010-12-09,1247.833780124864,-0.02156554178181068,10
2010-12-10,1250.8395749716847,0.00240881028763287,10
2010-12-13,1274.1533895875305,0.01863853293606706,10
2010-12-14,1287.6370684880058,0.010582461272453353,10
2010-12-15,1287.5553538584147,-6.346091735852179e-05,10
2010-12-16,1293.2036280301534,0.004386820461592207,10
2010-12-17,1298.9835254614197,0.004469441088771532,10
2010-12-20,1306.3062333833425,0.005637260040939812,10
2010-12-21,1325.067857642967,0.014362347648783566,10
2010-12-22,1315.0218805618279,-0.007581481222409939,10
2010-12-23,1293.8272817941331,-0.016117297423704935,10
2010-12-24,1279.0884981539111,-0.011391616058508178,10
2010-12-27,1249.0075095578554,-0.023517519420643063,10
2010-12-28,1217.2476676742958,-0.025428063194594064,10
2010-12-29,1245.7050845246026,0.02337849363447813,10
2010-12-30,1254.8614102672245,0.0073503157820988575,10
2010-12-31,1278.8513403461293,0.01911759329167357,10
2011-01-04,1290.9387665616284,0.009451783670357964,10
2011-01-05,1305.258258913496,0.011092309505900974,10
2011-01-06,1319.5871805793051,0.010977844091740407,10
2011-01-07,1323.1171595368567,0.002675063087534599,10
2011-01-10,1308.0155262919307,-0.011413678022445282,10
2011-01-11,1305.9604851721647,-0.0015711137050428395,10
2011-01-12,1324.459362402661,0.01416495938470723,10
2011-01-13,1323.151304077983,-0.0009876168056262985,10
2011-01-14,1306.673888120479,-0.012453160803847799,10
2011-01-17,1260.2060891061785,-0.035561894545195136,10
2011-01-18,1266.3463315833403,0.0048724113700458205,10
2011-01-19,1283.2921809224513,0.013381686286344091,10
2011-01-20,1263.7910309607182,-0.015196188562229984,10
2011-01-21,1265.0292347238376,0.000979753561139135,10
2011-01-24,1252.838506422895,-0.0096367166594405,10
2011-01-25,1206.2280388960223,-0.03720389123411848,10
2011-01-26,1218.318070694841,0.010023006769005298,10
2011-01-27,1234.3674577065765,0.01317339650275552,10
2011-01-28,1247.4268543015817,0.010579828975132828,10
2011-01-31,1265.5027254966094,0.014490525943621855,10
2011-02-01,1281.8154029259424,0.012890274434558492,10
2011-02-09,1276.8992070431577,-0.0038353384360670434,10
2011-02-10,1296.8137953273315,0.015596053450678247,10
2011-02-11,1301.4595907538346,0.00358246915882823,10
2011-02-14,1315.6956208168924,0.010938511010404698,10
2011-02-15,1316.8029234175235,0.0008416100069890008,10
2011-02-16,1331.1597826803484,0.010902815453632253,10
2011-02-17,1342.4722971591946,0.008498239374440929,10
2011-02-18,1330.3549503380068,-0.009026142920661492,10
2011-02-21,1348.7678066815897,0.01384055912213875,10
2011-02-22,1328.3708566020923,-0.015122654899126441,10
2011-02-23,1332.7422501952988,0.003290793057887667,10
2011-02-24,1346.8527282271075,0.010587552116503224,10
2011-02-25,1351.9388957402816,0.0037763353086638202,10
2011-02-28,1385.2237260170584,0.02462007002065812,10
2011-03-01,1403.7461699239818,0.013371445752074305,10
2011-03-02,1406.1964598789662,0.0017455363423123846,10
2011-03-03,1401.1866248462254,-0.00356268499863231,10
2011-03-04,1411.791294909023,0.007568349479471556,10
2011-03-07,1419.1353195669358,0.005201919493621683,10
2011-03-08,1419.38407758412,0.00017528844061186013,10
2011-03-09,1416.9568400932712,-0.0017100639137646986,10
2011-03-10,1431.6490384080523,0.010368839684498707,10
2011-03-11,1438.1239000456967,0.0045226598586231015,10
2011-03-14,1464.6054907962816,0.01841398418435536,10
2011-03-15,1435.985184949134,-0.019541307216858223,10
2011-03-16,1462.3480041123096,0.01835869857118985,10
2011-03-17,1440.6825722517335,-0.014815510261339997,10
2011-03-18,1456.4888809592192,0.010971402730846494,10
2011-03-21,1462.9851547241344,0.004460228876335158,10
2011-03-22,1450.7066402344,-0.008392781328016644,10
2011-03-23,1455.9228945466311,0.0035956644627944817,10
2011-03-24,1461.677102365465,0.003952275110438358,10
2011-03-25,1467.821433172214,0.004203617062075796,10
2011-03-28,1469.0228867404805,0.0008185284266287729,10
2011-03-29,1464.6940862713068,-0.002946720917860454,10
2011-03-30,1471.4561074519204,0.00461667814733098,10
2011-03-31,1440.308989657123,-0.021167548007078596,10
2011-04-01,1467.3717043575011,0.018789520092366313,10
2011-04-06,1466.202321683364,-0.000796923281718237,10
2011-04-07,1473.9205544373956,0.005264098030598116,10
2011-04-08,1501.7800478810173,0.018901624894060817,10
2011-04-11,1497.6150182115389,-0.0027733952620792035,10
2011-04-12,1491.7838812116254,-0.003893615467930489,10
2011-04-13,1498.9122666706498,0.004778430407248305,10
2011-04-14,1509.8013996094558,0.007264689989489828,10
2011-04-15,1503.7873867223518,-0.003983313890594947,10
2011-04-18,1536.2379577554543,0.021579228100743364,10
2011-04-19,1521.8517947157536,-0.00936454080376957,10
2011-04-20,1526.0533227775306,0.002760799754855029,10
2011-04-21,1515.6437306912285,-0.006821250562435067,10
2011-04-22,1516.1291899099103,0.0003202990312641025,10
2011-04-25,1475.3461893413964,-0.026899423109805816,10
2011-04-26,1440.644600426514,-0.02352098047602878,10
2011-04-27,1449.5344701134152,0.0061707583426678925,10
2011-04-28,1415.4791064041892,-0.02349400059907608,10
2011-04-29,1446.9304690557353,0.022219588059793776,10
2011-05-03,1470.351295998388,0.016186560061823174,10
2011-05-04,1440.1969257352926,-0.020508276046113345,10
2011-05-05,1448.6035066738243,0.005837105182154041,10
2011-05-06,1457.4978034901187,0.0061399111456776345,10
2011-05-09,1462.699604352853,0.0035689939636806556,10
2011-05-10,1457.7988619034293,-0.0033504777295622545,10
2011-05-11,1460.8535810576204,0.0020954325277786783,10
2011-05-12,1448.8525363268297,-0.008215090743113504,10
2011-05-13,1460.4829256889886,0.008027310627239345,10
2011-05-16,1462.6276662225177,0.0014685146233513098,10
2011-05-17,1449.19215984506,-0.009185869163925655,10
2011-05-18,1447.103477257316,-0.0014412737286456962,10
2011-05-19,1445.8210771660147,-0.0008861840991024447,10
2011-05-20,1434.5251711039668,-0.007812796645757347,10
2011-05-23,1360.0387512856007,-0.05192409399205148,10
2011-05-24,1365.0362496395423,0.003674526442145641,10
2011-05-25,1346.6584089321154,-0.013463262028594417,10
2011-05-26,1341.6778590826605,-0.003698450784861164,10
2011-05-27,1311.7910487938607,-0.02227569761733588,10
2011-05-30,1292.0631278540639,-0.015038920228900647,10
2011-05-31,1316.7126958524686,0.019077680855535517,10
2011-06-01,1325.2867439935278,0.006511707655031243,10
2011-06-02,1302.9459029803397,-0.01685736397382777,10
2011-06-03,1326.6265134992857,0.018174669005658034,10
2011-06-07,1340.3645262338987,0.010355599405574845,10
2011-06-08,1358.3860770543104,0.013445260947816742,10
2011-06-09,1355.2954579372906,-0.002275214071482304,10
2011-06-10,1359.3797803735542,0.0030136029840163447,10
2011-06-13,1360.3420737673403,0.0007078915014623183,10
2011-06-14,1381.8499565979805,0.015810642959146526,10
2011-06-15,1362.3352922949462,-0.014122129692776514,10
2011-06-16,1332.2574634594778,-0.022078139651509843,10
2011-06-17,1312.9564883044575,-0.014487421301361172,10
2011-06-20,1297.9106182302498,-0.011459534423442982,10
2011-06-21,1316.8852196563957,0.014619343704898896,10
2011-06-22,1305.6277800932933,-0.008548535130525416,10
2011-06-23,1334.167660072674,0.021859124334304064,10
2011-06-24,1371.4395885306444,0.02793646523851448,10
2011-06-27,1377.0856690284334,0.0041169006239919065,10
2011-06-28,1380.0840964388797,0.0021773717335694803,10
2011-06-29,1377.4323462471814,-0.0019214410183704875,10
2011-06-30,1390.8657139515722,0.009752470051244397,10
2011-07-01,1405.1049142923978,0.01023765285030337,10
2011-07-04,1433.179304444112,0.019980280380595017,10
2011-07-05,1436.4776548218515,0.002301421997590744,10
2011-07-06,1448.346797926729,0.008262671587710518,10
2011-07-07,1472.3866698778556,0.016598146235099934,10
2011-07-08,1471.4438344639232,-0.0006403449808538991,10
2011-07-11,1487.9141465341927,0.011193299862695849,10
2011-07-12,1463.385920336754,-0.016484974119355192,10
2011-07-13,1504.4145163388935,0.028036757380239172,10
2011-07-14,1517.7536347995235,0.008866650989975744,10
2011-07-15,1529.8856105687557,0.00799337619167319,10
2011-07-18,1524.498893393636,-0.0035209934245456565,10
2011-07-19,1517.030483881975,-0.004898927473168605,10
2011-07-20,1528.2533164217639,0.00739789520318027,10
2011-07-21,1533.7601889354278,0.0036033767795494906,10
2011-07-22,1548.679676992832,0.009727392955582915,10
2011-07-25,1484.5527924265,-0.04140745534341295,10
2011-07-26,1490.6959913055782,0.004138080444439585,10
2011-07-27,1514.2971808172392,0.015832329092795472,10
2011-07-28,1509.3212912198346,-0.0032859399465560574,10
2011-07-29,1506.5779972710682,-0.0018175679126273409,10
2011-08-01,1520.2675500270602,0.009086521096676348,10
2011-08-02,1525.042234706155,0.0031406870974848566,10
2011-08-03,1532.167747136025,0.004672337767250637,10
2011-08-04,1538.0223648019314,0.003821133604234986,10
2011-08-05,1496.8594773868479,-0.02676351681035833,10
2011-08-08,1415.7683567167396,-0.0541741705852533,10
2011-08-09,1388.005548736703,-0.01960971076117314,10
2011-08-10,1403.7644861134256,0.011353655892129125,10
2011-08-11,1429.0921125497607,0.018042646531441414,10
2011-08-12,1457.1649235342306,0.019643807937882174,10
2011-08-15,1471.9156311175093,0.010122881319090643,10
2011-08-16,1463.1217502672025,-0.005974446268792205,10
2011-08-17,1468.1824875323446,0.0034588627120181875,10
2011-08-18,1435.9154916087132,-0.02197751042369689,10
2011-08-19,1442.2369499566826,0.004402388848724776,10
2011-08-22,1447.250371979329,0.003476143100339432,10
2011-08-23,1477.345375289643,0.02079460741070996,10
2011-08-24,1471.601567593556,-0.0038879247819495616,10
2011-08-25,1493.3290362872815,0.01476450499387244,10
2011-08-26,1508.4429284936657,0.010120939082494701,10
2011-08-29,1511.611615169717,0.0021006341149517327,10
2011-08-30,1500.0937436387032,-0.007619597134228537,10
2011-08-31,1500.6653832665497,0.0003810692700175894,10
2011-09-01,1511.211727625681,0.007027778795146766,10
2011-09-02,1498.1856809427497,-0.008619604020276459,10
2011-09-05,1461.0836218702393,-0.02476466004478393,10
2011-09-06,1449.8837575654463,-0.0076654505855432275,10
2011-09-07,1483.1565929181206,0.02294862272858622,10
2011-09-08,1477.46000796267,-0.003840851992736982,10
2011-09-09,1473.841138616101,-0.0024493856531245966,10
2011-09-13,1481.195334897572,0.004989816126571377,10
2011-09-14,1490.4521581643216,0.006249562801512565,10
2011-09-15,1496.9367482811228,0.004350753616129323,10
2011-09-16,1507.254227434804,0.0068923948627276676,10
2011-09-19,1475.1189760460015,-0.021320392276154707,10
2011-09-20,1481.305247584651,0.004193744124444446,10
2011-09-21,1527.1154152566241,0.03092554201550895,10
2011-09-22,1501.4502982350925,-0.01680627198515886,10
2011-09-23,1495.9675034742531,-0.003651665837546677,10
2011-09-26,1481.3165817074314,-0.00979360964245289,10
2011-09-27,1477.7198290301446,-0.0024280783201258427,10
2011-09-28,1449.7657535492963,-0.018917033480693887,10
2011-09-29,1393.0034395908756,-0.03915274851779044,10
2011-09-30,1379.066503071239,-0.010004954850456091,10
2011-10-10,1377.3341668153284,-0.0012561658571594997,10
2011-10-11,1384.8771951126303,0.005476541916289393,10
2011-10-12,1429.3704690401246,0.032127956243712924,10
2011-10-13,1429.031001329381,-0.0002374945600852607,10
2011-10-14,1428.7725694452129,-0.0001808441411891848,10
2011-10-17,1448.5040584762442,0.013810097879113845,10
2011-10-18,1424.3238414790615,-0.01669323386129759,10
2011-10-19,1414.3695609220729,-0.0069887761947815125,10
2011-10-20,1384.421562064775,-0.021174097410420756,10
2011-10-21,1373.1660417963765,-0.008130124939409039,10
2011-10-24,1396.615894151213,0.01707721545761474,10
2011-10-25,1416.5554969418583,0.014277084253550842,10
2011-10-26,1425.5284050707937,0.006334314573842342,10
2011-10-27,1433.839510686844,0.005830192921085844,10
2011-10-28,1462.4978795138068,0.019987152406781283,10
2011-10-31,1466.8006424513342,0.0029420643939379043,10
2011-11-01,1468.4561455885241,0.0011286490401471172,10
2011-11-02,1487.9393294569215,0.013267800966973414,10
2011-11-03,1488.0838993305024,9.716113467710119e-05,10
2011-11-04,1492.8859026978107,0.003226970851219396,10
2011-11-07,1491.1726007070167,-0.001147644295989264,10
2011-11-08,1489.7203946955271,-0.0009738684916830442,10
2011-11-09,1514.2748765459644,0.016482611057664853,10
2011-11-10,1511.3411385358554,-0.001937388023501324,10
2011-11-11,1523.9290886457463,0.008328993229209533,10
2011-11-14,1553.8615796542288,0.019641656053092454,10
2011-11-15,1569.1544453751164,0.009841845580795469,10
2011-11-16,1531.9604446844683,-0.023703212134581653,10
2011-11-17,1544.0761315888035,0.007908616013144368,10
2011-11-18,1509.0623729098284,-0.022676186725940142,10
2011-11-21,1489.5369664770856,-0.012938767000792079,10
2011-11-22,1487.846938636019,-0.0011345994621830002,10
2011-11-23,1488.7897396473627,0.0006336680117163342,10
2011-11-24,1485.6958921454457,-0.0020780956635621595,10
2011-11-25,1480.9081186668745,-0.0032225797378071202,10
2011-11-28,1506.7504575349317,0.017450332361821735,10
2011-11-29,1504.4057278884723,-0.0015561499482105961,10
2011-11-30,1424.0355840519335,-0.053423183883607735,10
2011-12-01,1445.4133284212255,0.015012085799474249,10
2011-12-02,1409.7369557635882,-0.02468247106632493,10
2011-12-05,1373.3715385991534,-0.02579588838595589,10
2011-12-06,1366.6103188367538,-0.00492308131657956,10
2011-12-07,1364.7129810467438,-0.0013883531858774254,10
2011-12-08,1357.7881587137972,-0.005074196867120898,10
2011-12-09,1353.8419962626886,-0.0029063167371019233,10
2011-12-12,1340.2784851368144,-0.01001853330249501,10
2011-12-13,1300.7964856891076,-0.029458056579693963,10
2011-12-14,1252.0664142986725,-0.03746171820614961,10
2011-12-15,1202.9894759260421,-0.03919675331289848,10
2011-12-16,1201.9066349208224,-0.000900125085787884,10
2011-12-19,1193.082705900341,-0.00734160937639119,10
2011-12-20,1202.9224289888145,0.008247310131822205,10
2011-12-21,1188.1205877603222,-0.012304900857933765,10
2011-12-22,1156.4633150170532,-0.026644831399601332,10
2011-12-23,1165.881048298997,0.008143564226941957,10
2011-12-26,1159.790809088127,-0.005223722625696525,10
2011-12-27,1120.9922947715731,-0.033453027918938796,10
2011-12-28,1096.5134593060316,-0.021836756220103837,10
2011-12-29,1103.7232231636542,0.006575171327295459,10
2011-12-30,1124.3261497175524,0.018666750976610812,10
2012-01-04,1103.588519298657,-0.01844449710976216,10
2012-01-05,1050.2701134510405,-0.04831366484448481,10
2012-01-06,1057.3954888796186,0.0067843265625880615,10
2012-01-09,1106.5591599304903,0.04649506411547484,10
2012-01-10,1151.3528672575198,0.04048017399254389,10
2012-01-11,1149.0257034800795,-0.002021242873163143,10
2012-01-12,1149.9582525962023,0.0008115998739612107,10
2012-01-13,1109.517075284465,-0.03516751779504631,10
2012-01-16,1076.9532909007744,-0.029349511701153064,10
2012-01-17,1126.8722453132302,0.046352014367032596,10
2012-01-18,1112.9165579254375,-0.012384445038766147,10
2012-01-19,1130.6299060131214,0.015916151091060125,10
2012-01-20,1149.165062946214,0.01639365528411692,10
2012-01-30,1146.7906676747973,-0.0020661916620830934,10
2012-01-31,1174.0305113822399,0.023753108980799062,10
2012-02-01,1170.1823709682724,-0.0032777175521928603,10
2012-02-02,1196.7243041095612,0.022681877457551,10
2012-02-03,1240.537619551947,0.03661103504953525,10
2012-02-06,1252.0089515657753,0.009247065008775285,10
2012-02-07,1226.2218021939464,-0.02059661741202362,10
2012-02-08,1255.4884226255076,0.02386731371045414,10
2012-02-09,1273.8662972159213,0.014638027925404085,10
2012-02-10,1276.735884183249,0.0022526594616713164,10
2012-02-13,1296.3591293740806,0.015369854825835735,10
2012-02-14,1307.0937015454613,0.008280554306400817,10
2012-02-15,1337.3840161242842,0.023173789716076948,10
2012-02-16,1327.6293364393775,-0.0072938509562688325,10
2012-02-17,1312.2742274502907,-0.011565810251126447,10
2012-02-20,1314.7656797849565,0.001898575985528922,10
2012-02-21,1339.2047605782848,0.01858816454451835,10
2012-02-22,1369.4153730297346,0.02255862086273086,10
2012-02-23,1372.1249419685694,0.0019786318981069545,10
2012-02-24,1403.8450111779928,0.023117478765392274,10
2012-02-27,1409.5872785897557,0.004090385595304613,10
2012-02-28,1388.1393302641688,-0.015215764679037782,10
2012-02-29,1388.7349543654884,0.0004290809202893431,10
2012-03-01,1404.4866824846765,0.011342501367645752,10
2012-03-02,1439.5435949596344,0.02496065851827009,10
2012-03-05,1459.9435570822557,0.014171131874052861,10
2012-03-06,1457.5164664531258,-0.0016624551116075081,10
2012-03-07,1453.863178677311,-0.0025065156105612075,10
2012-03-08,1481.0054049370399,0.018669037539297346,10
2012-03-09,1522.657144016375,0.028123961560495275,10
2012-03-12,1542.2258602102995,0.01285168908235471,10
2012-03-13,1577.556249438392,0.022908699782323,10
2012-03-14,1494.6877428699934,-0.05252966833854559,10
2012-03-15,1455.5880791269124,-0.026159085019326178,10
2012-03-16,1486.2569586256457,0.02106975176461266,10
2012-03-19,1515.2660561660157,0.019518224874919943,10
2012-03-20,1509.9088671342065,-0.003535477489256348,10
2012-03-21,1517.8748072809126,0.005275775459101221,10
2012-03-22,1544.3177442800338,0.017421026340433424,10
2012-03-23,1545.368370652545,0.0006803174906218561,10
2012-03-26,1577.6379415881465,0.02088147495989924,10
2012-03-27,1587.7345516948915,0.006399827134343148,10
2012-03-28,1536.1421044583183,-0.03249437834649295,10
2012-03-29,1527.4829760613807,-0.005636931877465328,10
2012-03-30,1536.668807737736,0.006013704781208676,10
2012-04-05,1570.7029947088633,0.022148030076325917,10
2012-04-06,1598.454765957554,0.017668376097948912,10
2012-04-09,1583.508412515768,-0.00935050134673796,10
2012-04-10,1588.7792477846724,0.0033285805286821677,10
2012-04-11,1608.7813901750358,0.012589629691005588,10
2012-04-12,1644.825569618149,0.022404647184035075,10
2012-04-13,1671.284239582041,0.016086003557224816,10
2012-04-16,1660.1896602256857,-0.006638355758760617,10
2012-04-17,1633.723322302215,-0.015941755666562252,10
2012-04-18,1659.0874551664258,0.015525353967811439,10
2012-04-19,1665.7356001087492,0.004007109403196807,10
2012-04-20,1683.278032902061,0.0105313429047003,10
2012-04-23,1599.5463611711352,-0.04974322131832728,10
2012-04-24,1565.1619324793214,-0.021496362672875975,10
2012-04-25,1582.8255875682528,0.011285512842080705,10
2012-04-26,1582.8596109649666,2.149535424560916e-05,10
2012-04-27,1588.464733991274,0.0035411371845481326,10
2012-05-02,1577.4521873629035,-0.0069328241242722945,10
2012-05-03,1573.0206698974757,-0.0028092879777460197,10
2012-05-04,1592.814219239289,0.012583146376012619,10
2012-05-07,1632.5907886437583,0.024972510242573038,10
2012-05-08,1647.135452795517,0.008908946597598763,10
2012-05-09,1639.2651055304214,-0.004778202819773061,10
2012-05-10,1660.4219643363158,0.012906307060717258,10
2012-05-11,1652.5200357887693,-0.004758988207377203,10
2012-05-14,1647.062103616367,-0.003302793342409966,10
2012-05-15,1650.648149376699,0.0021772377328447157,10
2012-05-16,1663.2107061078857,0.00761068113512289,10
2012-05-17,1701.9756693869447,0.023307307448599584,10
2012-05-18,1690.7599969049368,-0.006589796013974531,10
2012-05-21,1662.282381692046,-0.016843085514810507,10
2012-05-22,1676.0581443386402,0.008287257807889204,10
2012-05-23,1665.2819778384417,-0.006429470562580475,10
2012-05-24,1646.883126539919,-0.011048490011526265,10
2012-05-25,1612.0808535261529,-0.021132205712062473,10
2012-05-28,1601.4521245149406,-0.006593173653767844,10
2012-05-29,1623.647227871288,0.013859361148913549,10
2012-05-30,1644.969620930491,0.013132405052763856,10
2012-05-31,1605.7728311670026,-0.023828275771631824,10
2012-06-01,1597.2097678957698,-0.005332674152301752,10
2012-06-04,1550.979789751975,-0.02894421200835763,10
2012-06-05,1552.1626368634584,0.0007626450836426176,10
2012-06-06,1547.2906055695341,-0.003138866493893586,10
2012-06-07,1560.6115273152654,0.008609191898265292,10
2012-06-08,1567.130598792703,0.004177254469376063,10
2012-06-11,1592.568733864647,0.016232300672031557,10
2012-06-12,1596.543152500744,0.002495602576883946,10
2012-06-13,1629.037619062977,0.020353014894295418,10
2012-06-14,1613.485525192408,-0.009546798483091208,10
2012-06-15,1613.2477180854592,-0.00014738719575455337,10
2012-06-18,1632.402565249697,0.011873469244370148,10
2012-06-19,1638.3321221979263,0.0036324109471870506,10
2012-06-20,1668.5296267560361,0.01843185771002161,10
2012-06-21,1654.2013366945314,-0.00858737527445768,10
2012-06-25,1629.362943426061,-0.015015338651643827,10
2012-06-26,1646.3965050117379,0.010454123591310038,10
2012-06-27,1648.7373437901535,0.0014217952791384628,10
2012-06-28,1622.4592004295507,-0.015938344248450174,10
2012-06-29,1644.160235419221,0.013375396425330786,10
2012-07-02,1666.131461829792,0.013363190483054578,10
2012-07-03,1670.9300473034532,0.002880076142606004,10
2012-07-04,1668.544400595047,-0.001427735836252528,10
2012-07-05,1635.0823175480689,-0.020054655444017314,10
2012-07-06,1657.3302053208345,0.013606585756567813,10
2012-07-09,1616.205705874748,-0.024813702974854954,10
2012-07-10,1587.5520039647656,-0.017728994400792588,10
2012-07-11,1584.696666099067,-0.001798579107057669,10
2012-07-12,1593.0253387909324,0.005255688908822911,10
2012-07-13,1581.544471850857,-0.007206958144676546,10
2012-07-16,1509.4561390769084,-0.04558097104255608,10
2012-07-17,1520.7515309917042,0.00748308720099897,10
2012-07-18,1558.5213577460663,0.024836290468655306,10
2012-07-19,1578.179408761012,0.012613270211051322,10
2012-07-20,1578.9834362186357,0.0005094651806761213,10
2012-07-23,1551.3282644825276,-0.01751454201592955,10
2012-07-24,1563.6169114013856,0.007921371124477697,10
2012-07-25,1564.6073752165016,0.000633444041116439,10
2012-07-26,1547.5715070171177,-0.010888270418018826,10
2012-07-27,1550.814018664471,0.002095225734417277,10
2012-07-30,1494.559205451191,-0.03627437754381754,10
2012-07-31,1454.348725891976,-0.02690457454783526,10
2012-08-01,1453.44690485066,-0.000620085833102197,10
2012-08-02,1442.2296250412626,-0.00771770869094811,10
2012-08-03,1476.9437702062828,0.02406977679717759,10
2012-08-06,1518.897737359403,0.028405933928859397,10
2012-08-07,1535.0130215046993,0.010609854599765637,10
2012-08-08,1536.6045358653625,0.0010368083777575847,10
2012-08-09,1554.5276651048875,0.01166411319320457,10
2012-08-10,1553.0657609091052,-0.000940416969474642,10
2012-08-13,1516.52237022243,-0.023529841173810937,10
2012-08-14,1535.5455451084706,0.012543946109578688,10
2012-08-15,1532.6647504176185,-0.0018760724486675355,10
2012-08-16,1537.9335434880986,0.0034376683283441224,10
2012-08-17,1560.142379450196,0.01444069937620767,10
2012-08-20,1573.7217676228463,0.00870394160912148,10
2012-08-21,1623.3515042278352,0.03153653817723824,10
2012-08-22,1643.6336800465565,0.012494013629148419,10
2012-08-23,1681.4697932409713,0.02301979671853835,10
2012-08-24,1628.1968039947642,-0.03168239445058686,10
2012-08-27,1581.9440376319562,-0.028407356069811263,10
2012-08-28,1628.3638169410362,0.029343502807195887,10
2012-08-29,1649.7467851473464,0.01313156678123637,10
2012-08-30,1620.235267856932,-0.017888513289497553,10
2012-08-31,1647.2904841518284,0.016698325750359587,10
2012-09-03,1658.566445079638,0.006845156356023873,10
2012-09-04,1668.72807812143,0.006126756677091827,10
2012-09-05,1711.23496472003,0.02547262622107498,10
2012-09-06,1731.8569918986993,0.012050961792989801,10
2012-09-07,1764.8370104461808,0.019043153506181864,10
2012-09-10,1768.0694568198405,0.0018315835142432401,10
2012-09-11,1757.987558321073,-0.005702207263339943,10
2012-09-12,1774.2546938318035,0.0092532711245498,10
2012-09-13,1754.4588008410963,-0.011157300617283206,10
2012-09-14,1760.5360393566707,0.003463882145685515,10
2012-09-17,1695.1406059848637,-0.03714518300670726,10
2012-09-18,1693.2022449411033,-0.0011434809814105274,10
2012-09-19,1713.4600071992493,0.011964171627265175,10
2012-09-20,1662.5555475394992,-0.029708577641655288,10
2012-09-21,1653.8651694903292,-0.005227120418341136,10
2012-09-24,1651.6744646828463,-0.0013245969791830902,10
2012-09-25,1644.209433858885,-0.004519674417437181,10
2012-09-26,1596.3341612174875,-0.029117502707083066,10
2012-09-27,1629.0134022797968,0.02047142876237481,10
2012-09-28,1657.6587276200485,0.0175844626570675,10
2012-10-08,1656.2176854434206,-0.000869323795433341,10
2012-10-09,1711.5669144574065,0.03341905445187123,10
2012-10-10,1733.0563626505286,0.0125554239285671,10
2012-10-11,1690.2495823538368,-0.024700166260734437,10
2012-10-12,1708.255909340888,0.010653058089785495,10
2012-10-15,1715.1551531767248,0.004038764799882233,10
2012-10-16,1717.4629606117626,0.0013455385833540667,10
2012-10-17,1730.691701619726,0.0077024898419068896,10
2012-10-18,1755.0034097002197,0.014047393916398,10
2012-10-19,1773.7715863018718,0.010694096944722254,10
2012-10-22,1779.082022382438,0.00299386692265039,10
2012-10-23,1752.7063943327717,-0.014825414296720175,10
2012-10-24,1762.2298452043744,0.005433568852373771,10
2012-10-25,1738.9112191427243,-0.013232454395837246,10
2012-10-26,1695.2364449884878,-0.025116161005487102,10
2012-10-29,1692.5126701919673,-0.0016067226519183354,10
2012-10-30,1690.6032700955604,-0.0011281452304816365,10
2012-10-31,1705.5072113058684,0.00881575321303234,10
2012-11-01,1729.8736490596273,0.014286915700052716,10
2012-11-02,1733.7856227520717,0.002261421633060268,10
2012-11-05,1737.712889311499,0.0022651396504220654,10
2012-11-06,1725.0383421212189,-0.007293809735912216,10
2012-11-07,1727.645607477107,0.0015114245824136897,10
2012-11-08,1685.3950725002962,-0.02445555662223431,10
2012-11-09,1690.9163298199762,0.0032759424836155794,10
2012-11-12,1705.5694198950557,0.008665768859562394,10
2012-11-13,1677.2596478669507,-0.016598428476659155,10
2012-11-14,1679.1507224061481,0.0011274787070699288,10
2012-11-15,1651.9153866750364,-0.01621970878950335,10
2012-11-16,1637.2247419177763,-0.008893097597952182,10
2012-11-19,1641.4352534292577,0.002571737039930888,10
2012-11-20,1652.962816472159,0.007022855771385339,10
2012-11-21,1669.2880712568974,0.009876359360327736,10
2012-11-22,1660.5752625322884,-0.005219475820041408,10
2012-11-23,1658.5937059183968,-0.0011932952745965953,10
2012-11-26,1640.7415029209908,-0.010763457580782797,10
2012-11-27,1568.2856192678144,-0.04416045033552459,10
2012-11-28,1527.9433419968407,-0.025723807433628277,10
2012-11-29,1496.5263393115695,-0.020561628053703106,10
2012-11-30,1509.4876762450244,0.008660948085562859,10
2012-12-03,1466.6900193930821,-0.028352438728353746,10
2012-12-04,1496.2869291518775,0.02017938989660715,10
2012-12-05,1547.9463598449593,0.03452508318198264,10
2012-12-06,1552.2332116569532,0.002769380078792405,10
2012-12-07,1583.202652227315,0.019951538427207694,10
2012-12-10,1600.8024768416005,0.01111659621686798,10
2012-12-11,1585.7612526794758,-0.009396052529729559,10
2012-12-12,1583.4943953725276,-0.00142950731272925,10
2012-12-13,1567.4851383525124,-0.010110081265080072,10
2012-12-14,1646.4716079831408,0.05039057002712388,10
2012-12-17,1671.7317886208432,0.015342008034165345,10
2012-12-18,1684.3083464030167,0.0075230715045197846,10
2012-12-19,1686.935840894789,0.0015599842495489292,10
2012-12-20,1702.5503207411768,0.009256119567716149,10
2012-12-21,1715.9129238376058,0.007848580411186823,10
2012-12-24,1726.741130356323,0.006310463875113248,10
2012-12-25,1766.1883577068136,0.0228448993638962,10
2012-12-26,1806.3716849486918,0.02275143931650152,10
2012-12-27,1791.4740647620501,-0.008247261795993477,10
2012-12-28,1805.5191911052382,0.007839983072852209,10
2012-12-31,1834.213924394547,0.01589278775361198,10
2013-01-04,1820.3580707021902,-0.007554109969441214,10
2013-01-07,1839.8480347841792,0.01070666502138835,10
2013-01-08,1856.9765822169218,0.009309762061273619,10
2013-01-09,1857.3808271703197,0.0002176898498716816,10
2013-01-10,1861.6583878083718,0.002303006780019909,10
2013-01-11,1826.629708308275,-0.018815847058457562,10
2013-01-14,1888.4220106380797,0.033828587178204375,10
2013-01-15,1908.9079441119675,0.010848175544705543,10
2013-01-16,1901.615271707049,-0.003820337396265034,10
2013-01-17,1891.513002619678,-0.005312467373225525,10
2013-01-18,1921.8888885325634,0.016059041556053717,10
2013-01-21,1939.5805440850868,0.009205347748293477,10
2013-01-22,1898.1703913226627,-0.021350055757523405,10
2013-01-23,1904.9031244499172,0.003546959302511859,10
2013-01-24,1864.0779799992677,-0.02143161188967999,10
2013-01-25,1852.835570799746,-0.006031083098533261,10
2013-01-28,1898.8997036656367,0.02486142515388338,10
2013-01-29,1910.5571184121834,0.00613903658210244,10
2013-01-30,1926.6954615124366,0.008446930450142961,10
2013-01-31,1920.631964782793,-0.0031470965966172836,10
2013-02-01,1916.1550330263788,-0.0023309680555693773,10
2013-02-04,1886.055951960903,-0.01570806148077555,10
2013-02-05,1918.4894708002175,0.017196477551789345,10
2013-02-06,1938.582825806146,0.010473528946472266,10
2013-02-07,1952.2747957441109,0.007062875908988342,10
2013-02-08,1969.4342834725521,0.008789483819515798,10
2013-02-18,1994.048755058058,0.012498244694971582,10
2013-02-19,1973.963675430959,-0.010072511806018624,10
2013-02-20,2003.8662170673986,0.01514847613895991,10
2013-02-21,1967.160622369779,-0.018317387850041743,10
2013-02-22,2012.7106482089946,0.023155214333409602,10
2013-02-25,2050.42989114462,0.01874051939318243,10
2013-02-26,2078.830079425433,0.01385084581700029,10
2013-02-27,2073.7006928487517,-0.0024674390790509703,10
2013-02-28,2099.716014861776,0.012545360139358197,10
2013-03-01,2129.7726274734305,0.014314608451292354,10
2013-03-04,2051.297679456311,-0.036846631891506186,10
2013-03-05,2096.698576501508,0.0221327686858351,10
2013-03-06,2127.182240904643,0.014538887346410834,10
2013-03-07,2110.8628026324227,-0.007671857144350735,10
2013-03-08,2123.9436662683866,0.006196927445806066,10
2013-03-11,2143.190804754127,0.00906198162946389,10
2013-03-12,2077.632409281823,-0.03058915488386711,10
2013-03-13,2059.0042021806894,-0.00896607456541032,10
2013-03-14,2063.409922990164,0.002139733762956164,10
2013-03-15,2066.437393476566,0.0014672171790346856,10
2013-03-18,2070.883665459452,0.00215166062950768,10
2013-03-19,2078.566465295351,0.003709913774511489,10
2013-03-20,2129.189320994219,0.024354696635440508,10
2013-03-21,2137.373627564275,0.0038438604258236196,10
2013-03-22,2148.746256294901,0.005320842637880718,10
2013-03-25,2146.9860639935105,-0.0008191717827239709,10
2013-03-26,2116.699338690269,-0.014106624076966024,10
2013-03-27,2127.212642806898,0.0049668386645475016,10
2013-03-28,2071.345309634157,-0.026263163375629128,10
2013-03-29,2048.4710170530498,-0.011043205821219182,10
2013-04-01,2049.3851147241194,0.00044623412460321755,10
2013-04-02,2028.9134607120864,-0.009989168880436983,10
2013-04-03,1997.3332456486075,-0.015565087262221156,10
2013-04-08,1990.5664123602496,-0.003387934038098073,10
2013-04-09,2013.147269673918,0.01134393566245977,10
2013-04-10,2005.819504654051,-0.00363995477641037,10
2013-04-11,2013.2142796690923,0.003686660239310524,10
2013-04-12,1993.8522651173473,-0.009617463350661059,10
2013-04-15,1987.5717748727432,-0.0031499275821394333,10
2013-04-16,2017.4339729647065,0.015024462748710143,10
2013-04-17,2030.8790647568308,0.006664451958428208,10
2013-04-18,2045.2346939264069,0.007068677509507548,10
2013-04-19,2068.3656740046404,0.011309694748932087,10
2013-04-22,2086.5861261751297,0.008809105855645061,10
2013-04-23,2032.76129758482,-0.025795641941209778,10
2013-04-24,2079.2912986813576,0.02289004673191162,10
2013-04-25,2047.7331575468984,-0.015177354493077933,10
2013-04-26,2004.5181488679573,-0.021103828162215663,10
2013-05-02,2015.0323670358953,0.005245259651989709,10
2013-05-03,2058.8864471001893,0.02176346185883029,10
2013-05-06,2108.0867299946826,0.023896549983992064,10
2013-05-07,2108.520091352392,0.00020557093384390157,10
2013-05-08,2163.166275195792,0.025916842845139888,10
2013-05-09,2148.9970572311304,-0.0065502213709296205,10
2013-05-10,2181.4823106472977,0.015116471801046994,10
2013-05-13,2239.210231354539,0.026462704018036177,10
2013-05-14,2218.308962178473,-0.009334214752771219,10
2013-05-15,2265.595071017295,0.02131628625454633,10
2013-05-16,2259.2588128900434,-0.002796730187273481,10
2013-05-17,2293.0364197867216,0.014950746990102558,10
2013-05-20,2345.1933895891434,0.022745809596549482,10
2013-05-21,2391.6898236512084,0.019826268600480274,10
2013-05-22,2352.9660127178986,-0.016190983692941127,10
2013-05-23,2370.1285437183556,0.0072939986840831784,10
2013-05-24,2424.568830657933,0.02296933939885373,10
2013-05-27,2435.353460249158,0.004448060807701709,10
2013-05-28,2438.78883775247,0.0014106278860072468,10
2013-05-29,2457.130321447443,0.007520734641329455,10
2013-05-30,2530.382455942074,0.029812067294615403,10
2013-05-31,2531.62054344492,0.0004892886843798072,10
2013-06-03,2485.9396223591552,-0.018044142201344364,10
2013-06-04,2413.8750515103156,-0.028988866101442294,10
2013-06-05,2437.6326343681335,0.009842093045766125,10
2013-06-06,2374.651881888193,-0.025836851538651118,10
2013-06-07,2346.817721678009,-0.011721364475559128,10
2013-06-13,2342.10876751771,-0.002006527442162057,10
2013-06-14,2401.1005537109363,0.025187466530748895,10
2013-06-17,2411.173272997947,0.004195042673845332,10
2013-06-18,2392.4772457938193,-0.007753912758365085,10
2013-06-19,2398.9563836350167,0.002708129346930457,10
2013-06-20,2340.169869872663,-0.024505036508115714,10
2013-06-21,2320.927498363188,-0.008222638773877609,10
2013-06-24,2176.109397063617,-0.06239665021923461,10
2013-06-25,2157.4012797661435,-0.008597048164360552,10
2013-06-26,2220.7648836485387,0.029370337580064687,10
2013-06-27,2203.1567701055474,-0.007928850853433336,10
2013-06-28,2134.0256241909246,-0.031378223670987665,10
2013-07-01,2198.6392332198116,0.030277803741641598,10
2013-07-02,2240.726878243752,0.01914258800990508,10
2013-07-03,2278.6663257813293,0.016931759022462148,10
2013-07-04,2283.5981555135313,0.0021643492407828046,10
2013-07-05,2270.9649418924932,-0.005532152664660611,10
2013-07-08,2182.810834383772,-0.03881790770193862,10
2013-07-09,2250.898342662877,0.031192583070684027,10
2013-07-10,2325.4316979838904,0.03311271500286349,10
2013-07-11,2391.5232308262634,0.02842118859034791,10
2013-07-12,2417.30263271632,0.010779490476097263,10
2013-07-15,2472.801277630313,0.02295891468567552,10
2013-07-16,2514.079938337097,0.016693076423165445,10
2013-07-17,2518.18638882966,0.0016333810353218706,10
2013-07-18,2534.348218921521,0.006418043622010344,10
2013-07-19,2457.463235776758,-0.03033718199051627,10
2013-07-22,2520.708568171445,0.02573602382893672,10
2013-07-23,2575.2729145252856,0.021646431897290652,10
2013-07-24,2604.001396843502,0.011155509832056848,10
2013-07-25,2546.0291522225466,-0.022262754809282206,10
2013-07-26,2548.603186657381,0.0010109995922815002,10
2013-07-29,2524.418421826059,-0.00948941952122466,10
2013-07-30,2543.930568858275,0.007729363271759743,10
2013-07-31,2573.2557719676165,0.01152751709041444,10
2013-08-01,2674.281648029546,0.03925994343915552,10
2013-08-02,2709.9628857323783,0.013342363445197779,10
2013-08-05,2747.6093828503485,0.01389188660707298,10
2013-08-06,2781.0315125565653,0.01216407612917129,10
2013-08-07,2741.1234233292903,-0.01435010320706073,10
2013-08-08,2756.3741332548525,0.005563671374942847,10
2013-08-09,2759.414621262019,0.0011030752213510337,10
2013-08-12,2804.4387720408067,0.016316558748317358,10
2013-08-13,2814.8107485544124,0.0036984143198313113,10
2013-08-14,2863.169167439669,0.017179989422056723,10
2013-08-15,2813.487272184519,-0.0173520642161625,10
2013-08-16,2770.8393024884367,-0.01515840150325913,10
2013-08-19,2846.347653285409,0.027251075415726744,10
2013-08-20,2871.495657991792,0.008835183810858946,10
2013-08-21,2909.5754011802624,0.013261292275504146,10
2013-08-22,2907.578219210382,-0.0006864169834094642,10
2013-08-23,2880.8426378809713,-0.009195137435260934,10
2013-08-26,2928.8666862197533,0.016670139391614467,10
2013-08-27,2940.1297204512202,0.003845526423056102,10
2013-08-28,2963.998786139554,0.008118371622280143,10
2013-08-29,3013.729460670152,0.016778237144749228,10
2013-08-30,3029.329331779453,0.005176267914184893,10
2013-09-02,3080.9864835637422,0.017052339355241402,10
2013-09-03,3165.7581024891924,0.027514440383846,10
2013-09-04,3148.958988891354,-0.005306505757540373,10
2013-09-05,3173.9684033559965,0.007942121365463573,10
2013-09-06,3189.36827772152,0.004851930582938487,10
2013-09-09,3207.72303269329,0.005754981354766232,10
2013-09-10,3200.673553090779,-0.002197658442035804,10
2013-09-11,3194.341851544281,-0.001978240342687771,10
2013-09-12,3155.28801523398,-0.012225941406809835,10
2013-09-13,3203.648391792977,0.015326770908236911,10
2013-09-16,3259.093628508372,0.017306904483473717,10
2013-09-17,3293.3387108594143,0.010507547881254091,10
2013-09-18,3349.6416355268057,0.01709600184206339,10
2013-09-23,3415.7946443209585,0.01974927947292155,10
2013-09-24,3415.2538389012498,-0.00015832492173022722,10
2013-09-25,3395.0271101291783,-0.005922467179944332,10
2013-09-26,3378.278918194457,-0.004933154107886861,10
2013-09-27,3335.839826153674,-0.012562341082087203,10
2013-09-30,3367.721368526976,0.009557276138783363,10
2013-10-08,3386.8183262980197,0.005670587225390433,10
2013-10-09,3435.3994196079193,0.01434416866493152,10
2013-10-10,3398.2141799830947,-0.010824138646756989,10
2013-10-11,3440.684870674963,0.012497944050153888,10
2013-10-14,3458.938731215139,0.005305298574639651,10
2013-10-15,3447.485874024692,-0.00331108992682965,10
2013-10-16,3328.3137849296572,-0.03456782520646267,10
2013-10-17,3340.9069132754453,0.0037836361471713653,10
2013-10-18,3416.937980360411,0.02275761314475655,10
2013-10-21,3523.762405610486,0.03126320286293496,10
2013-10-22,3551.524948478905,0.00787866481128699,10
2013-10-23,3494.3536309337665,-0.016097681523995738,10
2013-10-24,3526.501499032589,0.00919994696994414,10
2013-10-25,3473.400716995445,-0.01505763773295174,10
2013-10-28,3502.158404565239,0.008279403936632596,10
2013-10-29,3400.929988156335,-0.02890457960923401,10
2013-10-30,3522.1905269881613,0.0356551117647565,10
2013-10-31,3507.6688273146706,-0.004122917134158521,10
2013-11-01,3538.20983507669,0.008706924531812293,10
2013-11-04,3601.172499039681,0.01779506216358323,10
2013-11-05,3669.0191605159857,0.018840158724525713,10
2013-11-06,3660.1043804913975,-0.00242974474500548,10
2013-11-07,3611.8017356565815,-0.013197067573338116,10
2013-11-08,3585.597939538917,-0.007255048320890423,10
2013-11-11,3631.1870983451904,0.012714520583458266,10
2013-11-12,3718.8658833638992,0.024146038924478953,10
2013-11-13,3638.1721583809554,-0.02169847677054505,10
2013-11-14,3789.1679720898514,0.041503207417235434,10
2013-11-15,3901.2834126177745,0.029588406044213377,10
2013-11-18,4006.6372104150782,0.027004907527754075,10
2013-11-19,4038.445917203724,0.007939003488002517,10
2013-11-20,4099.8732339858425,0.015210632515948452,10
2013-11-21,4058.4160968096057,-0.010111809514640233,10
2013-11-22,4065.9866989242446,0.0018654080641435228,10
2013-11-25,4105.315444844678,0.00967262040744965,10
2013-11-26,4290.0334404837195,0.04499483611448302,10
2013-11-27,4315.471581246399,0.00592959032035216,10
2013-11-28,4342.532843504167,0.006270754365610448,10
2013-11-29,4418.396503525566,0.017469910477448655,10
2013-12-02,4026.6602715259182,-0.08866027113842548,10
2013-12-03,4044.148458374247,0.004343099658045246,10
2013-12-04,4061.195517599959,0.00421524071165412,10
2013-12-05,4044.7797619160315,-0.004042099330797216,10
2013-12-06,4056.527918924383,0.0029045232867725423,10
2013-12-09,4150.928555850416,0.02327128983524022,10
2013-12-10,4191.618544785832,0.00980262328968932,10
2013-12-11,4131.605522300532,-0.014317386432969327,10
2013-12-12,4153.130353574342,0.00520979826307925,10
2013-12-13,4178.536963432792,0.006117460251779468,10
2013-12-16,4080.1260278573095,-0.023551529264117115,10
2013-12-17,4037.2844683923217,-0.010500057883625267,10
2013-12-18,4051.33079132944,0.0034791511589253496,10
2013-12-19,4007.169477812388,-0.010900446246345933,10
2013-12-20,3925.3525859574384,-0.020417627032739156,10
2013-12-23,3907.6973531543035,-0.004497744448815825,10
2013-12-24,3960.0178660543515,0.01338909034442353,10
2013-12-25,4058.4066486723896,0.024845540082391062,10
2013-12-26,4001.4127576129063,-0.014043415555246932,10
2013-12-27,4139.0273371114845,0.0343914981619327,10
2013-12-30,4182.094094285593,0.010405042940393608,10
2013-12-31,4215.789000641585,0.008056946017076147,10
2014-01-02,4302.051953785658,0.020461876325154234,10
2014-01-03,4297.79588385146,-0.0009893116075581077,10
2014-01-06,4135.058570010521,-0.03786529612828002,10
2014-01-07,4173.168012798771,0.009216179684766204,10
2014-01-08,4176.343661628661,0.0007609683626804574,10
2014-01-09,4099.85504245512,-0.018314733022644105,10
2014-01-10,3986.0488236743663,-0.027758595755766842,10
2014-01-13,3994.243546840882,0.0020558511771970015,10
2014-01-14,4113.250234947931,0.029794549759283775,10
2014-01-15,4140.126651150335,0.00653410676891254,10
2014-01-16,4172.370145471614,0.0077880454000894385,10
2014-01-17,4149.7004957446115,-0.0054332786729399795,10
2014-01-20,4126.037533025165,-0.005702330263042381,10
2014-01-21,4194.934705846253,0.0166981449561784,10
2014-01-22,4270.434289234856,0.017997797029685157,10
2014-01-23,4297.384602614529,0.0063109069369387105,10
2014-01-24,4333.479461599932,0.00839926195189559,10
2014-01-27,4332.90827658669,-0.00013180748133296346,10
2014-01-28,4303.287717756896,-0.006836184137534371,10
2014-01-29,4364.663448900612,0.014262520930324355,10
2014-01-30,4383.3010276879,0.004270106734571437,10
2014-02-07,4461.225538112213,0.01777758587240265,10
2014-02-10,4576.351617833954,0.02580593129359183,10
2014-02-11,4574.520635624002,-0.0004000964879570616,10
2014-02-12,4623.090356446969,0.010617444906627119,10
2014-02-13,4536.908408185756,-0.018641631812588377,10
2014-02-14,4640.107775999576,0.022746627996196953,10
2014-02-17,4742.733798079946,0.022117163444175,10
2014-02-18,4788.524947621252,0.009655011537827564,10
2014-02-19,4785.564073683812,-0.000618326931534753,10
2014-02-20,4705.025698320833,-0.01682944249056575,10
2014-02-21,4667.571851096421,-0.007960391637771303,10
2014-02-24,4688.326678469841,0.004446600509972797,10
2014-02-25,4501.458128018189,-0.03985826143681622,10
2014-02-26,4582.49239324472,0.018001781405485782,10
2014-02-27,4555.502098813023,-0.005889872173379946,10
2014-02-28,4684.689925400746,0.028358636169080964,10
2014-03-03,4734.212948541601,0.010571248882949013,10
2014-03-04,4746.967326143005,0.002694086163853989,10
2014-03-05,4776.87684899719,0.006300764424786418,10
2014-03-06,4773.800429450597,-0.0006440232067607873,10
2014-03-07,4775.11871156852,0.000276149398661496,10
2014-03-10,4686.646517521411,-0.018527747557934036,10
2014-03-11,4764.696748101565,0.016653748109305467,10
2014-03-12,4783.348757604332,0.003914626782952746,10
2014-03-13,4850.415093526116,0.014020791566821367,10
2014-03-14,4885.081836525584,0.007147170361921773,10
2014-03-17,4928.187889206133,0.008824018537058432,10
2014-03-18,4922.182015136182,-0.0012186779816382276,10
2014-03-19,4977.003074942431,0.011137552337087398,10
2014-03-20,4851.495601091136,-0.025217479668273323,10
2014-03-21,4958.642018739994,0.02208523442230035,10
2014-03-24,4995.83348397508,0.007500332771458451,10
2014-03-25,4989.637285277062,-0.0012402732632888936,10
2014-03-26,5007.833196632673,0.0036467402969955825,10
2014-03-27,4978.8834065398405,-0.005780901431041954,10
2014-03-28,4873.596719050026,-0.02114664652550793,10
2014-03-31,4782.204698065574,-0.018752479175639714,10
2014-04-01,4916.137372913013,0.028006470509640755,10
2014-04-02,4962.118605828515,0.009353122060593874,10
2014-04-03,4949.950533292879,-0.002452193005089303,10
2014-04-04,5021.889511900859,0.014533272226485138,10
2014-04-08,5090.40672411266,0.01364371160485082,10
2014-04-09,5127.203958293407,0.0072287414690149765,10
2014-04-10,5118.352865519491,-0.0017263001132611366,10
2014-04-11,5139.5988764677695,0.00415094689766413,10
2014-04-14,5267.690562208392,0.024922506370507785,10
2014-04-15,5205.271384175198,-0.011849439008624266,10
2014-04-16,5230.985478621153,0.0049400103372378,10
2014-04-17,5277.634344182038,0.008917796799768982,10
2014-04-18,5248.386431935801,-0.005541860299298608,10
2014-04-21,5160.681873270812,-0.016710766214034358,10
2014-04-22,5105.399915581271,-0.01071214212522345,10
2014-04-23,5099.601055941639,-0.001135828678559353,10
2014-04-24,5087.974768522864,-0.0022798425389038562,10
2014-04-25,4995.921817524414,-0.018092257761957248,10
2014-04-28,4848.390852991114,-0.029530278879825234,10
2014-04-29,5044.111402799395,0.04036814599786985,10
2014-04-30,5113.923691421629,0.013840354236325653,10
2014-05-05,5247.646808345664,0.026148829156045023,10
2014-05-06,5242.310853393577,-0.0010168281416349234,10
2014-05-07,5159.430701433062,-0.01580985070865526,10
2014-05-08,5184.429683534261,0.004845298550914867,10
2014-05-09,5219.750489671599,0.006812862415612803,10
2014-05-12,5305.709277471175,0.016467987879815862,10
2014-05-13,5291.553809449824,-0.002667969027525949,10
2014-05-14,5338.658862594663,0.00890193218118983,10
2014-05-15,5224.24981624683,-0.021430297251139294,10
2014-05-16,5229.738621513221,0.0010506398927020433,10
2014-05-19,5196.933118964908,-0.006272876126803594,10
2014-05-20,5230.350215343672,0.006430157097234244,10
2014-05-21,5306.033313653278,0.014469986749182366,10
2014-05-22,5287.642444171699,-0.00346602978052483,10
2014-05-23,5357.899724356007,0.013287070925483832,10
2014-05-26,5420.043871216442,0.011598602074977106,10
2014-05-27,5394.381321724871,-0.004734749404493711,10
2014-05-28,5426.661888005776,0.005984109086041251,10
2014-05-29,5348.946724636829,-0.014320988661688428,10
2014-05-30,5379.8978961181965,0.0057864048895476024,10
2014-06-03,5400.526362244653,0.003834360154184335,10
2014-06-04,5321.935307193136,-0.014552480587994321,10
2014-06-05,5427.876961296669,0.019906603141218438,10
2014-06-06,5451.112030297632,0.004280691910785783,10
2014-06-09,5476.565789283818,0.004669461725371337,10
2014-06-10,5527.875311382173,0.00936892280172259,10
2014-06-11,5552.776296291897,0.004504621306933587,10
2014-06-12,5547.688095406325,-0.0009163345710449633,10
2014-06-13,5616.423542486445,0.012389926379789428,10
2014-06-16,5650.856411312114,0.006130746473301962,10
2014-06-17,5647.784163771989,-0.000543678217336152,10
2014-06-18,5589.583214255463,-0.01030509449880539,10
2014-06-19,5448.986885628774,-0.025153275877191905,10
2014-06-20,5508.932430891744,0.01100122766326921,10
2014-06-23,5596.92313186218,0.01597236888893766,10
2014-06-24,5643.838130415746,0.008382283881386288,10
2014-06-25,5682.70767447484,0.0068870763407651745,10
2014-06-26,5785.790313746824,0.018139704728258665,10
2014-06-27,5882.922519516821,0.016788061872760086,10
2014-06-30,5875.815925175669,-0.001208004068993862,10
2014-07-01,5927.657209855483,0.008822823134689106,10
2014-07-02,6024.932651162437,0.016410436343252142,10
2014-07-03,6163.049643098416,0.02292423831647823,10
2014-07-04,6236.974407483225,0.011994835132894377,10
2014-07-07,6292.691776046606,0.008933397016433208,10
2014-07-08,6447.819573899699,0.024652057239414348,10
2014-07-09,6414.183939671191,-0.005216590483496497,10
2014-07-10,6436.629646576331,0.0034993862221996347,10
2014-07-11,6547.8118735387825,0.01727336091514766,10
2014-07-14,6721.384249169166,0.026508454882741606,10
2014-07-15,6724.98461368135,0.0005356581886578615,10
2014-07-16,6721.06042660574,-0.0005835235767865808,10
2014-07-17,6738.665697876022,0.002619418685865363,10
2014-07-18,6877.8975592049865,0.020661636527369125,10
2014-07-21,7075.283578246521,0.028698598276934734,10
2014-07-22,7236.870596130419,0.022838239075068014,10
2014-07-23,7098.100301481265,-0.01917545613201299,10
2014-07-24,6969.459004402236,-0.018123341685124306,10
2014-07-25,7036.704396958707,0.009648581405528739,10
2014-07-28,7141.324381474369,0.014867753228468783,10
2014-07-29,7187.267782954805,0.006433456740827903,10
2014-07-30,7268.123220890981,0.011249815698801655,10
2014-07-31,7343.004260495294,0.010302665121180117,10
2014-08-01,7380.100422416733,0.005051905270028584,10
2014-08-04,7426.288513629902,0.006258463783619342,10
2014-08-05,7425.3859384679,-0.00012153785303989362,10
2014-08-06,7523.639113538087,0.013232063071789627,10
2014-08-07,7485.425063796565,-0.005079197601697776,10
2014-08-08,7714.622066786845,0.030619103262257856,10
2014-08-11,7791.52377301434,0.009968305065594022,10
2014-08-12,7831.809379929502,0.005170440094746283,10
2014-08-13,7882.4796998463335,0.006469810162474554,10
2014-08-14,7864.240557938546,-0.0023138837779871357,10
2014-08-15,8010.130343306203,0.01855103290557275,10
2014-08-18,8243.409020116182,0.02912295640793437,10
2014-08-19,8280.51795889487,0.004501649583095164,10
2014-08-20,8334.011686718217,0.006460191027770702,10
2014-08-21,8509.597640748127,0.02106859944889897,10
2014-08-22,8906.183057172218,0.04660448509633941,10
2014-08-25,8796.875833623304,-0.012273184016904803,10
2014-08-26,8492.793599921552,-0.034567071248123436,10
2014-08-27,8597.730197191377,0.012355957558039999,10
2014-08-28,8595.628703775703,-0.00024442421051549255,10
2014-08-29,8668.552130000448,0.008483780388595985,10
2014-09-01,8841.400475925764,0.01993970196327437,10
2014-09-02,8998.41902301827,0.017759465541692387,10
2014-09-03,9081.873158584782,0.009274310893172677,10
2014-09-04,9250.000230463074,0.01851237833236723,10
2014-09-05,9406.45692372779,0.01691423668828196,10
2014-09-09,9583.54517375345,0.018826243660240938,10
2014-09-10,9647.768484672124,0.006701414743112477,10
2014-09-11,9838.188347372608,0.0197371923883759,10
2014-09-12,10066.889704756488,0.023246287762416773,10
2014-09-15,10246.804910341225,0.017871975442397936,10
2014-09-16,9913.90697600895,-0.03248797427540656,10
2014-09-17,9879.043145592559,-0.003516659022599178,10
2014-09-18,9901.227492814363,0.0022455967541452626,10
2014-09-19,10204.377328093355,0.030617399256708144,10
2014-09-22,9870.928118371301,-0.03267707563145911,10
2014-09-23,9940.190845745597,0.007016840417000791,10
2014-09-24,10038.738279820434,0.009914038432875194,10
2014-09-25,9936.679061133655,-0.010166538447559381,10
2014-09-26,10243.044490889544,0.030831772654730066,10
2014-09-29,10831.315268371645,0.057431243025970025,10
2014-09-30,11464.909830999652,0.05849654884279437,10
2014-10-08,12173.089761016075,0.061769341447552806,10
2014-10-09,12056.214548561049,-0.009601113172541864,10
2014-10-10,11893.153059290693,-0.013525098497008559,10
2014-10-13,11901.161916569676,0.0006734006734006037,10
2014-10-14,12173.46306405512,0.02288021534320328,10
2014-10-15,12133.418777660203,-0.003289473684210509,10
2014-10-16,11909.17077384866,-0.018481848184818572,10
2014-10-17,11143.65612284016,-0.06427942512080637,10
2014-10-20,11045.776633043477,-0.008783426975646602,10
2014-10-21,10830.54446003036,-0.019485472154963657,10
2014-10-22,10592.988820960996,-0.021933859368386505,10
2014-10-23,10332.559935517791,-0.0245850240989474,10
2014-10-24,10430.75902591824,0.009503849095797934,10
2014-10-27,10688.113810520492,0.02467268047922307,10
2014-10-28,10924.208634601613,0.022089475118493757,10
2014-10-29,11103.108599578682,0.01637646908448957,10
2014-10-30,11125.335299852248,0.002001844805373502,10
2014-10-31,11191.941567617389,0.005986899807507366,10
2014-11-03,11303.373589338846,0.009956451349234544,10
2014-11-04,11165.571489886916,-0.012191236391753235,10
2014-11-05,11252.081041943915,0.007747883942649396,10
2014-11-06,11236.78053085082,-0.0013597938937747929,10
2014-11-07,11199.408727200767,-0.003325846184095852,10
2014-11-10,11349.37669968424,0.01339070446810601,10
2014-11-11,10888.930866268473,-0.040570142801637656,10
2014-11-12,11243.038678923142,0.03251997987714461,10
2014-11-13,11305.306831341233,0.005538373939318053,10
2014-11-14,11689.717498008298,0.03400267435478872,10
2014-11-17,11899.34728569322,0.01793283607757328,10
2014-11-18,12120.902040813398,0.01861906790354421,10
2014-11-19,12576.424451336183,0.037581560265808014,10
2014-11-20,12953.353546005623,0.029971085671284835,10
2014-11-21,13315.950662478319,0.027992528358380897,10
2014-11-24,13726.413628258597,0.030824908876906643,10
2014-11-25,14223.46610155188,0.036211386801720556,10
2014-11-26,14664.745016894021,0.031024710305598103,10
2014-11-27,15151.428463638385,0.033187310531734224,10
2014-11-28,15418.61317331416,0.01763429173143529,10
2014-12-01,15801.752302780716,0.02484913040880201,10
2014-12-02,16526.341598684397,0.04585499645986554,10
2014-12-03,16256.562657794393,-0.016324177936118754,10
2014-12-04,16363.690422847378,0.0065898165133710055,10
2014-12-05,15532.76202952892,-0.05077878961571507,10
2014-12-08,15114.838276264727,-0.026905952236291907,10
2014-12-09,14799.56228486958,-0.020858707558269702,10
2014-12-10,15358.225172621227,0.03774860884384379,10
2014-12-11,15821.750925396631,0.030180945230684725,10
2014-12-12,16242.082958149202,0.026566720379718894,10
2014-12-15,16343.211872620299,0.006226351307998719,10
2014-12-16,16209.107628630887,-0.008205501160642448,10
2014-12-17,15736.107907048792,-0.02918110807942404,10
2014-12-18,15508.937793336894,-0.014436232583925013,10
2014-12-19,15358.566514140412,-0.00969578195491164,10
2014-12-22,14482.819823611191,-0.057020079948407465,10
2014-12-23,14638.978797300404,0.010782359760813126,10
2014-12-24,15339.374625008251,0.04784458242654266,10
2014-12-25,15682.766638102126,0.022386311142960982,10
2014-12-26,15912.907273082736,0.014674747147067221,10
2014-12-29,15859.360120516765,-0.003365013799618302,10
2014-12-30,15816.387721240406,-0.0027095922502425596,10
2014-12-31,16310.289043761772,0.031227188611346823,10
2015-01-05,16721.017926243934,0.025182195200841927,10
2015-01-06,17227.090156064492,0.030265635265319047,10
2015-01-07,17451.63946179929,0.013034662482203807,10
2015-01-08,17654.575519825878,0.011628481007231817,10
2015-01-09,17600.169690153234,-0.0030816843832662923,10
2015-01-12,17414.84414743007,-0.010529758859475625,10
2015-01-13,17893.488871165857,0.027484869786010502,10
2015-01-14,17758.235369334005,-0.007558811073999373,10
2015-01-15,17768.851438667305,0.0005978110500570116,10
2015-01-16,17954.257719296773,0.010434342437350851,10
2015-01-19,17560.62278102825,-0.021924322599282713,10
2015-01-20,18116.358401887854,0.031646692021651726,10
2015-01-21,18767.59201927381,0.03594726947542011,10
2015-01-22,19239.622775765394,0.02515137562702898,10
2015-01-23,19406.301952177713,0.008663328712570884,10
2015-01-26,19590.09053798505,0.009470561998892924,10
2015-01-27,19603.255694147854,0.000672031409823104,10
2015-01-28,20561.238582117396,0.04886856055525142,10
2015-01-29,21482.068262300538,0.044784737870023475,10
2015-01-30,22343.558796703142,0.040102774271249295,10
2015-02-02,23066.310185562827,0.03234719211186393,10
2015-02-03,24165.76306187879,0.04766487866811522,10
2015-02-04,25186.411827955137,0.042235321246131344,10
2015-02-05,26075.179338805025,0.0352875795457064,10
2015-02-06,25255.6181109125,-0.03143070339972148,10
2015-02-09,24287.00747058437,-0.03835228407692828,10
2015-02-10,24581.454673095,0.012123651004235769,10
2015-02-11,25090.06126909667,0.02069066305332829,10
2015-02-12,25253.048528114083,0.006496088521639607,10
2015-02-13,25776.497586360252,0.020728153183700568,10
2015-02-16,26280.540165414503,0.01955434703126498,10
2015-02-17,26546.79651072332,0.01013131174751177,10
2015-02-25,26828.25624219059,0.010602399101284207,10
2015-02-26,28957.148825076478,0.07935262596522984,10
2015-02-27,30896.343017926833,0.06696771856112566,10
2015-03-02,33090.95873125936,0.07103156875424234,10
2015-03-03,35234.276005085405,0.06477047979275853,10
2015-03-04,37958.797021593215,0.07732586916542789,10
2015-03-05,40404.10708443617,0.06442011482745125,10
2015-03-06,41911.96368976684,0.03731938939226071,10
2015-03-09,42077.106483945296,0.003940230417282507,10
2015-03-10,43265.76183270999,0.028249455537495867,10
2015-03-11,43116.29846752457,-0.003454541393800692,10
2015-03-12,44306.45310699573,0.02760335839978445,10
2015-03-13,44862.214062635394,0.012543566832072,10
2015-03-16,47161.21171882629,0.0512457466539904,10
2015-03-17,48469.87451737254,0.02774871023985683,10
2015-03-18,49574.0867512196,0.022781413090955806,10
2015-03-19,49850.92985751097,0.005584431795600553,10
2015-03-20,50826.38213631426,0.019567383829979135,10
2015-03-23,51546.23391366703,0.014162955282202683,10
2015-03-24,50213.14666431101,-0.025861971828800456,10
2015-03-25,53146.7115314467,0.058422247200467264,10
2015-03-26,55991.871573943194,0.053534075025752415,10
2015-03-27,59092.923549949184,0.05538396715156646,10
2015-03-30,62583.24781472923,0.05906501244315314,10
2015-03-31,66011.06695211858,0.054772151607360264,10
2015-04-01,70330.49369723862,0.06543488758109554,10
2015-04-02,75539.29071899895,0.07406171559357096,10
2015-04-03,80602.56642113316,0.06702837230719108,10
2015-04-07,83648.23324042775,0.03778622635142374,10
2015-04-08,82026.93894069237,-0.01938228982165524,10
2015-04-09,84935.246617441,0.035455518812562335,10
2015-04-10,88213.72572268537,0.03859974787629764,10
2015-04-13,93380.95133726494,0.05857620877303826,10
2015-04-14,100715.19322245813,0.07854109194822867,10
2015-04-15,102898.45206449025,0.021677552037355358,10
2015-04-16,108071.4708498153,0.05027304766531296,10
2015-04-17,109145.96552161033,0.009942445155467827,10
2015-04-20,107851.97884066773,-0.011855561263841708,10
2015-04-21,112158.38476466021,0.03992885406724385,10
2015-04-22,118462.77736205087,0.056209730646701615,10
2015-04-23,124677.86540881608,0.05246448027949254,10
2015-04-24,130173.97234523922,0.044082459371609484,10
2015-04-27,132046.53886653343,0.014385107003786701,10
2015-04-28,132367.59911680114,0.0024314173852919194,10
2015-04-29,140400.375812804,0.060685369755137275,10
2015-04-30,142118.26038821798,0.012235612372608099,10
2015-05-04,146884.48806856433,0.033537053347871305,10
2015-05-05,148441.22371878184,0.010598366585114446,10
2015-05-06,158783.97870330594,0.06967575937071359,10
2015-05-07,170302.47795414575,0.07254194878415647,10
2015-05-08,184350.59351495132,0.08248920232733233,10
2015-05-11,198894.25920612583,0.07889134183880439,10
2015-05-12,215543.67221684358,0.08370987215605341,10
2015-05-13,232469.0163789851,0.07852396680480665,10
2015-05-14,251099.70861272851,0.0801426896536203,10
2015-05-15,269759.90247872344,0.07431388100403799,10
2015-05-18,292548.03991301375,0.08447562897561353,10
2015-05-19,319707.20198480587,0.09283658875262889,10
2015-05-20,351694.3368541725,0.10005134282488534,10
2015-05-21,386862.8455641294,0.09999736994496822,10
2015-05-22,425506.65604612214,0.09989020895930628,10
2015-05-25,468102.8143786168,0.10010691425677146,10
2015-05-26,514915.30942526745,0.10000472889442429,10
2015-05-27,566445.5804912834,0.10007523591313006,10
2015-05-28,623084.7768460759,0.09999053449347903,10
2015-05-29,685391.0071785133,0.09999639318395566,10
2015-06-01,753910.688420177,0.0999716665728258,10
2015-06-02,829295.6724205383,0.09999192896221026,10
2015-06-03,912259.542305839,0.10004136358645992,10
2015-06-04,1003387.0131927729,0.09989204460015717,10
2015-06-05,1103730.5042397568,0.10000477355959733,10
2015-06-08,1214092.7585613253,0.0999902185339939,10
2015-06-09,1335520.3899550987,0.10001511872755313,10
2015-06-10,1469127.5158211447,0.10004124749494689,10
2015-06-11,1616054.80266293,0.10000989380398524,10
2015-06-12,1777635.4068731943,0.0999846069229906,10
2015-06-15,1955364.9764161725,0.09998088970088577,10
2015-06-16,2150877.292186743,0.09998763306526501,10
2015-06-17,2365866.094503571,0.09995400625493327,10
2015-06-18,2602405.0900991764,0.09997987466202662,10
2015-06-19,2862593.479250637,0.0999799724267928,10
2015-06-23,3148846.132156437,0.09999766120501836,10
2015-06-24,3463712.032435138,0.09999405720820982,10
2015-06-25,3810100.6150950626,0.10000501756966178,10
2015-06-26,4190956.0516319806,0.09995941708941332,10
2015-06-29,4162595.155600515,-0.006767166174510823,10
2015-06-30,4346888.484832153,0.04427366158433227,10
2015-07-01,4782087.13141425,0.1001172788537503,10
2015-07-02,5260544.726407322,0.10005204460830769,10
2015-07-03,5786875.115145088,0.10005245010001504,10
2015-07-06,6364884.085525745,0.09988274481125792,10
2015-07-07,6781512.712485393,0.06545737854159757,10
2015-07-08,7052232.486820715,0.039920263488837995,10
2015-07-09,7758035.8088407265,0.1000822538591892,10
2015-07-10,8533510.162859714,0.09995756311607754,10
2015-07-13,9386970.781298704,0.10001284373615618,10
2015-07-14,10325738.160860885,0.10000748925653946,10
2015-07-15,10963385.85539644,0.06175323106221333,10
2015-07-16,11322064.090585247,0.032716009444496194,10
2015-07-17,12304854.102821842,0.08680307798768125,10
2015-07-20,12682945.860389365,0.030727041085421347,10
2015-07-21,13427618.019067323,0.05871444748523889,10
2015-07-22,13818464.558703126,0.029107659979662737,10
2015-07-23,14722969.760939455,0.06545627398715981,10
2015-07-24,14763451.299466455,0.002749549797650186,10
2015-07-27,14025036.694679081,-0.050016394527887933,10
2015-07-28,13386812.093440222,-0.04550609136594941,10
2015-07-29,13994120.85418247,0.04536619745636387,10
2015-07-30,14071597.822053418,0.005536394081361158,10
2015-07-31,14222139.866637338,0.010698290733408222,10
2015-08-03,13809726.017974664,-0.028998016650794305,10
2015-08-04,14649018.733453892,0.06077547913599518,10
2015-08-05,15256877.297562998,0.041494831508471164,10
2015-08-06,15488731.17887612,0.015196679949058572,10
2015-08-07,16352817.80845101,0.05578808358126519,10
2015-08-10,17409984.72827477,0.0646473856803703,10
2015-08-11,18287221.752781317,0.05038700712252009,10
2015-08-12,18620508.741491504,0.01822512972258894,10
2015-08-13,18873518.90471268,0.013587714854288632,10
2015-08-14,19499314.060727265,0.03315731206109773,10
2015-08-17,20302082.36928332,0.041169053744966044,10
2015-08-18,19794631.71749896,-0.024995005071603932,10
2015-08-19,20216852.52984216,0.021330066574057283,10
2015-08-20,20207014.396143068,-0.0004866303340033129,10
2015-08-21,19585616.88490482,-0.030751574629295758,10
2015-08-24,18605378.6852396,-0.050048880534404816,10
2015-08-25,17677053.521322798,-0.04989552642931568,10
2015-08-26,16867445.201507863,-0.04579995862083866,10
2015-08-27,17545185.046136256,0.040180349574682785,10
2015-08-28,18883854.81778838,0.07629841281992755,10
2015-08-31,18172852.87350576,-0.03765131384153976,10
2015-09-01,17091049.107109968,-0.059528560206028897,10
2015-09-02,16396639.278908912,-0.04063002942939162,10
2015-09-07,16652549.061711166,0.015607453359752234,10
2015-09-08,17756547.801527414,0.06629608090179115,10
2015-09-09,18735817.648655742,0.055149788014767755,10
2015-09-10,18753980.72763656,0.0009694308154263531,10
2015-09-11,18767565.279983893,0.0007243556738496082,10
2015-09-14,17381859.37713268,-0.07383514495239848,10
2015-09-15,16088325.316305932,-0.07441862419670153,10
2015-09-16,17332536.700994544,0.07733628952838056,10
2015-09-17,16878212.47967158,-0.026212217470562037,10
2015-09-18,17176876.62506299,0.017695247393711054,10
2015-09-21,18015428.438196868,0.04881864330971184,10
2015-09-22,18294995.240638755,0.015518187835552167,10
2015-09-23,18313139.645223845,0.0009917687513131268,10
2015-09-24,18759334.237201415,0.024364723942567633,10
2015-09-25,17939287.82780399,-0.04371404651297274,10
2015-09-28,18613903.295667212,0.03760547655730444,10
2015-09-29,18597402.89824296,-0.0008864555253218498,10
2015-09-30,18633713.239204153,0.0019524414865809358,10
2015-10-08,19508119.10769175,0.04692601293487235,10
2015-10-09,20228142.6223957,0.036908915243400245,10
2015-10-12,21231484.939473692,0.04960130723851703,10
2015-10-13,21519790.880136207,0.01357916987362927,10
2015-10-14,21178192.35781059,-0.015873691534843342,10
2015-10-15,22152145.02777864,0.045988470286457174,10
2015-10-16,22994982.117898136,0.0380476513250788,10
2015-10-19,22888711.094566513,-0.004621487539618922,10
2015-10-20,23659667.549373776,0.03368282519806362,10
2015-10-21,21905115.940230653,-0.0741579147501403,10
2015-10-22,22948148.68975535,0.04761594288615828,10
2015-10-23,23724847.842728883,0.03384583059287355,10
2015-10-26,24516771.99739321,0.03337952512547021,10
2015-10-27,24838102.30957668,0.013106550577605985,10
2015-10-28,24418087.14287345,-0.016910115010730198,10
2015-10-29,25077087.071328394,0.0269881880836548,10
2015-10-30,24922433.83570192,-0.006167113237138894,10
2015-11-02,24555978.68646205,-0.014703826747246296,10
2015-11-03,24522248.891221456,-0.0013735879018004216,10
2015-11-04,25817900.154953245,0.05283574395966639,10
2015-11-05,26288865.8256053,0.018241827097689012,10
2015-11-06,26901762.18405254,0.023313914054454238,10
2015-11-09,27164457.052030176,0.009764968784586187,10
2015-11-10,27941910.147001185,0.028620233177563292,10
2015-11-11,29543961.011036348,0.05733505174151802,10
2015-11-12,31104571.870378453,0.052823345480287075,10
2015-11-13,31491147.034371614,0.01242824256203016,10
2015-11-16,33703400.70941745,0.07025001892218245,10
2015-11-17,35559160.20910529,0.0550614911441058,10
2015-11-18,35289999.19827102,-0.007569386038687953,10
2015-11-19,35678787.32503163,0.011016949152542255,10
2015-11-20,36187202.56771859,0.014249790444258226,10
2015-11-23,37473194.06392677,0.035537190082644665,10
2015-11-24,37084405.93716616,-0.010375099760574491,10
2015-11-25,37652634.73781629,0.015322580645161343,10
2015-11-26,38878812.676061295,0.03256552819698166,10
2015-11-27,37652634.73781629,-0.031538461538461515,10
2015-11-30,37443287.28494519,-0.005559968228753043,10
2015-12-01,39600938.604036756,0.05762451631641574,10
2015-12-02,42094421.3222931,0.06296524289962602,10
2015-12-03,44650438.758609354,0.06072104939384437,10
2015-12-04,48005311.08515159,0.07513637983894095,10
2015-12-07,50506114.8218402,0.05209431373650908,10
2015-12-08,52670221.89312637,0.042848417046530696,10
2015-12-09,55321657.47889512,0.05034031546608653,10
2015-12-10,57751068.26623856,0.04391428055586094,10
2015-12-11,59627666.68489354,0.03249460962355999,10
2015-12-14,62540415.55343859,0.04884894932980821,10
2015-12-15,66215332.718440235,0.05876067711544963,10
2015-12-16,71408841.46431312,0.07843362757016775,10
2015-12-17,77099500.41723423,0.07969123761467328,10
2015-12-18,82944177.6062729,0.07580693982982284,10
2015-12-21,89592459.64557065,0.08015369168956532,10
2015-12-22,95906271.66537115,0.07047258267914575,10
2015-12-23,102925449.47062954,0.07318789150462623,10
2015-12-24,110882620.00196722,0.07731003918140106,10
2015-12-25,119344307.67204727,0.0763121187967053,10
2015-12-28,128695855.00450945,0.07835771571242267,10
2015-12-29,139244611.02517906,0.0819665561124713,10
2015-12-30,150387503.82003906,0.08002387103401123,10
2015-12-31,162469579.6601536,0.0803396261871101,10
2016-01-04,173834132.43698123,0.06994880395825176,10
2016-01-05,181303298.08192587,0.04296719833000804,10
2016-01-06,193318433.54452306,0.06627091503414304,10
2016-01-07,199125814.46337646,0.03004049232333501,10
2016-01-08,208579257.96492672,0.047474726102320355,10
2016-01-11,215007284.91726217,0.03081815044819234,10
2016-01-12,227340546.038843,0.05736206159864232,10
2016-01-13,225963062.78233233,-0.006059118272177089,10
2016-01-14,239287343.08753276,0.058966629948876,10
2016-01-15,241135459.37945473,0.007723418497926583,10
2016-01-18,250634874.0191196,0.039394515697155935,10
2016-01-19,263328186.56963974,0.050644638341717174,10
2016-01-20,271913993.88318294,0.03260496882384674,10
2016-01-21,274928846.3441216,0.011087522263506025,10
2016-01-22,284492322.41779554,0.03478527699382835,10
2016-01-25,297744497.7504894,0.04658183820241102,10
2016-01-26,271455743.0758313,-0.08829299910921658,10
2016-01-27,264108078.39077663,-0.027067633942090094,10
2016-01-28,250058529.1705429,-0.053196211588219224,10
2016-01-29,260746624.60653085,0.04274237504091908,10
2016-02-01,261716988.55353352,0.003721482295185779,10
2016-02-02,272440145.4683532,0.040972337997944974,10
2016-02-03,275245389.15789187,0.010296733929267807,10
2016-02-04,288154809.9320785,0.04690149692855061,10
2016-02-05,289330202.12777245,0.00407903028226754,10
2016-02-15,290491270.0161638,0.004012950877069613,10
2016-02-16,310424491.0761877,0.06861900207505288,10
2016-02-17,325145918.4871108,0.04742353723408394,10
2016-02-18,341814469.83322084,0.05126483341285071,10
2016-02-19,359321350.64653873,0.05121749474754489,10
2016-02-22,381115076.0684886,0.06065246438246896,10
2016-02-23,393174061.8467889,0.031641324459526846,10
2016-02-24,406112967.6866529,0.03290884901991831,10
2016-02-25,381780039.08033365,-0.05991665015014722,10
2016-02-26,386572673.9179023,0.012553392914709605,10
2016-02-29,371477461.2513218,-0.03904883527744207,10
2016-03-01,381974832.83097637,0.02825843469559137,10
2016-03-02,406596225.56473714,0.06445815435347213,10
2016-03-03,404081348.2347183,-0.006185195955830225,10
2016-03-04,392472138.4586539,-0.02872988279904709,10
2016-03-07,409772528.352761,0.044080555532044666,10
2016-03-08,411688881.4975421,0.004676626694533703,10
2016-03-09,402928853.9023913,-0.021278271016903882,10
2016-03-10,396137483.5769204,-0.016855011150718135,10
2016-03-11,398934430.46353525,0.0070605459028007245,10
2016-03-14,422144160.4022271,0.058179310097961956,10
2016-03-15,425749645.20431453,0.008540885176883882,10
2016-03-16,428981442.18092054,0.007590838919090934,10
2016-03-17,446654607.50228155,0.04119797171530664,10
2016-03-18,463813335.64424866,0.03841610016724043,10
2016-03-21,480022906.3688768,0.03494847922410998,10
2016-03-22,477645852.6406303,-0.004951958951766959,10
2016-03-23,502336574.46733695,0.05169252845011785,10
2016-03-24,519166363.64615595,0.03350301378446278,10
2016-03-25,547997321.0750711,0.0555331767382473,10
2016-03-28,570647398.9335109,0.04133246092153241,10
2016-03-29,588178781.4161617,0.030721917799704918,10
2016-03-30,611947373.6875209,0.040410489161358934,10
2016-03-31,624112883.5842233,0.01987999363964012,10
2016-04-01,633203078.9442229,0.014564985916963329,10
2016-04-05,660694914.6306226,0.04341709097851888,10
2016-04-06,693645175.2110492,0.049872126833075736,10
2016-04-07,709533011.3768147,0.02290484635884829,10
2016-04-08,724673428.3057953,0.021338565910557716,10
2016-04-11,759683269.5395777,0.0483111976599328,10
2016-04-12,772573216.0468237,0.016967527157809137,10
2016-04-13,802946850.099015,0.039314893943139806,10
2016-04-14,835838855.9895557,0.04096411348582363,10
2016-04-15,881758398.8276811,0.05493827250201342,10
2016-04-18,903217141.0803424,0.02433630604618133,10
2016-04-19,913156191.2533984,0.01100405397661941,10
2016-04-20,970249149.7966619,0.06252266489580227,10
2016-04-21,1045269010.6716377,0.0773202026414535,10
2016-04-22,1128166303.8905241,0.07930713756224422,10
2016-04-25,1211885145.0182135,0.07420789013018911,10
2016-04-26,1308016581.6461887,0.07932388396965659,10
2016-04-27,1401557910.4006004,0.07151387074671973,10
2016-04-28,1471516553.7081156,0.04991491453073051,10
2016-04-29,1555134084.0433903,0.05682405007579725,10
2016-05-03,1626791798.3648148,0.046078158183706266,10
2016-05-04,1756599323.9635496,0.07979357022159328,10
2016-05-05,1892375087.501835,0.07729466912916971,10
2016-05-06,2062845062.480759,0.0900825508139429,10
2016-05-09,2217457243.5118694,0.07495094219299984,10
2016-05-10,2399470334.504013,0.08208189426186314,10
2016-05-11,2573360164.8107195,0.07247008967195696,10
2016-05-12,2668534876.2347174,0.03698460585714317,10
2016-05-13,2828243585.069086,0.05984883699916869,10
2016-05-16,2803932177.132719,-0.008595938505690404,10
2016-05-17,2796227235.2224636,-0.0027479059490426914,10
2016-05-18,2818187561.0844183,0.007853555528439683,10
2016-05-19,2969211018.9504085,0.05358885971658944,10
2016-05-20,3122985821.4135933,0.05178978573154529,10
2016-05-23,3292472802.857517,0.05427081361746529,10
2016-05-24,3390584541.9039073,0.02979880014839903,10
2016-05-25,3484174198.8347106,0.027602808829609693,10
2016-05-26,3576267645.3021617,0.02643192940762019,10
2016-05-27,3639430438.834095,0.017661651698497857,10
2016-05-30,3698854449.9680924,0.01632783264653749,10
2016-05-31,3931345939.3750463,0.06285499809514242,10
2016-06-01,4193301532.691227,0.0666325470604154,10
2016-06-02,4454018285.254431,0.062174577842933766,10
2016-06-03,4723814983.311379,0.0605737742366582,10
2016-06-06,5002752733.5041,0.05904925387174801,10
2016-06-07,5286096525.412005,0.056637576750558784,10
2016-06-08,5541023350.104917,0.04822591177958894,10
2016-06-13,5606745910.122964,0.01186108699881272,10
2016-06-14,5890673423.510063,0.05064033896639919,10
2016-06-15,6295728433.276949,0.06876208892353208,10
2016-06-16,6588751871.21534,0.0465432143466631,10
2016-06-17,6968771412.698801,0.05767701514814591,10
2016-06-20,7334419155.996103,0.05246947010358288,10
2016-06-21,7700806557.948744,0.04995452184555181,10
2016-06-22,8125156982.047148,0.055104672595676474,10
2016-06-23,8503165388.857208,0.04652321273857041,10
2016-06-24,8880870894.271324,0.044419400087063035,10
2016-06-27,9356522839.274529,0.05355915547764882,10
2016-06-28,9852195919.13916,0.052976205838350054,10
2016-06-29,10279663113.971214,0.043388012006708464,10
2016-06-30,10786455329.0394,0.049300469232245306,10
2016-07-01,11215182836.520203,0.039746839383516384,10
2016-07-04,11786353329.266247,0.050928326454574825,10
2016-07-05,12302678917.785706,0.043807068572888505,10
2016-07-06,12958851322.86379,0.053335733579901276,10
2016-07-07,13443849758.52408,0.03742603596389677,10
2016-07-08,14096756173.532835,0.048565435253750726,10
2016-07-11,14591942919.470957,0.03512770880352261,10
2016-07-12,15213769152.875002,0.0426143548419658,10
2016-07-13,16144623246.820307,0.06118497556993599,10
2016-07-14,17060112560.12274,0.056705523523612786,10
2016-07-15,17963604730.167446,0.05295933229400719,10
2016-07-18,19008854204.209393,0.05818706711390677,10
2016-07-19,19993560254.99263,0.051802493732903875,10
2016-07-20,21151796110.82326,0.05793044565644106,10
2016-07-21,22374116157.91615,0.057788002526529464,10
2016-07-22,23539401796.87682,0.052081862395640784,10
2016-07-25,24899166339.26333,0.05776546719920978,10
2016-07-26,26490174350.027195,0.06389804337565386,10
2016-07-27,27368601100.413837,0.03316047447553841,10
2016-07-28,28849453523.806705,0.05410771335954301,10
2016-07-29,30411464388.862495,0.05414351657534207,10
2016-08-01,31545314457.294666,0.03728363928596011,10
2016-08-02,33286452382.826614,0.055194819119304184,10
2016-08-03,35232777172.574356,0.05847198035294096,10
2016-08-04,37319746714.226,0.05923375076081597,10
2016-08-05,39147924347.68926,0.04898687141320762,10
2016-08-08,41193134713.540535,0.0522431367672752,10
2016-08-09,43233042506.76522,0.04952057684879593,10
2016-08-10,45164907439.48578,0.04468491738508221,10
2016-08-11,47249670790.48901,0.04615892003756475,10
2016-08-12,49764838707.83713,0.053231437918386526,10
2016-08-15,52375362358.03248,0.052457191020378824,10
2016-08-16,55350854149.31776,0.0568109060696349,10
2016-08-17,58017973994.60172,0.048185703477835864,10
2016-08-18,60978935704.53737,0.05103524832168642,10
2016-08-19,64059975130.060905,0.050526290594053086,10
2016-08-22,67156993174.654785,0.04834560173190834,10
2016-08-23,70707866738.58159,0.05287421899149172,10
2016-08-24,74415321878.12726,0.052433418098338694,10
2016-08-25,77926233325.68193,0.04717995379102992,10
2016-08-26,82551812433.62964,0.05935843310449421,10
2016-08-29,86998728768.0279,0.053868185365082255,10
2016-08-30,91605530547.29037,0.05295251832410089,10
2016-08-31,96989745376.66187,0.058776089142259264,10
2016-09-01,101791326364.58089,0.04950606859799424,10
2016-09-02,107169968929.89813,0.052839890758990954,10
2016-09-05,112489903477.05942,0.0496401613276678,10
2016-09-06,118733934933.24138,0.055507483455662664,10
2016-09-07,127099784256.49097,0.07045878946026117,10
2016-09-08,135097022809.88635,0.06292094514697785,10
2016-09-09,143803215943.84818,0.06444400441165532,10
2016-09-12,149481527509.51724,0.039486679963307014,10
2016-09-13,157706621538.81738,0.05502415025011341,10
2016-09-14,167730178344.28836,0.06355824953744141,10
2016-09-19,178491739280.42953,0.06415995643939316,10
2016-09-20,188978081741.79474,0.058749735442322315,10
2016-09-21,202977118712.37607,0.07407756942791152,10
2016-09-22,220358834394.13098,0.08563386746259459,10
2016-09-23,239595246114.9752,0.08729584985205634,10
2016-09-26,252387624859.03088,0.05339162170987731,10
2016-09-27,271311514844.9398,0.07497946857132438,10
2016-09-28,291114276948.94464,0.07298902191940707,10
2016-09-29,310282699270.3067,0.06584500946590059,10
2016-09-30,333487630634.6442,0.07478641709289202,10
2016-10-10,354084637172.99475,0.06176243028610483,10
2016-10-11,383754160093.3622,0.08379217793024951,10
2016-10-12,414968909938.2999,0.08134048589165419,10
2016-10-13,448211884660.4879,0.08010955501975024,10
2016-10-14,481449152083.16406,0.0741552568331667,10
2016-10-17,517173381090.7418,0.07420145793798573,10
2016-10-18,558523081618.417,0.07995326526757213,10
2016-10-19,595109816025.3779,0.06550621739918897,10
2016-10-20,633099518096.7087,0.0638364568157463,10
2016-10-21,668072084080.918,0.055240234725414936,10
2016-10-24,709412172652.2676,0.06187968268158095,10
2016-10-25,754540738688.7781,0.06361402831274944,10
2016-10-26,804737684636.7518,0.06652648872903115,10
2016-10-27,856872999733.4828,0.06478547741959435,10
2016-10-28,906359778785.9662,0.05775275807252113,10
2016-10-31,966671335119.9443,0.06654262219663284,10
2016-11-01,1015421283509.8359,0.05043073754105122,10
2016-11-02,1094949367776.8109,0.07832028494821741,10
2016-11-03,1180454771991.7327,0.07809073801150479,10
2016-11-04,1274041006316.1348,0.07927981363190874,10
2016-11-07,1369863415560.8293,0.07521140117912153,10
2016-11-08,1479795824605.3704,0.08025063506023643,10
2016-11-09,1593985649675.6243,0.07716593273988039,10
2016-11-10,1728235925146.8972,0.08422301386376516,10
2016-11-11,1864971595020.9614,0.07911863645725441,10
2016-11-14,2012404138531.1917,0.07905350617877545,10
2016-11-15,2163960704590.3425,0.0753111977645647,10
2016-11-16,2362680275324.202,0.09183141371852159,10
2016-11-17,2571452752532.0684,0.08836255983862182,10
2016-11-18,2801629565405.37,0.08951236325328178,10
2016-11-21,3041829017362.137,0.08573562148356753,10
2016-11-22,3314432470011.7715,0.08961826949959033,10
2016-11-23,3606583668202.7783,0.08814516537426068,10
2016-11-24,3924228773562.6416,0.08807368262668128,10
2016-11-25,4275754680746.663,0.08957834200499115,10
2016-11-28,4539907613711.061,0.06177925364938587,10
2016-11-29,4765389488673.088,0.04966662191121366,10
2016-11-30,5040044190388.069,0.05763531026536475,10
2016-12-01,5433461928362.336,0.07805839058406644,10
2016-12-02,5835779378792.421,0.07404440405296903,10
2016-12-05,6297588062986.425,0.07913402036277203,10
2016-12-06,6772346687394.82,0.07538737365162894,10
2016-12-07,7310468976462.563,0.07945876280511982,10
2016-12-08,7863497315872.023,0.07564881831658676,10
2016-12-09,8445995388273.225,0.07407620922378418,10
2016-12-12,8700455717102.456,0.030127926565355942,10
2016-12-13,9011714197838.338,0.035774962927981185,10
2016-12-14,9828668634635.348,0.0906547210510708,10
2016-12-15,10746209928214.756,0.09335356879832883,10
2016-12-16,11722564562371.307,0.09085571942839858,10
2016-12-19,12777007614009.066,0.0899498608881589,10
2016-12-20,13944014243314.637,0.09133645878288692,10
2016-12-21,15199641316176.77,0.09004774743859259,10
2016-12-22,16589896712724.928,0.09146632921321163,10
2016-12-23,18068792442659.477,0.08914436030214659,10
2016-12-26,19188323243670.273,0.06195935918593215,10
2016-12-27,20697242102515.43,0.07863734833333658,10
2016-12-28,22446304707431.633,0.08450703703676683,10
2016-12-29,24426092335145.363,0.08820104928265776,10
2016-12-30,26575445103439.805,0.08799413098106798,10
2017-01-03,28891341745003.41,0.08714422778431094,10
2017-01-04,31306866262127.94,0.08360721140762799,10
2017-01-05,33589605554219.49,0.07291497248490132,10
2017-01-06,35919268561113.875,0.06935666461262549,10
2017-01-09,36698728517474.52,0.021700329310282467,10
2017-01-10,37600371771656.7,0.02456878727427445,10
2017-01-11,41359454756276.99,0.09997462278960494,10
2017-01-12,45503542993523.96,0.10019687787634676,10
2017-01-13,50060959764781.58,0.100155207077089,10
2017-01-16,55070168723607.43,0.10006218383271755,10
2017-01-17,60579787205269.734,0.10004724171655643,10
2017-01-18,65427785028499.125,0.08002665652823024,10
2017-01-19,66741949352291.18,0.020085722345936495,10
2017-01-20,71329436015930.38,0.06873468198275996,10
2017-01-23,75874444344235.97,0.06371855130454873,10
2017-01-24,76256087325045.69,0.005029927851309646,10
2017-01-25,83882771024418.83,0.10001409680074436,10
2017-01-26,92270413442850.6,0.09999243367854482,10
2017-02-03,101507533957041.64,0.10010923512239626,10
2017-02-06,111655137244458.5,0.09996896675385061,10
2017-02-07,122818770892459.52,0.09998316175599939,10
2017-02-08,135090813694893.39,0.09991992847070022,10
2017-02-09,148600021285526.5,0.10000093434290853,10
2017-02-10,163460780286609.1,0.10000509335411516,10
2017-02-13,179816649535259.22,0.10005989950599803,10
2017-02-14,197802084165387.94,0.10002096400201288,10
2017-02-15,217605964231405.3,0.10011967340778265,10
2017-02-16,239380926935628.28,0.10006601970278328,10
2017-02-17,261351058405146.78,0.09177895562007946,10
2017-02-20,274917691457520.03,0.05190961588279573,10
2017-02-21,297716566756234.25,0.08292982229642036,10
2017-02-22,327495735782939.25,0.10002523323160502,10
2017-02-23,360248256782482.2,0.10000899987672206,10
2017-02-24,396281477886552.4,0.10002330455641054,10
2017-02-27,435917738016033.3,0.10002047115820042,10
2017-02-28,478947825536650.0,0.0987114856038135,10
2017-03-01,513806051453869.8,0.07278084179244781,10
2017-03-02,544747266765597.06,0.06021963973405095,10
2017-03-03,562264350307114.56,0.03215634957752808,10
2017-03-06,594749201962262.6,0.05777505125018953,10
2017-03-07,630178825738402.9,0.05957069578109041,10
2017-03-08,664886877606414.6,0.05507651233337326,10
2017-03-09,700260011188384.9,0.05320173216429409,10
2017-03-10,742193723437705.5,0.0598830599767599,10
2017-03-13,782807472961566.9,0.05472122471710736,10
2017-03-14,826792500486483.1,0.0561888191466918,10
2017-03-15,870120044963479.0,0.052404375283401805,10
2017-03-16,922142755988526.9,0.05978796986251627,10
2017-03-17,973145700875656.2,0.05530916396177152,10
2017-03-20,1028979828587348.0,0.057374890174668666,10
2017-03-21,1085386540649358.1,0.05481809311990972,10
2017-03-22,1193960100636943.8,0.1000321599000379,10
2017-03-23,1313383244330471.8,0.10002272574252608,10
2017-03-24,1444781110021940.8,0.10004533426071853,10
2017-03-27,1589213652781243.8,0.0999684601061192,10
2017-03-28,1748090579986230.5,0.09997203769734801,10
2017-03-29,1922825024174169.8,0.09995731696541456,10
2017-03-30,2115204683693213.0,0.10005052831141932,10
2017-03-31,2306840313441177.0,0.09059909484190554,10
2017-04-05,2431042263275347.0,0.05384072278886725,10
2017-04-06,2631089306103358.0,0.08228859113230201,10
2017-04-07,2832460198062627.0,0.07653517936169908,10
2017-04-10,3041875665183227.0,0.07393412527520699,10
2017-04-11,3268125806728339.0,0.07437849749571672,10
2017-04-12,3436706018840491.5,0.05158314645203807,10
2017-04-13,3648748409949719.0,0.06169931031248596,10
2017-04-14,3727429655164495.5,0.021563899829382942,10
2017-04-17,3653958121866194.0,-0.01971104490100955,10
2017-04-18,3685055229900135.0,0.008510526666369879,10
2017-04-19,3928996715552277.0,0.06619751141660703,10
2017-04-20,4203843442117231.0,0.06995341214641863,10
2017-04-21,4487839803207996.5,0.06755636003127005,10
2017-04-24,4728992677246783.0,0.05373473310397699,10
2017-04-25,5054253648014606.0,0.06878018067839127,10
2017-04-26,5377366906303185.0,0.06392897562936965,10
2017-04-27,5769504282209639.0,0.07292367858455094,10
2017-04-28,6123973545687897.0,0.06143842627368683,10
2017-05-02,6459555984297395.0,0.05479815288323605,10
2017-05-03,6911984772404580.0,0.07004023019647154,10
2017-05-04,7395843648238130.0,0.07000288509970509,10
2017-05-05,7844376105744887.0,0.060646557558529414,10
2017-05-08,8336918658505912.0,0.0627892576951158,10
2017-05-09,8927158530626395.0,0.07079832445267761,10
2017-05-10,9255160645394616.0,0.03674205108410974,10
2017-05-11,9589909135758256.0,0.03616884711020239,10
2017-05-12,9794983901443620.0,0.021384432613724535,10
2017-05-15,1.0241047935153714e+16,0.045540047660961626,10
2017-05-16,1.0628276436467982e+16,0.0378114138090357,10
2017-05-17,1.104991294956998e+16,0.03967120309886463,10
2017-05-18,1.1438722312432714e+16,0.03518664487559288,10
2017-05-19,1.1975469034518038e+16,0.046923660477528814,10
2017-05-22,1.219197042562278e+16,0.018078740004312144,10
2017-05-23,1.2213388165718056e+16,0.0017567086654232567,10
2017-05-24,1.2593758669963874e+16,0.03114373334284788,10
2017-05-25,1.2794291177353502e+16,0.015923165803383165,10
2017-05-26,1.3346944864378806e+16,0.04319533449445999,10
2017-05-31,1.3254545178001266e+16,-0.006922909123880739,10
2017-06-01,1.3141674591167488e+16,-0.008515613724800553,10
2017-06-02,1.3689048269646398e+16,0.04165174496458759,10
2017-06-05,1.426692302394205e+16,0.04221438502609487,10
2017-06-06,1.483950799071634e+16,0.04013373912604741,10
2017-06-07,1.5575759337849076e+16,0.04961426939446638,10
2017-06-08,1.6136363523663974e+16,0.03599209346106365,10
2017-06-09,1.6610966287558958e+16,0.029412002474967704,10
2017-06-12,1.656894684614483e+16,-0.002529620534212862,10
2017-06-13,1.735970495915637e+16,0.047725309300242436,10
2017-06-14,1.7934826297818714e+16,0.0331296724233206,10
2017-06-15,1.8736990893005104e+16,0.044726644232063295,10
2017-06-16,1.930997835103773e+16,0.030580548461841318,10
2017-06-19,1.999202696635548e+16,0.0353210450534297,10
2017-06-20,2.061320467039326e+16,0.031071271816667724,10
2017-06-21,2.1231150675231972e+16,0.029978162770889705,10
2017-06-22,2.1365083348958024e+16,0.006308309699026182,10
2017-06-23,2.1743861004388756e+16,0.01772881711922748,10
2017-06-26,2.216736848978727e+16,0.019477105989273748,10
2017-06-27,2.2296955877337404e+16,0.005845862471670094,10
2017-06-28,2.3715283885762668e+16,0.06361083621584646,10
2017-06-29,2.5460507974387016e+16,0.07359068932217513,10
2017-06-30,2.7333822026513804e+16,0.07357724574903686,10
2017-07-03,2.897353470566681e+16,0.05998841572768278,10
2017-07-04,3.1011358601415676e+16,0.07033397603883995,10
2017-07-05,3.257899830691574e+16,0.05055050072615968,10
2017-07-06,3.4082593607799892e+16,0.04615228764000937,10
2017-07-07,3.5229062399598824e+16,0.03363795622456849,10
2017-07-10,3.397468406430079e+16,-0.03560635026472682,10
2017-07-11,3.408385556202136e+16,0.003213318996990479,10
2017-07-12,3.421165390832039e+16,0.003749527281808835,10
2017-07-13,3.4408964039054572e+16,0.005767336804672747,10
2017-07-14,3.458094264997188e+16,0.004998075813096464,10
2017-07-17,3.2356234543828336e+16,-0.0643333563420184,10
2017-07-18,3.2713607651807836e+16,0.011044953562053495,10
2017-07-19,3.2885939045595916e+16,0.005267881048838007,10
2017-07-20,3.305015953387632e+16,0.00499363840736649,10
2017-07-21,3.2738429961289124e+16,-0.009432014156169862,10
2017-07-24,3.326574147971629e+16,0.016106805337051097,10
2017-07-25,3.3298399402162164e+16,0.0009817283786020597,10
2017-07-26,3.4582285647672004e+16,0.03855699578840653,10
2017-07-27,3.6912031121699336e+16,0.06736817507561617,10
2017-07-28,3.788801348224158e+16,0.026440765541306078,10
2017-07-31,3.94472283411277e+16,0.041153249156674024,10
2017-08-01,4.1098792858889944e+16,0.041867694822054935,10
2017-08-02,4.219935689801855e+16,0.026778500354190927,10
2017-08-03,4.385493512840549e+16,0.03923230949675152,10
2017-08-04,4.504699426063061e+16,0.027181869696872578,10
2017-08-07,4.571064512443236e+16,0.014732411666848156,10
2017-08-08,4.656278252639617e+16,0.018641990276972508,10
2017-08-09,4.721071395272385e+16,0.013915221367201839,10
2017-08-10,4.7342358521426216e+16,0.002788446894367907,10
2017-08-11,4.734739504151843e+16,0.00010638506930195203,10
2017-08-14,4.839404181843556e+16,0.022105688729006756,10
2017-08-15,4.981624622265642e+16,0.02938800626648784,10
2017-08-16,5.048135710451644e+16,0.013351284616815094,10
2017-08-17,5.024724504946042e+16,-0.0046375943216287645,10
2017-08-18,5.0571813088228056e+16,0.006459419585056889,10
2017-08-21,5.250255523659558e+16,0.038178226772276086,10
2017-08-22,5.183633093300852e+16,-0.0126893691285085,10
2017-08-23,5.336170565249392e+16,0.029426749386578743,10
2017-08-24,5.395880946370561e+16,0.011189743729336503,10
2017-08-25,5.595754789331777e+16,0.037041929751185004,10
2017-08-28,5.866648647635519e+16,0.048410602055007496,10
2017-08-29,6.024842167521041e+16,0.02696488734659091,10
2017-08-30,6.125558599161005e+16,0.01671685810840166,10
2017-08-31,6.417727156144285e+16,0.047696638968288955,10
2017-09-01,6.555554028889063e+16,0.021475963279745117,10
2017-09-04,6.688397683141457e+16,0.02026429096106546,10
2017-09-05,6.810342978007096e+16,0.018232363062533025,10
2017-09-06,7.091633096842309e+16,0.04130337043869798,10
2017-09-07,7.302860203513157e+16,0.02978539692992599,10
2017-09-08,7.538800799842024e+16,0.03230797108992505,10
2017-09-11,7.784307068229378e+16,0.0325656924629841,10
2017-09-12,7.908858416100082e+16,0.016000312780445596,10
2017-09-13,8.211398179477547e+16,0.03825327847083269,10
2017-09-14,8.38791548778521e+16,0.02149662024048791,10
2017-09-15,8.624095843549856e+16,0.028157216904316627,10
2017-09-18,8.899883573639267e+16,0.03197874131879911,10
2017-09-19,9.139797169318344e+16,0.0269569364243911,10
2017-09-20,9.46985384105427e+16,0.03611203461318613,10
2017-09-21,9.674868064870779e+16,0.02164914340364148,10
2017-09-22,1.0072419112640035e+17,0.0410911079204019,10
2017-09-25,1.0349637329723632e+17,0.02752250616097892,10
2017-09-26,1.0462868104326008e+17,0.010940554822842296,10
2017-09-27,1.081687729482169e+17,0.03383481345323588,10
2017-09-28,1.0906595467208821e+17,0.008294276614386729,10
2017-09-29,1.1329976240002341e+17,0.03881878392450091,10
2017-10-09,1.1602648757545357e+17,0.02406646861096694,10
2017-10-10,1.198671800922294e+17,0.03310185973076359,10
2017-10-11,1.2375884301680754e+17,0.03246645930590659,10
2017-10-12,1.2597177462368598e+17,0.01788099785788972,10
2017-10-13,1.290049010297934e+17,0.02407782549041848,10
2017-10-16,1.2881826458779717e+17,-0.0014467391587946372,10
2017-10-17,1.3196314661822962e+17,0.024413323999478598,10
2017-10-18,1.3523507292571813e+17,0.02479424287262724,10
2017-10-19,1.3881601977211205e+17,0.026479424079291047,10
2017-10-20,1.4587727241529622e+17,0.05086770716215838,10
2017-10-23,1.5257520007617203e+17,0.04591481284217842,10
2017-10-24,1.5657514996752925e+17,0.026216251981713165,10
2017-10-25,1.6190096514668765e+17,0.034014434476115046,10
2017-10-26,1.6705326688452454e+17,0.03182378643122177,10
2017-10-27,1.710625593558043e+17,0.024000084200994126,10
2017-10-30,1.729034867612409e+17,0.01076172022895753,10
2017-10-31,1.808819437975353e+17,0.04614399157439594,10
2017-11-01,1.8924676039712822e+17,0.04624461913653385,10
2017-11-02,1.9567819742421776e+17,0.033984396951331625,10
2017-11-03,2.0429577809093098e+17,0.04403955463689645,10
2017-11-06,2.1527210994400147e+17,0.053727648978555836,10
2017-11-07,2.2627424787554208e+17,0.051108050803248796,10
2017-11-08,2.372478255020977e+17,0.048496803014859396,10
2017-11-09,2.4907287333868208e+17,0.04984259734123392,10
2017-11-10,2.601036449783387e+17,0.04428732640289298,10
2017-11-13,2.6581791399875104e+17,0.021969200089019328,10
2017-11-14,2.6854574412799264e+17,0.010262025189372456,10
2017-11-15,2.7340337168936365e+17,0.018088641014008398,10
2017-11-16,2.7842999935410275e+17,0.01838539017891209,10
2017-11-17,2.738430894016037e+17,-0.016474194458713762,10
2017-11-20,2.7899738318492813e+17,0.01882206994738283,10
2017-11-21,2.8353137684491414e+17,0.016251025755968238,10
2017-11-22,2.882706460359626e+17,0.0167151489326726,10
2017-11-23,2.9203666714919546e+17,0.013064185219756953,10
2017-11-24,2.992747015094662e+17,0.02478467663299608,10
2017-11-27,3.0451770703153216e+17,0.017519040184892476,10
2017-11-28,3.144976725732256e+17,0.03277302209772673,10
2017-11-29,3.1505853398491117e+17,0.0017833563189723844,10
2017-11-30,3.18178693411457e+17,0.009903427744303828,10
2017-12-01,3.2605010182265414e+17,0.024738955103502415,10
2017-12-04,3.1843218318528755e+17,-0.023364257808176147,10
2017-12-05,3.078413108361201e+17,-0.03325942825008009,10
2017-12-06,3.152116406397683e+17,0.02394197771452372,10
2017-12-07,3.2027887780011296e+17,0.016075666336623697,10
2017-12-08,3.2898925589543494e+17,0.027196230220208784,10
2017-12-11,3.372093526827156e+17,0.02498591257914292,10
2017-12-12,3.367389600711394e+17,-0.0013949571915308657,10
2017-12-13,3.4569672764380934e+17,0.0266015181931357,10
2017-12-14,3.566525258765337e+17,0.03169193503044306,10
2017-12-15,3.6692762727991846e+17,0.02880983774931064,10
2017-12-18,3.689597528224788e+17,0.005538218960574592,10
2017-12-19,3.748106399525701e+17,0.01585779230751605,10
2017-12-20,3.724442677196491e+17,-0.006313514027297789,10
2017-12-21,3.7406468807078586e+17,0.004350772696967499,10
2017-12-22,3.8036486703879846e+17,0.01684248518753637,10
2017-12-25,3.773551130563134e+17,-0.007912807525880293,10
2017-12-26,3.8572144376415e+17,0.022170974814876968,10
2017-12-27,3.904138260351531e+17,0.01216520975658344,10
2017-12-28,3.9705840625791866e+17,0.01701932610902791,10
2017-12-29,4.080134927867772e+17,0.027590617290047727,10
2018-01-02,4.131943571689682e+17,0.012697777092627838,10
2018-01-03,4.2151677057157574e+17,0.02014164341359641,10
2018-01-04,4.2440174685794784e+17,0.006844274030805697,10
2018-01-05,4.293031376382187e+17,0.011548941107236699,10
2018-01-08,4.331183806983203e+17,0.00888706074008908,10
2018-01-09,4.374849869542502e+17,0.010081784681798777,10
2018-01-10,4.414218147773593e+17,0.008998772393350174,10
2018-01-11,4.536078559250085e+17,0.027606341009212366,10
2018-01-12,4.6242118074400435e+17,0.019429391938161057,10
2018-01-15,4.5863266246233824e+17,-0.008192787094160815,10
2018-01-16,4.6786833989017485e+17,0.020137417553846827,10
2018-01-17,4.773013680724919e+17,0.020161715119538293,10
2018-01-18,4.880563859004046e+17,0.022532970880316593,10
2018-01-19,4.8502553005032026e+17,-0.006210052644824682,10
2018-01-22,4.77708375479749e+17,-0.01508612251774073,10
2018-01-23,4.762179647142195e+17,-0.0031199175941445502,10
2018-01-24,4.785570573476197e+17,0.004911810991431087,10
2018-01-25,4.801554929538685e+17,0.003340115001350186,10
2018-01-26,4.836157118009911e+17,0.007206454779545846,10
2018-01-29,4.7879662989445466e+17,-0.009964692603948212,10
2018-01-30,4.7288351254308845e+17,-0.012349956081916557,10
2018-01-31,4.49381565965975e+17,-0.04969923026227739,10
2018-02-01,4.214841809876581e+17,-0.062079504570574984,10
2018-02-02,4.133624777122823e+17,-0.019269295602848846,10
2018-02-05,4.0748397587081184e+17,-0.014221179130734063,10
2018-02-06,3.8120927062650125e+17,-0.06448033984197868,10
2018-02-07,3.8466585821900384e+17,0.009067427942719763,10
2018-02-08,3.922821622636578e+17,0.019799792162260754,10
2018-02-09,3.812530880212905e+17,-0.028115156138439255,10
2018-02-12,3.898214613137618e+17,0.022474239715516254,10
2018-02-13,3.867957486860461e+17,-0.00776179078883601,10
2018-02-14,3.890127950551014e+17,0.005731827137673085,10
2018-02-22,3.934032581075665e+17,0.011286166183411273,10
2018-02-23,3.9700178730813126e+17,0.009147176914281773,10
2018-02-26,4.073955291709133e+17,0.026180592115861167,10
2018-02-27,4.128031122660951e+17,0.013273545505486494,10
2018-02-28,4.1408701083589715e+17,0.00311019595456552,10
2018-03-01,4.213096509417577e+17,0.017442324721271874,10
2018-03-02,4.174556702446494e+17,-0.00914762025624961,10
2018-03-05,4.1607990624412435e+17,-0.003295593037983624,10
2018-03-06,4.214067482117338e+17,0.012802449451822694,10
2018-03-07,4.18279184841268e+17,-0.007421721136972514,10
2018-03-08,4.214826819515181e+17,0.007658753355048809,10
2018-03-09,4.308077477554547e+17,0.022124434059213115,10
2018-03-12,4.369092859946588e+17,0.014163018819864825,10
2018-03-13,4.375574205146455e+17,0.0014834532951414682,10
2018-03-14,4.314251118952135e+17,-0.01401486600825853,10
2018-03-15,4.248231582566365e+17,-0.015302664255159314,10
2018-03-16,4.242237050310435e+17,-0.0014110653196332424,10
2018-03-19,4.26126354190934e+17,0.00448501377298397,10
2018-03-20,4.274611802957154e+17,0.003132465503842752,10
2018-03-21,4.3077031261637594e+17,0.007741363363969811,10
2018-03-22,4.3117508344069094e+17,0.0009396441965941471,10
2018-03-23,4.00418547217044e+17,-0.07133189603215463,10
2018-03-26,3.995929273066211e+17,-0.0020618922778702364,10
2018-03-27,4.123061688485506e+17,0.031815481889583455,10
2018-03-28,4.1765507594984e+17,0.012973143516691377,10
2018-03-29,4.266132086910545e+17,0.021448638498746165,10
2018-03-30,4.352896570691296e+17,0.020337974074212072,10
2018-04-02,4.393178652997015e+17,0.009254086710202225,10
2018-04-03,4.3848526385812026e+17,-0.001895214165745851,10
2018-04-04,4.466639429916804e+17,0.018652118572008484,10
2018-04-09,4.499075600595718e+17,0.007261873537779135,10
2018-04-10,4.5040833307647616e+17,0.0011130575730670111,10
2018-04-11,4.665335619094712e+17,0.035801355456398856,10
2018-04-12,4.762010839200456e+17,0.02072202902403454,10
2018-04-13,4.7330901612182074e+17,-0.0060732070881015015,10
2018-04-16,4.6685253468776006e+17,-0.013641154539931385,10
2018-04-17,4.5222350081925523e+17,-0.03133544916552505,10
2018-04-18,4.570708538454768e+17,0.01071893215951848,10
2018-04-19,4.580754414923564e+17,0.0021978816597638057,10
2018-04-20,4.450886505783335e+17,-0.028350768754844102,10
2018-04-23,4.378986770447806e+17,-0.016154025774888853,10
2018-04-24,4.457253942779282e+17,0.01787335208675948,10
2018-04-25,4.5195161224669843e+17,0.013968730632582999,10
2018-04-26,4.406073344750067e+17,-0.02510064676016562,10
2018-04-27,4.4841330711473914e+17,0.01771639287174688,10
2018-05-02,4.477695920745452e+17,-0.001435539556878515,10
2018-05-03,4.436292298118307e+17,-0.009246635626889977,10
2018-05-04,4.4596543961907546e+17,0.005266131377852768,10
2018-05-07,4.537920147544147e+17,0.017549734665592932,10
2018-05-08,4.5882767570313075e+17,0.011096847861990907,10
2018-05-09,4.6604611648519917e+17,0.01573235697041716,10
2018-05-10,4.694359142967379e+17,0.007273524425230183,10
2018-05-11,4.658291501425287e+17,-0.0076831875115745294,10
2018-05-14,4.599688395847075e+17,-0.012580386083670647,10
2018-05-15,4.679521258430772e+17,0.01735614583278632,10
2018-05-16,4.697679951990919e+17,0.0038804596789536244,10
2018-05-17,4.716328136561385e+17,0.0039696583762719945,10
2018-05-18,4.7542594991706016e+17,0.008042562245652288,10
2018-05-21,4.8402671931621286e+17,0.018090660387076272,10
2018-05-22,4.852774945447721e+17,0.0025841036840407667,10
2018-05-23,4.819868048400128e+17,-0.006781047424929983,10
2018-05-24,4.864112840245505e+17,0.009179668696545308,10
2018-05-25,4.7904505283621357e+17,-0.015144038451141638,10
2018-05-28,4.7089724204319936e+17,-0.0170084436626047,10
2018-05-29,4.702634282408374e+17,-0.0013459705128276323,10
2018-05-30,4.47755791858352e+17,-0.047861762218427174,10
2018-05-31,4.536049565663834e+17,0.013063292121259317,10
2018-06-01,4.513060846318374e+17,-0.005068004441458551,10
2018-06-04,4.4909305591923475e+17,-0.00490360929746374,10
2018-06-05,4.570388508773424e+17,0.01769298111689497,10
2018-06-06,4.597959205612017e+17,0.006032462401318372,10
2018-06-07,4.563507465146546e+17,-0.007492832999349186,10
2018-06-08,4.475294884129254e+17,-0.019329995993434636,10
2018-06-11,4.454413368630065e+17,-0.004665952979599286,10
2018-06-12,4.5074055824365965e+17,0.011896564018895394,10
2018-06-13,4.350712443484681e+17,-0.0347634877949481,10
2018-06-14,4.30379426510539e+17,-0.010784021924857834,10
2018-06-15,4.14716875226997e+17,-0.0363924256568953,10
2018-06-18,4.14716875226997e+17,0.0,10
2018-06-19,3.8843088095655264e+17,-0.06338298690174246,10
2018-06-20,3.780184895720359e+17,-0.026806291402153924,10
2018-06-21,3.6909456270991405e+17,-0.02360711739847665,10
2018-06-22,3.776958300549691e+17,0.0233036956218049,10
2018-06-25,3.7861335831793184e+17,0.00242927824442557,10
2018-06-26,3.8911214629033056e+17,0.027729576206824248,10
2018-06-27,3.943430039599529e+17,0.01344305933261567,10
2018-06-28,3.905755782746968e+17,-0.009553676995468307,10
2018-06-29,4.004411883173064e+17,0.0252591574880058,10
2018-07-02,3.961387070348273e+17,-0.010744352499198372,10
2018-07-03,3.996372991474092e+17,0.00883173507272116,10
2018-07-04,3.958795284252184e+17,-0.009402952953109412,10
2018-07-05,3.8309456386144154e+17,-0.032295088898975366,10
2018-07-06,3.8234900642980666e+17,-0.0019461446388587711,10
2018-07-09,3.9221357804173555e+17,0.025799914334915085,10
2018-07-10,3.9640505637113184e+17,0.010686724183093733,10
2018-07-11,3.8681294066009536e+17,-0.024197763264795245,10
2018-07-12,3.9702363454309523e+17,0.026396981097828242,10
2018-07-13,4.04219835513311e+17,0.01812537175147606,10
2018-07-16,4.1006329556351635e+17,0.014456143753521711,10
2018-07-17,4.108200486139118e+17,0.0018454542471438185,10
2018-07-18,4.113028276126044e+17,0.0011751592949794999,10
2018-07-19,4.043794693535526e+17,-0.01683275142852351,10
2018-07-20,4.1066941394978694e+17,0.015554559696835191,10
2018-07-23,4.107175659473914e+17,0.0001172524565229316,10
2018-07-24,4.152714870669228e+17,0.01108771938942279,10
2018-07-25,4.2075064856138106e+17,0.01319416734618053,10
2018-07-26,4.2492827973910714e+17,0.009928995218450842,10
2018-07-27,4.2321405754515405e+17,-0.004034144762042113,10
2018-07-30,4.09831991879568e+17,-0.03162008781846348,10
2018-07-31,4.220431500323816e+17,0.02979552205480799,10
2018-08-01,4.1621895564360026e+17,-0.013799997437073563,10
2018-08-02,4.034949974129409e+17,-0.030570347789624808,10
2018-08-03,3.98084971507703e+17,-0.013407913208156241,10
2018-08-06,3.855706126550672e+17,-0.03143640114129166,10
2018-08-07,3.950744386347336e+17,0.02464873013589495,10
2018-08-08,3.954036515129626e+17,0.0008332932886439881,10
2018-08-09,3.971199106094813e+17,0.004340524145266733,10
2018-08-10,3.94141566178574e+17,-0.007499861757966931,10
2018-08-13,3.916884948326884e+17,-0.006223833151295166,10
2018-08-14,3.9655743111230266e+17,0.012430633893635523,10
2018-08-15,3.93902178239975e+17,-0.006695758707332755,10
2018-08-16,3.8673130565376986e+17,-0.018204704066999276,10
2018-08-17,3.7980449927621216e+17,-0.017911160219749835,10
2018-08-20,3.7740590659046317e+17,-0.006315335100874083,10
2018-08-21,3.825995089228108e+17,0.013761317037317582,10
2018-08-22,3.835498941094629e+17,0.002484020926550127,10
2018-08-23,3.884413864735663e+17,0.012753210049661394,10
2018-08-24,3.9500535370681626e+17,0.01689821801132063,10
2018-08-27,3.995521679640384e+17,0.01151076615684791,10
2018-08-28,4.016702416080301e+17,0.005301119137419634,10
2018-08-29,4.0740188963542374e+17,0.014269536136029794,10
2018-08-30,4.013638180637414e+17,-0.014820921859458554,10
2018-08-31,3.9967251507132134e+17,-0.004213890032687018,10
2018-09-03,4.055048905346734e+17,0.014592886033985317,10
2018-09-04,4.183183490225128e+17,0.03159877670265416,10
2018-09-05,4.166118782745462e+17,-0.004079359062192959,10
2018-09-06,4.1404188277051725e+17,-0.00616880035843644,10
2018-09-07,4.154118223190202e+17,0.003308697997739227,10
2018-09-10,4.15082432055602e+17,-0.0007929246249647331,10
2018-09-11,4.216796719492531e+17,0.015893806589162927,10
2018-09-12,4.217732311589358e+17,0.0002218727055308308,10
2018-09-13,4.1731949973966074e+17,-0.010559540270104936,10
2018-09-14,4.110251092454229e+17,-0.01508290529957136,10
2018-09-17,4.009857558152571e+17,-0.02442515847412949,10
2018-09-18,4.074612851181908e+17,0.016149025767182308,10
2018-09-19,4.112724661811088e+17,0.009353480200732381,10
2018-09-20,4.12526715204878e+17,0.0030496790495497684,10
2018-09-21,4.145579528433783e+17,0.004923893565272551,10
2018-09-25,4.148305889425928e+17,0.0006576549728319028,10
2018-09-26,4.1630533437616224e+17,0.003555054696734425,10
2018-09-27,4.104833595501024e+17,-0.013984867224399363,10
2018-09-28,4.144348141970292e+17,0.009626345514365364,10
2018-10-08,4.063641276983013e+17,-0.019473958804269005,10
2018-10-09,4.1268683101398694e+17,0.015559206348991082,10
2018-10-10,4.1334967836246656e+17,0.0016061751882195385,10
2018-10-11,3.824754420682237e+17,-0.07469277928690986,10
2018-10-12,3.723496281021327e+17,-0.026474416007825272,10
2018-10-15,3.6721506683589766e+17,-0.013789623726511713,10
2018-10-16,3.575309139811236e+17,-0.02637188320789077,10
2018-10-17,3.6340006480637914e+17,0.016415785588726535,10
2018-10-18,3.557620720875159e+17,-0.021018138020786597,10
2018-10-19,3.6283515241573594e+17,0.019881490701684705,10
2018-10-22,3.835009176204132e+17,0.056956347991879416,10
2018-10-23,3.985972833432119e+17,0.03936461434426337,10
2018-10-24,3.984694039206149e+17,-0.0003208236180749502,10
2018-10-25,3.974709642276081e+17,-0.0025056872201051844,10
2018-10-26,4.0396067481007763e+17,0.016327508589415427,10
2018-10-29,4.048028513307141e+17,0.0020847982814970033,10
2018-10-30,4.0881059159575917e+17,0.009900474396043394,10
2018-10-31,4.197350507669897e+17,0.02672254436605405,10
2018-11-01,4.167338766388309e+17,-0.007150163234341946,10
2018-11-02,4.2858414086977946e+17,0.0284360473080012,10
2018-11-05,4.390494519994088e+17,0.024418335005095566,10
2018-11-06,4.319699868189817e+17,-0.016124527996077814,10
2018-11-07,4.3563880413478266e+17,0.008493222741742123,10
2018-11-08,4.495856778213129e+17,0.03201476441987304,10
2018-11-09,4.528125159720653e+17,0.0071773597557413344,10
2018-11-12,4.7687191817388474e+17,0.05313325350596928,10
2018-11-13,4.9849931999227514e+17,0.045352642909252366,10
2018-11-14,4.9434921989118586e+17,-0.00832518708581905,10
2018-11-15,4.939557432762073e+17,-0.0007959486920302819,10
2018-11-16,5.0042241184074074e+17,0.013091595051902197,10
2018-11-19,4.958930046501065e+17,-0.00905116774041639,10
2018-11-20,4.827007242508808e+17,-0.026603078235664917,10
2018-11-21,4.9075389777471155e+17,0.01668357456129521,10
2018-11-22,4.967100023156708e+17,0.012136642353666023,10
2018-11-23,4.679402216469695e+17,-0.057920679137879426,10
2018-11-26,4.609267999198408e+17,-0.014987858283359702,10
2018-11-27,4.6983599079224115e+17,0.0193288627911194,10
2018-11-28,4.750021301089658e+17,0.010995622766177333,10
2018-11-29,4.6235583395116666e+17,-0.026623661992627494,10
2018-11-30,4.691601063742297e+17,0.014716527668561241,10
2018-12-03,4.831143130864983e+17,0.02974295240085461,10
2018-12-04,4.937132574403175e+17,0.021938791848465772,10
2018-12-05,4.9812339091748883e+17,0.008932580623894694,10
2018-12-06,4.919404095748722e+17,-0.01241254969221243,10
2018-12-07,4.8896235416604954e+17,-0.006053691363545894,10
2018-12-10,4.879088692892662e+17,-0.0021545316685578474,10
2018-12-11,4.9094452363740435e+17,0.006221765045100043,10
2018-12-12,4.886755324596453e+17,-0.004621685482807947,10
2018-12-13,4.916531328672653e+17,0.006093205429444964,10
2018-12-14,4.71525639687755e+17,-0.04093840114905614,10
2018-12-17,4.69781598631201e+17,-0.003698719453959819,10
2018-12-18,4.722349320291931e+17,0.005222285004649681,10
2018-12-19,4.672835024259481e+17,-0.010485098131069483,10
2018-12-20,4.7274123515906176e+17,0.011679703445080562,10
2018-12-21,4.706599838489107e+17,-0.004402516969882537,10
2018-12-24,4.717474163554579e+17,0.002310441813333175,10
2018-12-25,4.631363756145346e+17,-0.018253498466295797,10
2018-12-26,4.704789057603785e+17,0.015853926688658506,10
2018-12-27,4.5453700363562624e+17,-0.03388441422041501,10
2018-12-28,4.508064538837279e+17,-0.008207362045464918,10
2019-01-02,4.491075025613437e+17,-0.00376869343317427,10
2019-01-03,4.527078684870897e+17,0.008016712936685525,10
2019-01-04,4.626200281358195e+17,0.021895266989406113,10
2019-01-07,4.7666980764851034e+17,0.030370020012548873,10
2019-01-08,4.7372888517137363e+17,-0.006169726779308172,10
2019-01-09,4.7130710552626496e+17,-0.005112163773236188,10
2019-01-10,4.6691590517875354e+17,-0.009317067992446557,10
2019-01-11,4.717683000538418e+17,0.010392438598189576,10
2019-01-14,4.623917022767009e+17,-0.019875429900802353,10
2019-01-15,4.6856971136362266e+17,0.013360986056849175,10
2019-01-16,4.6722259001273235e+17,-0.002874964638601917,10
2019-01-17,4.64113474849624e+17,-0.006654462411638979,10
2019-01-18,4.6445600915349325e+17,0.0007380399889924178,10
2019-01-21,4.682890073436872e+17,0.00825266142466299,10
2019-01-22,4.5911702160778246e+17,-0.019586164936759243,10
2019-01-23,4.5805782974187686e+17,-0.0023070193786246776,10
2019-01-24,4.640404466070974e+17,0.013060833101776316,10
2019-01-25,4.607509890812584e+17,-0.007088730195590519,10
2019-01-28,4.531192396086674e+17,-0.016563718046072436,10
2019-01-29,4.379873817274363e+17,-0.03339486951447838,10
2019-01-30,4.305412587161484e+17,-0.017000770620194918,10
2019-01-31,4.165705450717266e+17,-0.032449186603118546,10
2019-02-01,4.289262411608444e+17,0.029660513051853885,10
2019-02-11,4.4159894127543974e+17,0.029545173268713903,10
2019-02-12,4.476261430085533e+17,0.013648587371395453,10
2019-02-13,4.531732798421433e+17,0.012392343298599506,10
2019-02-14,4.5435308923913005e+17,0.0026034398969809005,10
2019-02-15,4.5666317332773306e+17,0.005084336704899705,10
2019-02-18,4.7331294293616154e+17,0.03645962841080563,10
2019-02-19,4.7324642602788954e+17,-0.00014053473344576172,10
2019-02-20,4.7567818682984736e+17,0.0051384662793301965,10
2019-02-21,4.708708702041631e+17,-0.010106237281391064,10
2019-02-22,4.772076526377015e+17,0.013457580059668869,10
2019-02-25,4.957898789328727e+17,0.038939497705999505,10
2019-02-26,4.9472440534949094e+17,-0.0021490426260315993,10
2019-02-27,4.970620071411358e+17,0.0047250585707278026,10
2019-02-28,5.087830713248117e+17,0.023580688154159726,10
2019-03-01,5.138044529764801e+17,0.009869396083862047,10
2019-03-04,5.197041322282208e+17,0.011482343560013245,10
2019-03-05,5.2954460422867885e+17,0.01893475804832871,10
2019-03-06,5.4810947939392576e+17,0.03505818965389709,10
2019-03-07,5.629267392448289e+17,0.027033394619059292,10
2019-03-08,5.321941344929977e+17,-0.05459432393113758,10
2019-03-11,5.498213650111907e+17,0.03312180532576878,10
2019-03-12,5.531306647529905e+17,0.006018863493477439,10
2019-03-13,5.4711783812463475e+17,-0.010870535682632791,10
2019-03-14,5.270812340204928e+17,-0.03662209986210971,10
2019-03-15,5.3883429067164294e+17,0.022298378110523362,10
2019-03-18,5.496386396582266e+17,0.02005133892484159,10
2019-03-19,5.5453888690065734e+17,0.008915398024923768,10
2019-03-20,5.555269478521413e+17,0.001781770358804434,10
2019-03-21,5.695761298674132e+17,0.025289829898605003,10
2019-03-22,5.675253070176012e+17,-0.003600612354119114,10
2019-03-25,5.701593287488991e+17,0.004641241013797124,10
2019-03-26,5.4950327823865434e+17,-0.03622855834976927,10
2019-03-27,5.542001328851899e+17,0.008547455188239381,10
2019-03-28,5.466636889910998e+17,-0.013598776771948836,10
2019-03-29,5.537711246708543e+17,0.013001477549883936,10
2019-04-01,5.7124854314002675e+17,0.031560725524575686,10
2019-04-02,5.836111960785119e+17,0.02164146077385211,10
2019-04-03,5.953395165810089e+17,0.020096119781977465,10
2019-04-04,5.991939779473727e+17,0.006474391937729313,10
2019-04-08,6.056749111579679e+17,0.010816085356526018,10
2019-04-09,6.128065360502537e+17,0.011774674434922713,10
2019-04-10,6.281967941563098e+17,0.0251143830894029,10
2019-04-11,6.223791102153353e+17,-0.00926092586764593,10
2019-04-12,6.33574652937474e+17,0.01798830092202999,10
2019-04-15,6.328934598881135e+17,-0.001075158304080263,10
2019-04-16,6.473305215429142e+17,0.022811203733015175,10
2019-04-17,6.641724895143658e+17,0.026017571257583787,10
2019-04-18,6.585082094430156e+17,-0.008528326843967895,10
2019-04-19,6.710656576623131e+17,0.019069539360669536,10
2019-04-22,6.50118563788866e+17,-0.031214671223702965,10
2019-04-23,6.232185539747178e+17,-0.041377083062166316,10
2019-04-24,6.240578239728431e+17,0.001346670430096533,10
2019-04-25,6.092591584935107e+17,-0.02371361260263025,10
2019-04-26,6.111827898359708e+17,0.00315732856148869,10
2019-04-29,5.919863598386659e+17,-0.031408655997098384,10
2019-04-30,6.075641936615606e+17,0.026314514792435722,10
2019-05-06,5.670792974927536e+17,-0.06663476319237929,10
2019-05-07,5.696137504576353e+17,0.0044693096293363516,10
2019-05-08,5.728856388459418e+17,0.005744047410509004,10
2019-05-09,5.711827352313878e+17,-0.0029725018382106283,10
2019-05-10,5.879436092354638e+17,0.02934415375367791,10
2019-05-13,5.841634914369105e+17,-0.00642938836169811,10
2019-05-14,5.815461534478689e+17,-0.004480488814190553,10
2019-05-15,5.904983854964301e+17,0.015393846207192875,10
2019-05-16,6.01252943773236e+17,0.018212680239192338,10
2019-05-17,5.769400167026806e+17,-0.040437102757412954,10
2019-05-20,5.6761600880071744e+17,-0.01616113916876764,10
2019-05-21,5.7072095058889626e+17,0.005470144851515029,10
2019-05-22,5.776109270637482e+17,0.012072408534753554,10
2019-05-23,5.56474755345856e+17,-0.036592402822669526,10
2019-05-24,5.481188070489485e+17,-0.01501586229498264,10
2019-05-27,5.639834455488797e+17,0.028943795206272646,10
2019-05-28,5.7053128417386976e+17,0.011609983726769727,10
2019-05-29,5.68136863090836e+17,-0.004196826974178915,10
2019-05-30,5.6277996579620614e+17,-0.009428885261003321,10
2019-05-31,5.701213383820443e+17,0.01304483640502696,10
2019-06-03,5.6548181326864826e+17,-0.0081377854169826,10
2019-06-04,5.607807204921298e+17,-0.008313428772085234,10
2019-06-05,5.643421357557494e+17,0.0063508161630344805,10
2019-06-06,5.50628944283949e+17,-0.02429942866739189,10
2019-06-10,5.4308838125750163e+17,-0.013694454504663322,10
2019-06-11,5.546142938723111e+17,0.021222904066040955,10
2019-06-12,5.546048466388215e+17,-1.7033880291148248e-05,10
2019-06-13,5.704566370325696e+17,0.02858213463120222,10
2019-06-14,5.570915342195824e+17,-0.02342877958701724,10
2019-06-17,5.5437509461361837e+17,-0.004876110009048134,10
2019-06-18,5.54291813608459e+17,-0.0001502250118530594,10
2019-06-19,5.521246053151388e+17,-0.003909868845458038,10
2019-06-20,5.425066728135415e+17,-0.01741985850478008,10
2019-06-21,5.656582160572746e+17,0.042675130839709086,10
2019-06-24,5.6158103115882394e+17,-0.007207859415300753,10
2019-06-25,5.6605634248582374e+17,0.00796912836917755,10
2019-06-26,5.828544866416204e+17,0.029675745848951978,10
2019-06-27,5.88038185277565e+17,0.00889364113127601,10
2019-06-28,5.836238965102802e+17,-0.007506806322792079,10
2019-07-01,5.925266039196714e+17,0.015254185893730683,10
2019-07-02,6.090007090472056e+17,0.027803148446930572,10
2019-07-03,5.891047286586002e+17,-0.03266988049937257,10
2019-07-04,5.908488752030721e+17,0.0029606731360709076,10
2019-07-05,5.935947615190331e+17,0.004647358116772465,10
2019-07-08,5.652871036378451e+17,-0.04768852374766159,10
2019-07-09,5.562889670695217e+17,-0.01591781682337497,10
2019-07-10,5.549458250501874e+17,-0.0024144681970054396,10
2019-07-11,5.565045067689137e+17,0.002808709694473949,10
2019-07-12,5.548051223953859e+17,-0.003053675851422121,10
2019-07-15,5.5259136427766195e+17,-0.003990154431462383,10
2019-07-16,5.587172065926003e+17,0.011085664219429001,10
2019-07-17,5.588240857707835e+17,0.00019129387268195734,10
2019-07-18,5.5241406666562157e+17,-0.01147054908401198,10
2019-07-19,5.52473497920947e+17,0.00010758461616332414,10
2019-07-22,5.324541497367208e+17,-0.036235852506160855,10
2019-07-23,5.4162752153628614e+17,0.017228472731598183,10
2019-07-24,5.5191024908130714e+17,0.018984869003433893,10
2019-07-25,5.574463221889418e+17,0.01003074887058153,10
2019-07-26,5.554019659587877e+17,-0.003667359795516233,10
2019-07-29,5.466427566967155e+17,-0.015770936724992017,10
2019-07-30,5.5019637855077894e+17,0.006500812112717765,10
2019-07-31,5.48923528747634e+17,-0.002313446348915677,10
2019-08-01,5.503555647712053e+17,0.002608807873181419,10
2019-08-02,5.407905428308929e+17,-0.017379713320948773,10
2019-08-05,5.407539776396043e+17,-6.761433196903847e-05,10
2019-08-06,5.2344565497540006e+17,-0.032007758389046397,10
2019-08-07,5.3068997577267725e+17,0.013839680831083938,10
2019-08-08,5.296810642647962e+17,-0.0019011316473654086,10
2019-08-09,5.267614961954018e+17,-0.005511935891925594,10
2019-08-12,5.29539807759181e+17,0.005274325446802643,10
2019-08-13,5.2961523794964346e+17,0.0001424447970807479,10
2019-08-14,5.272956556368257e+17,-0.004379749951677707,10
2019-08-15,5.2594398663881914e+17,-0.002563398699680438,10
2019-08-16,5.3005452885661376e+17,0.007815551317668177,10
2019-08-19,5.427151905635234e+17,0.023885583496890565,10
2019-08-20,5.463607977766197e+17,0.00671734876134754,10
2019-08-21,5.421808504305965e+17,-0.007650525738730221,10
2019-08-22,5.523431907156487e+17,0.018743451150997598,10
2019-08-23,5.549692756558373e+17,0.004754444309861355,10
2019-08-26,5.4433526395332595e+17,-0.01916144220766927,10
2019-08-27,5.5353574951494976e+17,0.016902240532431723,10
2019-08-28,5.574763993886157e+17,0.007119052160802608,10
2019-08-29,5.555675927106469e+17,-0.003424013429200193,10
2019-08-30,5.517326357887704e+17,-0.006902772897831354,10
2019-09-02,5.538348280533124e+17,0.003810164793925338,10
2019-09-03,5.552418869289011e+17,0.0025405749229142132,10
2019-09-04,5.5471802810065683e+17,-0.0009434785821758545,10
2019-09-05,5.563808566580718e+17,0.0029976104492374337,10
2019-09-06,5.509493301003821e+17,-0.009762245578171846,10
2019-09-09,5.571496325505398e+17,0.011253852416932726,10
2019-09-10,5.566443367841045e+17,-0.0009069300900766594,10
2019-09-11,5.616049640201074e+17,0.008911663890558617,10
2019-09-12,5.6604294242616314e+17,0.007902313352588052,10
2019-09-16,5.725812831736316e+17,0.011550962404802701,10
2019-09-17,5.6588422108496134e+17,-0.011696264417779441,10
2019-09-18,5.713474074147901e+17,0.009654247505530702,10
2019-09-19,5.712880706293996e+17,-0.00010385412556419066,10
2019-09-20,5.6973245701772e+17,-0.002722993340235094,10
2019-09-23,5.6645860033436717e+17,-0.005746305380757044,10
2019-09-24,5.653022313001143e+17,-0.002041400790049429,10
2019-09-25,5.5433217920187603e+17,-0.01940564089585976,10
2019-09-26,5.3801371361111136e+17,-0.02943806295759319,10
2019-09-27,5.4077640158692205e+17,0.005134976871254304,10
2019-09-30,5.394395918239659e+17,-0.002472019413260745,10
2019-10-08,5.40414694637548e+17,0.001807621888273313,10
2019-10-09,5.438484013868492e+17,0.006353836754206298,10
2019-10-10,5.4945818810578534e+17,0.010314982455829316,10
2019-10-11,5.48944017347577e+17,-0.0009357777704266009,10
2019-10-14,5.516121362292248e+17,0.004860457163810265,10
2019-10-15,5.503418046585769e+17,-0.002302943476428565,10
2019-10-16,5.4541619097844864e+17,-0.008950099081032059,10
2019-10-17,5.392261879276976e+17,-0.011349136958414194,10
2019-10-18,5.395997225541122e+17,0.0006927234521937824,10
2019-10-21,5.383174901973713e+17,-0.002376265782108996,10
2019-10-22,5.35842336069343e+17,-0.004597944843146117,10
2019-10-23,5.30949845339208e+17,-0.009130466931791315,10
2019-10-24,5.245595632148427e+17,-0.012035566410764705,10
2019-10-25,5.223526649532964e+17,-0.004207145224883524,10
2019-10-28,5.261124499217108e+17,0.0071977903448632065,10
2019-10-29,5.209707374781715e+17,-0.009773029405223966,10
2019-10-30,5.057630505189331e+17,-0.02919105789483161,10
2019-10-31,4.922516888362587e+17,-0.026714805814325962,10
2019-11-01,4.8917778788571565e+17,-0.006244571669850608,10
2019-11-04,4.895567111206991e+17,0.0007746125117847767,10
2019-11-05,4.878592225288206e+17,-0.0034673992886188453,10
2019-11-06,4.868194097606992e+17,-0.0021313787258782327,10
2019-11-07,4.896861157766299e+17,0.005888643629348846,10
2019-11-08,4.953974410448145e+17,0.011663237090409692,10
2019-11-11,4.862767609143713e+17,-0.01841083416015901,10
2019-11-12,4.817506866723298e+17,-0.009307609587451644,10
2019-11-13,4.804906967743893e+17,-0.0026154397550395897,10
2019-11-14,4.8877826966206694e+17,0.017248144331021262,10
2019-11-15,4.9437350003354003e+17,0.011447379555849525,10
2019-11-18,4.972727757305665e+17,0.00586454511989381,10
2019-11-19,5.101951902674601e+17,0.025986571490684545,10
2019-11-20,5.163950103159714e+17,0.012151859066450986,10
2019-11-21,5.203480263448758e+17,0.0076550236736130615,10
2019-11-22,5.239449387034237e+17,0.006912512734628846,10
2019-11-25,5.303879668174329e+17,0.01229714734901984,10
2019-11-26,5.434286556847265e+17,0.024587075279146317,10
2019-11-27,5.4790509585870483e+17,0.008237401776941461,10
2019-11-28,5.560819852383051e+17,0.014923915549252306,10
2019-11-29,5.6235742525822483e+17,0.011285098576301528,10
2019-12-02,5.568551630403645e+17,-0.009784279482632982,10
2019-12-03,5.751884657391062e+17,0.03292292846607376,10
2019-12-04,5.867282060326568e+17,0.020062537726173335,10
2019-12-05,5.922694155954021e+17,0.009444252902402495,10
2019-12-06,5.999623090567872e+17,0.012988841325955658,10
2019-12-09,6.088706243920055e+17,0.014848124958421471,10
2019-12-10,6.049508843591448e+17,-0.00643772235977832,10
2019-12-11,6.007791787606006e+17,-0.006895940986950677,10
2019-12-12,6.121581572181409e+17,0.018940367542388824,10
2019-12-13,6.250747062711506e+17,0.021100019497750266,10
2019-12-16,6.360819537113331e+17,0.017609491041231783,10
2019-12-17,6.395916200753283e+17,0.00551763234834336,10
2019-12-18,6.432836805255286e+17,0.005772527866712085,10
2019-12-19,6.572342713640284e+17,0.02168653000353271,10
2019-12-20,6.742816199919512e+17,0.025938009277183104,10
2019-12-23,6.767979725240116e+17,0.0037319014154509555,10
2019-12-24,7.011172925765111e+17,0.03593290913949465,10
2019-12-25,7.134319020129985e+17,0.01756426430623751,10
2019-12-26,7.18657779696101e+17,0.007324984582771488,10
2019-12-27,7.29333026110251e+17,0.01485442266924918,10
2019-12-30,7.049791875559598e+17,-0.03339193164496799,10
2019-12-31,6.930967341491223e+17,-0.01685504142048776,10
2020-01-02,7.0621221305963e+17,0.018923013577042402,10
2020-01-03,7.147343466240684e+17,0.012067383439202672,10
2020-01-06,7.21167812773968e+17,0.009001199089265976,10
2020-01-07,7.271405006740372e+17,0.008281966824192145,10
2020-01-08,7.206527193397874e+17,-0.008922321515904972,10
2020-01-09,7.359633271565471e+17,0.021245472896829123,10
2020-01-10,7.428027008069279e+17,0.00929309029134003,10
2020-01-13,7.33552254160258e+17,-0.012453437011767463,10
2020-01-14,7.241497337679562e+17,-0.012817792241761185,10
2020-01-15,7.231467190792301e+17,-0.0013850929468788298,10
2020-01-16,7.10299330245471e+17,-0.017765950525389082,10
2020-01-17,7.040218871621784e+17,-0.008837743210490065,10
2020-01-20,7.127696025367995e+17,0.012425345765714704,10
2020-01-21,7.12901540421523e+17,0.00018510593641164598,10
2020-01-22,7.152289930607008e+17,0.0032647602890599143,10
2020-01-23,7.048127271569202e+17,-0.014563539796123189,10
2020-02-03,6.721498127354436e+17,-0.04634268531618688,10
2020-02-04,6.492805584014875e+17,-0.03402404330202101,10
2020-02-05,6.628294991885271e+17,0.02086762126436802,10
2020-02-06,6.674920337099918e+17,0.007034289401984783,10
2020-02-07,6.719505033931587e+17,0.006679435046417148,10
2020-02-10,6.899876737286029e+17,0.026843004424227178,10
2020-02-11,6.892381142728576e+17,-0.0010863374583125252,10
2020-02-12,6.984864482589787e+17,0.013418198724947294,10
2020-02-13,6.855316593931616e+17,-0.01854694374974313,10
2020-02-14,6.841684433370386e+17,-0.0019885530266096963,10
2020-02-17,7.028105829529155e+17,0.027247879959136377,10
2020-02-18,7.115630520732471e+17,0.012453524936345595,10
2020-02-19,7.101464766502876e+17,-0.0019907939554085763,10
2020-02-20,7.219033725581061e+17,0.016555592816956555,10
2020-02-21,7.285812176176407e+17,0.009250330879978152,10
2020-02-24,7.34784584983878e+17,0.00851431139897002,10
2020-02-25,7.307729286134083e+17,-0.005459635997341816,10
2020-02-26,7.266000049182938e+17,-0.005710287740177178,10
2020-02-27,7.287722962500998e+17,0.0029896660020671596,10
2020-02-28,6.974157283284603e+17,-0.04302656410374661,10
2020-03-02,7.13826057410412e+17,0.023530196431450566,10
2020-03-03,7.15526789979926e+17,0.0023825588206794145,10
2020-03-04,7.275284141478565e+17,0.016773130420829174,10
2020-03-05,7.451958467592426e+17,0.02428418226397344,10
2020-03-06,7.545758606341047e+17,0.012587313678215617,10
2020-03-09,7.454999080907299e+17,-0.01202788615017164,10
2020-03-10,7.672800718903188e+17,0.029215515070108132,10
2020-03-11,7.802977763507702e+17,0.01696604009065439,10
2020-03-12,7.673947993203823e+17,-0.016535965398660236,10
2020-03-13,7.58034137295303e+17,-0.012197974280473778,10
2020-03-16,7.333978662469972e+17,-0.032500213164817424,10
2020-03-17,7.302619072050895e+17,-0.004275931504894193,10
2020-03-18,7.202686450021957e+17,-0.013684490597545663,10
2020-03-19,7.299683673838935e+17,0.01346681193052388,10
2020-03-20,7.474494608430685e+17,0.023947741080650987,10
2020-03-23,7.275154353228616e+17,-0.02666939581135408,10
2020-03-24,7.46177717561966e+17,0.025652077375956005,10
2020-03-25,7.615868618539101e+17,0.020650769822357484,10
2020-03-26,7.574789801044653e+17,-0.005393845344764947,10
2020-03-27,7.59144947532876e+17,0.0021993579652613395,10
2020-03-30,7.473398966948924e+17,-0.015550456966549785,10
2020-03-31,7.466916677445338e+17,-0.0008673817003822193,10
2020-04-01,7.394262321852396e+17,-0.009730168251696614,10
2020-04-02,7.482682165090506e+17,0.011957899164167219,10
2020-04-03,7.510058385923759e+17,0.003658610673185303,10
2020-04-07,7.695961283145356e+17,0.02475385511916093,10
2020-04-08,7.72303285959972e+17,0.0035176341795861267,10
2020-04-09,7.782326089427566e+17,0.007677454039852327,10
2020-04-10,7.61312728251484e+17,-0.02174141830712868,10
2020-04-13,7.602146770119058e+17,-0.0014423129928487488,10
2020-04-14,7.765638886751055e+17,0.02150604580203812,10
2020-04-15,7.678602336445476e+17,-0.011207905952731323,10
2020-04-16,7.638423620675351e+17,-0.005232555875360567,10
2020-04-17,7.603431135873011e+17,-0.004581113399841208,10
2020-04-20,7.634947313236746e+17,0.004144994121803946,10
2020-04-21,7.551346179681245e+17,-0.010949798358210205,10
2020-04-22,7.620542910811827e+17,0.009163496081900323,10
2020-04-23,7.540209951532589e+17,-0.010541632035857085,10
2020-04-24,7.406215287478604e+17,-0.01777068077882234,10
2020-04-27,7.292833230520582e+17,-0.015309041468145232,10
2020-04-28,7.055020754769718e+17,-0.032609065398015245,10
2020-04-29,6.867522231684426e+17,-0.02657660829112771,10
2020-04-30,6.86129241981818e+17,-0.0009071411283539498,10
2020-05-06,6.932461734718639e+17,0.010372581511741608,10
2020-05-07,6.937631926421659e+17,0.0007457944812197081,10
2020-05-08,7.036647368619918e+17,0.014272224766085407,10
2020-05-11,6.990154837091014e+17,-0.006607199294402344,10
2020-05-12,6.930595423802529e+17,-0.008520471245136363,10
2020-05-13,6.856538266618419e+17,-0.010685540369268564,10
2020-05-14,6.805118591381428e+17,-0.007499363853525254,10
2020-05-15,6.758931591268195e+17,-0.006787097020135568,10
2020-05-18,6.578493214398196e+17,-0.02669628689586151,10
2020-05-19,6.462398671871772e+17,-0.017647588701973672,10
2020-05-20,6.303866638664316e+17,-0.02453145360676723,10
2020-05-21,6.379545835494028e+17,0.012005202706151453,10
2020-05-22,6.43401961265761e+17,0.008538817428116307,10
2020-05-25,6.413652338295976e+17,-0.0031655598813478012,10
2020-05-26,6.565343171584722e+17,0.02365124039901556,10
2020-05-27,6.65404117533053e+17,0.01351003312815383,10
2020-05-28,6.571137955127328e+17,-0.012459078328303851,10
2020-05-29,6.708413987669164e+17,0.020890754916311306,10
2020-06-01,6.91032696120154e+17,0.030098466478591733,10
2020-06-02,7.064900081649842e+17,0.02236842356608646,10
2020-06-03,7.20533506524008e+17,0.019877844267748256,10
2020-06-04,7.445103749070217e+17,0.03327654878769319,10
2020-06-05,7.527693681731809e+17,0.011093187609629596,10
2020-06-08,7.575673301028342e+17,0.006373747567992832,10
2020-06-09,7.63455803440483e+17,0.007772871273170367,10
2020-06-10,7.535865792513791e+17,-0.012927040628453568,10
2020-06-11,7.548285652272074e+17,0.001648099913167489,10
2020-06-12,7.497977227467366e+17,-0.006664880891141723,10
2020-06-15,7.415585018263935e+17,-0.010988591549945536,10
2020-06-16,7.460933278387786e+17,0.006115264003064058,10
2020-06-17,7.427962074754708e+17,-0.004419179531947448,10
2020-06-18,7.525343047034792e+17,0.013110052434307828,10
2020-06-19,7.468598918000298e+17,-0.007540404295170655,10
2020-06-22,7.419743492530236e+17,-0.006541444520780759,10
2020-06-23,7.436513576711672e+17,0.0022601972963510963,10
2020-06-24,7.422134892701207e+17,-0.0019335248785794402,10
2020-06-29,7.33909563258094e+17,-0.011188055905845484,10
2020-06-30,7.34661453829564e+17,0.001024500305095033,10
2020-07-01,7.324073192759369e+17,-0.0030682629963461163,10
2020-07-02,7.36176799335557e+17,0.005146699057222237,10
2020-07-03,7.413271037321303e+17,0.0069960156326874245,10
2020-07-06,7.596169228136861e+17,0.024671725867674077,10
2020-07-07,7.587640937424538e+17,-0.0011227094152582162,10
2020-07-08,7.650402658823058e+17,0.008271572405193805,10
2020-07-09,7.858559348267597e+17,0.027208592635902074,10
2020-07-10,7.801801747629811e+17,-0.007222392568721636,10
2020-07-13,7.951362086736726e+17,0.019169974314247395,10
2020-07-14,8.047597656914853e+17,0.012103029534858357,10
2020-07-15,8.017200980344215e+17,-0.003777111862012661,10
2020-07-16,7.732975750104435e+17,-0.03545192779083556,10
2020-07-17,7.729042433928196e+17,-0.0005086419902695539,10
2020-07-20,7.868472822781692e+17,0.018039801184353353,10
2020-07-21,7.912810621926412e+17,0.005634867164610091,10
2020-07-22,7.99158059453047e+17,0.009954740024459518,10
2020-07-23,7.99896583150117e+17,0.0009241271965340969,10
2020-07-24,7.859272336111201e+17,-0.01746394450640536,10
2020-07-27,7.910956540911661e+17,0.0065762073879264025,10
2020-07-28,7.958139530256237e+17,0.0059642584434090986,10
2020-07-29,7.994166978726303e+17,0.004527119477246366,10
2020-07-30,8.000535429304966e+17,0.0007966371725299237,10
2020-07-31,7.979724871303135e+17,-0.0026011456590273375,10
2020-08-03,8.195280765126813e+17,0.027012948102868296,10
2020-08-04,8.219806646020119e+17,0.002992683423082854,10
2020-08-05,8.329721907526286e+17,0.0133720008559309,10
2020-08-06,8.35667103997601e+17,0.0032352979786006266,10
2020-08-07,8.342259243718098e+17,-0.0017245858056360586,10
2020-08-10,8.497989158474385e+17,0.018667594737427295,10
2020-08-11,8.389446136429705e+17,-0.012772788952835734,10
2020-08-12,8.33171689815611e+17,-0.006881173957708009,10
2020-08-13,8.402896694489056e+17,0.008543232709779058,10
2020-08-14,8.433784502861242e+17,0.003675852446507244,10
2020-08-17,8.47344661210372e+17,0.0047027653159768205,10
2020-08-18,8.595548387322838e+17,0.01440993031627813,10
2020-08-19,8.425874927106611e+17,-0.019739689961663164,10
2020-08-20,8.489989928686076e+17,0.007609298990803037,10
2020-08-21,8.512585878488525e+17,0.0026614813435880346,10
2020-08-24,8.506872911752333e+17,-0.0006711200119142391,10
2020-08-25,8.511545835808631e+17,0.0005493116101267459,10
2020-08-26,8.363455922216262e+17,-0.01739870952340341,10
2020-08-27,8.435670735334409e+17,0.008634566115942443,10
2020-08-28,8.408547212183126e+17,-0.003215336871515306,10
2020-08-31,8.429787889900529e+17,0.002526081757218135,10
2020-09-01,8.490163484097229e+17,0.0071621724040096925,10
2020-09-02,8.467443647845212e+17,-0.0026760187002963674,10
2020-09-03,8.469444111421345e+17,0.00023625354467430305,10
2020-09-04,8.51506555046247e+17,0.005386591899178261,10
2020-09-07,8.524332461571182e+17,0.001088295921363691,10
2020-09-08,8.520536917543382e+17,-0.0004452599713714922,10
2020-09-09,8.38926776747823e+17,-0.015406206361816766,10
2020-09-10,8.099528320365276e+17,-0.034536917302384285,10
2020-09-11,8.144352918762685e+17,0.005534223305905672,10
2020-09-14,8.245419413152317e+17,0.012409395245728871,10
2020-09-15,8.267921639906976e+17,0.0027290578716669734,10
2020-09-16,8.242407530871236e+17,-0.003085915680742657,10
2020-09-17,8.168228560208998e+17,-0.008999672775752298,10
2020-09-18,8.282502825411272e+17,0.013990091530855652,10
2020-09-21,8.180108220805979e+17,-0.012362761204395879,10
2020-09-22,8.022281572174697e+17,-0.019293956066479843,10
2020-09-23,7.959040377037827e+17,-0.007883193149966583,10
2020-09-24,7.754426609804632e+17,-0.02570834642622407,10
2020-09-25,7.686557309193376e+17,-0.008752329995030473,10
2020-09-28,7.605812072843461e+17,-0.010504733536994637,10
2020-09-29,7.568027848952694e+17,-0.00496780929227465,10
2020-09-30,7.613923372598798e+17,0.006064396770481695,10
2020-10-09,7.780428807930377e+17,0.021868546238697783,10
2020-10-12,7.867989992923273e+17,0.011254030742321997,10
2020-10-13,7.861285218210627e+17,-0.0008521585206230364,10
2020-10-14,7.868046193638168e+17,0.000860034363322637,10
2020-10-15,7.80025832123542e+17,-0.008615591562942181,10
2020-10-16,7.781657951672119e+17,-0.0023845837916244396,10
2020-10-19,7.72990803271775e+17,-0.006650243338342743,10
2020-10-20,7.762262654410029e+17,0.004185641220482117,10
2020-10-21,7.713820261094029e+17,-0.006240756783523427,10
2020-10-22,7.607895150716105e+17,-0.013731861359562036,10
2020-10-23,7.544806077890533e+17,-0.00829257916621443,10
2020-10-26,7.593791329585617e+17,0.006492579290888789,10
2020-10-27,7.64941898357668e+17,0.0073254125082864215,10
2020-10-28,7.686853618971352e+17,0.004893788073975924,10
2020-10-29,7.619771312619567e+17,-0.008726887446669118,10
2020-10-30,7.594714148235391e+17,-0.0032884404736239882,10
2020-11-02,7.287249271938138e+17,-0.04048406171662065,10
2020-11-03,7.37879848150285e+17,0.012562930970023544,10
2020-11-04,7.416331719579401e+17,0.005086632758793707,10
2020-11-05,7.501727384838906e+17,0.011514542295088637,10
2020-11-06,7.586991469277198e+17,0.011365926814484294,10
2020-11-09,7.574124356770488e+17,-0.0016959439797466281,10
2020-11-10,7.507191603513217e+17,-0.008837028559933725,10
2020-11-11,7.535337431298468e+17,0.0037491820206213,10
2020-11-12,7.594536248402587e+17,0.007856160078277863,10
2020-11-13,7.640893873983683e+17,0.006104075886245963,10
2020-11-16,7.778108218295788e+17,0.017957891651826673,10
2020-11-17,7.728143649007273e+17,-0.006423743137307714,10
2020-11-18,7.776960226220526e+17,0.006316727461390314,10
2020-11-19,7.685736595176355e+17,-0.011729985545844123,10
2020-11-20,7.684025455474596e+17,-0.0002226383483961869,10
2020-11-23,7.716751223443871e+17,0.004258935392510965,10
2020-11-24,7.797563086078373e+17,0.010472264855318037,10
2020-11-25,7.893928014214013e+17,0.012358339018467002,10
2020-11-26,7.832338286776919e+17,-0.0078021648191108905,10
2020-11-27,7.732003011302396e+17,-0.012810385838915606,10
2020-11-30,7.584168625098335e+17,-0.019119804530334662,10
2020-12-01,7.588169994983092e+17,0.0005275950578836119,10
2020-12-02,7.535942598048686e+17,-0.006882739444284513,10
2020-12-03,7.478375649006788e+17,-0.007638984545450811,10
2020-12-04,7.50836976533027e+17,0.004010779577175239,10
2020-12-07,7.480701676984872e+17,-0.003684966139141821,10
2020-12-08,7.569456985814394e+17,0.011864570017888276,10
2020-12-09,7.504909607812617e+17,-0.008527345901131588,10
2020-12-10,7.515450991662592e+17,0.0014045983763750214,10
2020-12-11,7.397939904124547e+17,-0.015635932915856788,10
2020-12-14,7.380877614712678e+17,-0.00230635685515046,10
2020-12-15,7.14970818101672e+17,-0.031320046986710225,10
2020-12-16,6.967490484826779e+17,-0.025486032657073776,10
2020-12-17,6.875172931117347e+17,-0.013249756696542825,10
2020-12-18,6.942069144826341e+17,0.009730113610120305,10
2020-12-21,6.922784827179668e+17,-0.00277789190000276,10
2020-12-22,6.807383269986042e+17,-0.016669817143607723,10
2020-12-23,6.802379154785937e+17,-0.0007351011396945939,10
2020-12-24,6.786553901365564e+17,-0.0023264291890049416,10
2020-12-25,6.91832475583943e+17,0.019416460310932238,10
2020-12-28,6.824238338238536e+17,-0.01359959541093827,10
2020-12-29,6.841155415811191e+17,0.002478969334623471,10
2020-12-30,6.866750401509293e+17,0.0037413249871428465,10
2020-12-31,6.838941551357206e+17,-0.00404978316176674,10
2021-01-04,6.899323656978403e+17,0.008829159478518233,10
2021-01-05,6.901671657982976e+17,0.0003403233594060584,10
2021-01-06,6.69375920491822e+17,-0.030124941226995283,10
2021-01-07,6.51709426468079e+17,-0.02639248512369925,10
2021-01-08,6.478930077683959e+17,-0.005856012733107163,10
2021-01-11,6.35472578671846e+17,-0.019170494121137104,10
2021-01-12,6.347810610199406e+17,-0.0010881943220126366,10
2021-01-13,6.214214200024735e+17,-0.021046061134844418,10
2021-01-14,6.193271819871071e+17,-0.0033700769686343503,10
2021-01-15,6.300232393858561e+17,0.01727044720438513,10
2021-01-18,6.443637828847227e+17,0.022761927818481076,10
2021-01-19,6.552227862898872e+17,0.016852287005564615,10
2021-01-20,6.596164218946502e+17,0.006705559844219433,10
2021-01-21,6.647308143408014e+17,0.007753585684633024,10
2021-01-22,6.633199318068668e+17,-0.0021224870330913024,10
2021-01-25,6.507882119053183e+17,-0.018892421741967626,10
2021-01-26,6.526610895589875e+17,0.002877860445852454,10
2021-01-27,6.553127814050438e+17,0.004062892500375758,10
2021-01-28,6.505399570921536e+17,-0.0072832767013286115,10
2021-01-29,6.418902855781434e+17,-0.013296141796844286,10
2021-02-01,6.422562727095452e+17,0.0005701708525972268,10
2021-02-02,6.512299931237528e+17,0.013972180258122446,10
2021-02-03,6.51978083609781e+17,0.0011487346927000486,10
2021-02-04,6.447460399307712e+17,-0.011092464395380319,10
2021-02-05,6.37981465109599e+17,-0.010491843923382016,10
2021-02-08,6.397396205315114e+17,0.002755809561975976,10
2021-02-09,6.380293929669558e+17,-0.0026733181901954393,10
2021-02-10,6.514385938888255e+17,0.021016588059547626,10
2021-02-18,6.754863246058048e+17,0.0369148081531739,10
2021-02-19,7.054761730176518e+17,0.04439741756333595,10
2021-02-22,7.319193878315894e+17,0.0374827893914935,10
2021-02-23,7.369724460996952e+17,0.006903845357992678,10
2021-02-24,7.513040607529975e+17,0.019446608525393306,10
2021-02-25,7.438375408011054e+17,-0.009938080122192727,10
2021-02-26,7.507985782232232e+17,0.009358276559449773,10
2021-03-01,7.66632883873873e+17,0.021089951566133736,10
2021-03-02,7.721843233464127e+17,0.007241327093207484,10
2021-03-03,7.883256402765614e+17,0.020903450694514582,10
2021-03-04,8.026853582952102e+17,0.01821546488531207,10
2021-03-05,8.247322789991606e+17,0.027466454291348797,10
2021-03-08,8.316214841127959e+17,0.008353262372603698,10
2021-03-09,8.154439443031908e+17,-0.01945300851247711,10
2021-03-10,8.00757796649804e+17,-0.018010002718134466,10
2021-03-11,8.089195307102281e+17,0.010192512760501315,10
2021-03-12,8.031147553697956e+17,-0.00717596141526714,10
2021-03-15,8.088378480856326e+17,0.007126120741240516,10
2021-03-16,8.248634095067959e+17,0.019813070640911267,10
2021-03-17,8.287908830598007e+17,0.004761362314947693,10
2021-03-18,8.346713096339612e+17,0.007095187331755637,10
2021-03-19,8.275715267496012e+17,-0.008506082337337895,10
2021-03-22,8.391176830430519e+17,0.01395185300634968,10
2021-03-23,8.478181946570392e+17,0.0103686429088647,10
2021-03-24,8.46998880094395e+17,-0.0009663800185081506,10
2021-03-25,8.535059381415249e+17,0.007682487191015786,10
2021-03-26,8.528862895929871e+17,-0.0007260037931159813,10
2021-03-29,8.563803432180737e+17,0.0040967402896745385,10
2021-03-30,8.510194630611453e+17,-0.006259929013297472,10
2021-03-31,8.533162780533256e+17,0.002698898311818354,10
2021-04-01,8.507046604030602e+17,-0.0030605506040775722,10
2021-04-02,8.501184249234395e+17,-0.0006891175127017757,10
2021-04-06,8.583396459339451e+17,0.0096706773662105,10
2021-04-07,8.675584164292682e+17,0.010740236151264381,10
2021-04-08,8.541462972634546e+17,-0.015459615066632414,10
2021-04-09,8.593435713051085e+17,0.006084758616065111,10
2021-04-12,8.586587450214902e+17,-0.0007969179109331259,10
2021-04-13,8.4386917217608e+17,-0.017224040320045896,10
2021-04-14,8.430881713748552e+17,-0.0009254998606133324,10
2021-04-15,8.363888218581847e+17,-0.00794620271536437,10
2021-04-16,8.649798008642337e+17,0.034183836821885194,10
2021-04-19,8.661374342045088e+17,0.001338335691906889,10
2021-04-20,8.567302591418886e+17,-0.010861065104823797,10
2021-04-21,8.62130401075912e+17,0.006303199725234465,10
2021-04-22,8.675449961054926e+17,0.006280482654159325,10
2021-04-23,8.656334266244768e+17,-0.0022034240178861685,10
2021-04-26,8.686757286396497e+17,0.0035145385120307184,10
2021-04-27,8.596214090998008e+17,-0.01042312941565432,10
2021-04-28,8.573119851136675e+17,-0.0026865594105570543,10
2021-04-29,8.695069051833724e+17,0.014224600007298416,10
2021-04-30,8.729559300947053e+17,0.003966644647411329,10
2021-05-06,8.912274098277332e+17,0.020930586646047168,10
2021-05-07,9.080244566160591e+17,0.018847094022357923,10
2021-05-10,9.219700848001923e+17,0.015358207680996083,10
2021-05-11,9.387043032069356e+17,0.01815050041495646,10
2021-05-12,9.455169986344403e+17,0.007257552143129864,10
2021-05-13,9.621026285278985e+17,0.017541334441804623,10
2021-05-14,9.810640352666872e+17,0.019708299485473223,10
2021-05-17,9.551521813247132e+17,-0.026411990461897173,10
2021-05-18,9.636687551539546e+17,0.008916457498353448,10
2021-05-19,9.727446949742723e+17,0.009418111536539105,10
2021-05-20,9.718928249085691e+17,-0.0008757385880430735,10
2021-05-21,9.783584872529883e+17,0.006652649529568599,10
2021-05-24,9.857098831193458e+17,0.007514010418612993,10
2021-05-25,9.98489083653873e+17,0.012964464243866991,10
2021-05-26,1.0016993067117705e+18,0.003215080775996082,10
2021-05-27,1.0101119563849265e+18,0.008398378252623295,10
2021-05-28,1.0204295622109751e+18,0.010214319077039746,10
2021-05-31,1.0312665051076573e+18,0.010619981327473271,10
2021-06-01,1.0473164692636842e+18,0.015563352515120721,10
2021-06-02,1.0449734928601174e+18,-0.0022371236128981065,10
2021-06-03,1.0633005817574612e+18,0.01753832898400339,10
2021-06-04,1.0715758964031241e+18,0.007782667279261024,10
2021-06-07,1.085352392120801e+18,0.012856294886735908,10
2021-06-08,1.0904686922298916e+18,0.0047139529485840884,10
2021-06-09,1.1064488996387877e+18,0.014654439437613197,10
2021-06-10,1.0978423253652261e+18,-0.007778555590205127,10
2021-06-11,1.0923480413488257e+18,-0.005004620326122489,10
2021-06-15,1.096588992989228e+18,0.0038824179472741306,10
2021-06-16,1.099777526881692e+18,0.0029076836561821363,10
2021-06-17,1.1049100988760492e+18,0.004666918416591015,10
2021-06-18,1.1181564044555759e+18,0.011988582232166556,10
2021-06-21,1.1257500975827921e+18,0.006791262024665945,10
2021-06-22,1.1438249992997617e+18,0.01605587399528543,10
2021-06-23,1.1508763869931105e+18,0.006164743468332656,10
2021-06-24,1.159664933061875e+18,0.007636394462594054,10
2021-06-25,1.1667849392186483e+18,0.00613970980218771,10
2021-06-28,1.1890586677657226e+18,0.019089832066216294,10
2021-06-29,1.1917137895946266e+18,0.0022329611657371127,10
2021-06-30,1.190619071614538e+18,-0.0009186081336366892,10
2021-07-01,1.1720729051893745e+18,-0.015576910253935417,10
2021-07-02,1.1616494764018885e+18,-0.008893157363621307,10
2021-07-05,1.1953505769077747e+18,0.02901141970146841,10
2021-07-06,1.2100395461929843e+18,0.01228841945532686,10
2021-07-07,1.217293255161792e+18,0.005994604880170418,10
2021-07-08,1.2210047524274908e+18,0.003048975462536041,10
2021-07-09,1.2393640382580137e+18,0.015036211606893812,10
2021-07-12,1.236150366741709e+18,-0.0025930004559609034,10
2021-07-13,1.2329452397233452e+18,-0.0025928294037659725,10
2021-07-14,1.2252628373193733e+18,-0.006230935613730615,10
2021-07-15,1.2209193256184934e+18,-0.0035449632263251374,10
2021-07-16,1.2264214760990152e+18,0.004506563509209982,10
2021-07-19,1.22008795501892e+18,-0.005164228777402746,10
2021-07-20,1.2186253537904412e+18,-0.0011987670417219153,10
2021-07-21,1.2366718871625618e+18,0.01480892656302285,10
2021-07-22,1.2360758898845568e+18,-0.00048193646527575627,10
2021-07-23,1.2221965527517624e+18,-0.011228547734306671,10
2021-07-26,1.2124043152940972e+18,-0.008011998917537677,10
2021-07-27,1.2141064022533893e+18,0.0014038938478038942,10
2021-07-28,1.1754547484050017e+18,-0.031835474861717096,10
2021-07-29,1.199120230534817e+18,0.02013304396611394,10
2021-07-30,1.2292808646721293e+18,0.025152301970470803,10
2021-08-02,1.2441266569223286e+18,0.01207681065966899,10
2021-08-03,1.2490156296089093e+18,0.0039296422589923385,10
2021-08-04,1.2551655949422382e+18,0.00492384978021031,10
2021-08-05,1.2480152620494922e+18,-0.005696724736209069,10
2021-08-06,1.2457476815254203e+18,-0.0018169493539270775,10
2021-08-09,1.2604206831211725e+18,0.011778469920798928,10
2021-08-10,1.2766357768143127e+18,0.012864826728316524,10
2021-08-11,1.2763760100705275e+18,-0.00020347756854618426,10
2021-08-12,1.2789702879717322e+18,0.0020325342067978648,10
2021-08-13,1.2839233596235405e+18,0.0038727026721342094,10
2021-08-16,1.2961891441729405e+18,0.00955336193353199,10
2021-08-17,1.267041894004796e+18,-0.022486880328520798,10
2021-08-18,1.2876706131436063e+18,0.016281007941740876,10
2021-08-19,1.278963135004656e+18,-0.006762193724132859,10
2021-08-20,1.2746140386984763e+18,-0.0034004860555764903,10
2021-08-23,1.299388090136006e+18,0.019436512297343334,10
2021-08-24,1.3128622405034941e+18,0.010369612027210396,10
2021-08-25,1.3261383706994847e+18,0.010112355878937584,10
2021-08-26,1.3217540335158523e+18,-0.0033060933010480077,10
2021-08-27,1.3181545735149038e+18,-0.0027232449530523394,10
2021-08-30,1.3122518039119954e+18,-0.00447805570113724,10
2021-08-31,1.3066224827840947e+18,-0.0042898177858235135,10
2021-09-01,1.3064761988334792e+18,-0.00011195578871714407,10
2021-09-02,1.308200270922363e+18,0.001319635283385312,10
2021-09-03,1.3090989383448049e+18,0.000686949423889216,10
2021-09-06,1.3208876937515098e+18,0.009005244035726102,10
2021-09-07,1.3306838568934574e+18,0.007416348254502525,10
2021-09-08,1.3515286964409608e+18,0.015664757214509682,10
2021-09-09,1.338212153692055e+18,-0.00985294857887421,10
2021-09-10,1.3134773588781071e+18,-0.018483462988813704,10
2021-09-13,1.308504194593156e+18,-0.0037862580967508498,10
2021-09-14,1.299541466548166e+18,-0.006849598252741429,10
2021-09-15,1.3121562519106422e+18,0.009707104919078747,10
2021-09-16,1.3126529595715645e+18,0.0003785430738139639,10
2021-09-17,1.2975914238375583e+18,-0.01147411859637476,10
2021-09-22,1.2943351230549852e+18,-0.0025094962272043998,10
2021-09-23,1.3081640562549599e+18,0.010684198360726515,10
2021-09-24,1.2976952139713006e+18,-0.00800269831111985,10
2021-09-27,1.2685184889445627e+18,-0.02248349590305503,10
2021-09-28,1.271500524774258e+18,0.0023508020227410607,10
2021-09-29,1.2504405685462205e+18,-0.016563073170399532,10
2021-09-30,1.2795056376001882e+18,0.02324386283128931,10
2021-10-08,1.315102602441196e+18,0.027820873777291588,10
2021-10-11,1.3253802312133494e+18,0.00781507751035947,10
2021-10-12,1.3113606099273073e+18,-0.01057781077148524,10
2021-10-13,1.3047198059281969e+18,-0.005064056331140343,10
2021-10-14,1.311965243011233e+18,0.005553251395522129,10
2021-10-15,1.2998512573441682e+18,-0.00923346539216291,10
2021-10-18,1.3080074497118781e+18,0.006274712065420951,10
2021-10-19,1.3079097853759442e+18,-7.466649823404393e-05,10
2021-10-20,1.2895459303773885e+18,-0.014040612895389581,10
2021-10-21,1.2724427525199995e+18,-0.013262945859077547,10
2021-10-22,1.26508061802096e+18,-0.005785827680231059,10
2021-10-25,1.2619214723452063e+18,-0.0024971892152579334,10
2021-10-26,1.2449885356841198e+18,-0.013418375891185696,10
2021-10-27,1.219583279844359e+18,-0.02040601588817087,10
2021-10-28,1.207202521328105e+18,-0.010151630250157162,10
2021-10-29,1.2557804699847462e+18,0.04024009873935504,10
2021-11-01,1.276037870946799e+18,0.016131323464760473,10
2021-11-02,1.2575232503125832e+18,-0.014509460146726216,10
2021-11-03,1.2712544659222264e+18,0.010919253863680155,10
2021-11-04,1.2909978558526564e+18,0.015530635651381842,10
2021-11-05,1.2848530347678528e+18,-0.004759745383732761,10
2021-11-08,1.3048326450304643e+18,0.01555011329853866,10
2021-11-09,1.3259702159144387e+18,0.016199449764288387,10
2021-11-10,1.3420101516512484e+18,0.01209675416860546,10
2021-11-11,1.3508167985995464e+18,0.006562280424974487,10
2021-11-12,1.3675787573094436e+18,0.012408757965754625,10
2021-11-15,1.3799115045601516e+18,0.009017942977537463,10
2021-11-16,1.3836900936849774e+18,0.002738283659741214,10
2021-11-17,1.402274486485588e+18,0.01343103696805219,10
2021-11-18,1.3904407802149253e+18,-0.008438937158673322,10
2021-11-19,1.4083397854178742e+18,0.01287290005992342,10
2021-11-22,1.4007415493893614e+18,-0.005395172462771991,10
2021-11-23,1.396515842772827e+18,-0.0030167639550470306,10
2021-11-24,1.4087476498129718e+18,0.008758802919026143,10
2021-11-25,1.4046993062293658e+18,-0.0028737180744496716,10
2021-11-26,1.390261546316469e+18,-0.010278185408699302,10
2021-11-29,1.381439624453555e+18,-0.006345512386707375,10
2021-11-30,1.4006832514139912e+18,0.01393012522573941,10
2021-12-01,1.4195079012644122e+18,0.013439619436740902,10
2021-12-02,1.4280766748279875e+18,0.00603643949846473,10
2021-12-03,1.4278037848774973e+18,-0.00019108914479177842,10
2021-12-06,1.4206030048077522e+18,-0.005043256045411703,10
2021-12-07,1.4186041727364925e+18,-0.0014070307218096655,10
2021-12-08,1.4117293794207311e+18,-0.004846167414339297,10
2021-12-09,1.4109545369928786e+18,-0.0005488604538148589,10
2021-12-10,1.43555853160817e+18,0.01743783656398249,10
2021-12-13,1.4286768460273175e+18,-0.004793733887773521,10
2021-12-14,1.432967624577989e+18,0.0030033233635744726,10
2021-12-15,1.447587661756349e+18,0.010202629094753923,10
2021-12-16,1.4642880279826744e+18,0.011536687323006648,10
2021-12-17,1.4741859962418563e+18,0.0067595773987293665,10
2021-12-20,1.49649693077839e+18,0.015134409493382095,10
2021-12-21,1.5476286295453448e+18,0.034167593474688375,10
2021-12-22,1.5559211513860426e+18,0.0053582117068575515,10
2021-12-23,1.5525471641081797e+18,-0.002168482172028696,10
2021-12-24,1.5377647088952026e+18,-0.009521421026502852,10
2021-12-27,1.552889329431946e+18,0.009835458213636494,10
2021-12-28,1.5588831959273533e+18,0.003859815623563967,10
2021-12-29,1.572327329900889e+18,0.008624208669808753,10
2021-12-30,1.5821444168649446e+18,0.006243666173934981,10
2021-12-31,1.585369464644642e+18,0.0020384029076738084,10
2022-01-04,1.6297735386981325e+18,0.028008659838445638,10
2022-01-05,1.6245958432424384e+18,-0.0031769416626005187,10
2022-01-06,1.6515612612041124e+18,0.016598231537916085,10
2022-01-07,1.6192515723793743e+18,-0.01956311859796348,10
2022-01-10,1.6562141633674268e+18,0.02282696007127456,10
2022-01-11,1.6647427323767875e+18,0.0051494361043381565,10
2022-01-12,1.709384994885615e+18,0.02681631319999276,10
2022-01-13,1.7131186111476206e+18,0.002184186870234883,10
2022-01-14,1.6830106423916045e+18,-0.01757494697687445,10
2022-01-17,1.6994713772278756e+18,0.009780529262060933,10
2022-01-18,1.646779641204106e+18,-0.031004779915575188,10
2022-01-19,1.6803651375304148e+18,0.020394651163984368,10
2022-01-20,1.630802850375814e+18,-0.02949495085778875,10
2022-01-21,1.6402842788354972e+18,0.005813963629937424,10
2022-01-24,1.6308558611411566e+18,-0.005748038810098377,10
2022-01-25,1.586723161255386e+18,-0.027061067098161206,10
2022-01-26,1.608338592672856e+18,0.01362268601434422,10
2022-01-27,1.5543299968567836e+18,-0.033580364272871685,10
2022-01-28,1.6251475272429934e+18,0.04556145125515128,10
2022-02-07,1.64622212565445e+18,0.01296780634260869,10
2022-02-08,1.6890260083112786e+18,0.026001280136975648,10
2022-02-09,1.7103767494627497e+18,0.012640859907668379,10
2022-02-10,1.7038936075264783e+18,-0.003790475951165673,10
2022-02-11,1.6717882063906877e+18,-0.018842374309037735,10
2022-02-14,1.6963482877542495e+18,0.014690904786669023,10
2022-02-15,1.702403342240966e+18,0.003569464201677941,10
2022-02-16,1.7397789438541373e+18,0.02195461010078369,10
2022-02-17,1.7342129991355282e+18,-0.003199225245408921,10
2022-02-18,1.7426510429198372e+18,0.004865632876996673,10
2022-02-21,1.7582029036119386e+18,0.008924254087062633,10
2022-02-22,1.7502516410945405e+18,-0.004522380494915245,10
2022-02-23,1.7540359442866747e+18,0.0021621480610454656,10
2022-02-24,1.7260741434225818e+18,-0.015941406990644325,10
2022-02-25,1.766322480666154e+18,0.02331784958192167,10
2022-02-28,1.7432295430236178e+18,-0.013074021247709355,10
2022-03-01,1.7987849114285885e+18,0.031869221484515674,10
2022-03-02,1.847524420401705e+18,0.027095795980636606,10
2022-03-03,1.8646833237159027e+18,0.009287510965872214,10
2022-03-04,1.8295228946241198e+18,-0.018855978730863487,10
2022-03-07,1.8029651847720527e+18,-0.014516194320445175,10
2022-03-08,1.7552967053559736e+18,-0.02643893504915672,10
2022-03-09,1.720697596044235e+18,-0.019711259758060075,10
2022-03-10,1.752633535820464e+18,0.018559879347566654,10
2022-03-11,1.7619302527902958e+18,0.005304427183335625,10
2022-03-14,1.7224168268076954e+18,-0.022426214613220096,10
2022-03-15,1.6427023351037568e+18,-0.04628060435967769,10
2022-03-16,1.7100386789424407e+18,0.040991202361948795,10
2022-03-17,1.711059080903231e+18,0.0005967127956551743,10
2022-03-18,1.7591352650556296e+18,0.028097325620702905,10
2022-03-21,1.788583828428991e+18,0.01674036326730699,10
2022-03-22,1.7933107388161848e+18,0.0026428229485590204,10
2022-03-23,1.7937013746487201e+18,0.0002178294168879158,10
2022-03-24,1.7642943985931323e+18,-0.016394577420306,10
2022-03-25,1.778125419500908e+18,0.007839406461191911,10
2022-03-28,1.7640667686734848e+18,-0.007906444997209083,10
2022-03-29,1.7533562707440532e+18,-0.006071481034408621,10
2022-03-30,1.7550079383437578e+18,0.0009420034178241443,10
2022-03-31,1.752193176159948e+18,-0.0016038458415557288,10
2022-04-01,1.7545647651896187e+18,0.0013534974693076185,10
2022-04-06,1.801138013947279e+18,0.02654404652462474,10
2022-04-07,1.7713349252840753e+18,-0.01654681009029897,10
2022-04-08,1.774135644397609e+18,0.0015811346987834596,10
2022-04-11,1.745367655102974e+18,-0.016215214087761,10
2022-04-12,1.783777649713367e+18,0.02200682159892947,10
2022-04-13,1.768548488017104e+18,-0.008537589703913162,10
2022-04-14,1.76679515782044e+18,-0.0009913950386678972,10
2022-04-15,1.719417939106783e+18,-0.02681534330901313,10
2022-04-18,1.7090787116427556e+18,-0.0060132136747383935,10
2022-04-19,1.6976900775265748e+18,-0.0066636100716708,10
2022-04-20,1.6818877403328643e+18,-0.00930814016226902,10
2022-04-21,1.6235731478403638e+18,-0.03467210747428325,10
2022-04-22,1.6236776126883753e+18,6.434255712487458e-05,10
2022-04-25,1.535211358516576e+18,-0.05448511051730457,10
2022-04-26,1.4632524574252227e+18,-0.0468723089444081,10
2022-04-27,1.4443695364095567e+18,-0.012904759475950378,10
2022-04-28,1.4475462041213668e+18,0.002199345549551435,10
2022-04-29,1.4993736503993065e+18,0.035803655959567714,10
2022-05-05,1.5188190196549855e+18,0.012968994920312383,10
2022-05-06,1.5174443651411471e+18,-0.0009050811821875837,10
2022-05-09,1.546399489998357e+18,0.019081506724311702,10
2022-05-10,1.5751270896955884e+18,0.018577088186482647,10
2022-05-11,1.5671738600561024e+18,-0.005049262177963667,10
2022-05-12,1.582669929105019e+18,0.009887906788058447,10
2022-05-13,1.5895227863879877e+18,0.004329934597824973,10
2022-05-16,1.6001064194591816e+18,0.006658371406706319,10
2022-05-17,1.5917168713761006e+18,-0.005243118820757318,10
2022-05-18,1.6239462074992732e+18,0.02024815889229663,10
2022-05-19,1.663370396600202e+18,0.024276782641488026,10
2022-05-20,1.6944434504008236e+18,0.01868077841479713,10
2022-05-23,1.734752622499054e+18,0.02378903355476116,10
2022-05-24,1.6566339484036498e+18,-0.04503159302498579,10
2022-05-25,1.703028867413403e+18,0.028005534387641817,10
2022-05-26,1.7106853816643853e+18,0.004495821766434038,10
2022-05-27,1.7021168949974339e+18,-0.0050088033479393276,10
2022-05-30,1.708475798738043e+18,0.0037358795740163654,10
2022-05-31,1.710985882269406e+18,0.001469194666507534,10
2022-06-01,1.7386731422089677e+18,0.016182050492922782,10
2022-06-02,1.7568583721094676e+18,0.01045925738370559,10
2022-06-06,1.8035585647307535e+18,0.02658164901773652,10
2022-06-07,1.7790748671247483e+18,-0.01357521628894831,10
2022-06-08,1.7720712568375788e+18,-0.003936658550231953,10
2022-06-09,1.748124216214288e+18,-0.01351358785990735,10
2022-06-10,1.7720746145924613e+18,0.013700627310134706,10
2022-06-13,1.7704345237510605e+18,-0.0009255201941810621,10
2022-06-14,1.7541121136725166e+18,-0.009219437296083243,10
2022-06-15,1.7521214228157053e+18,-0.0011348709362957732,10
2022-06-16,1.7717054687659466e+18,0.011177333771063159,10
2022-06-17,1.7411024963855186e+18,-0.01727317148360108,10
2022-06-20,1.744375873786655e+18,0.0018800601388670346,10
2022-06-21,1.7489598224296026e+18,0.002627844555655734,10
2022-06-22,1.729723465519356e+18,-0.010998741459666051,10
2022-06-23,1.7447347456988147e+18,0.008678427782646502,10
2022-06-24,1.7558238697115896e+18,0.006355764989556212,10
2022-06-27,1.7504861787292088e+18,-0.0030399922648604695,10
2022-06-28,1.7920928998661074e+18,0.0237686658954964,10
2022-06-29,1.779958112049635e+18,-0.006771293953220225,10
2022-06-30,1.773603457252742e+18,-0.003570114798699231,10
2022-07-01,1.7786919604452754e+18,0.0028690196626113052,10
2022-07-04,1.7732466981772777e+18,-0.0030613857762275655,10
2022-07-05,1.7629827011908416e+18,-0.005788251007029355,10
2022-07-06,1.7571696035359245e+18,-0.003297308391619791,10
2022-07-07,1.7675806586145848e+18,0.0059249005091541965,10
2022-07-08,1.7930873455526428e+18,0.014430281760409235,10
2022-07-11,1.790111501577478e+18,-0.0016596201978369308,10
2022-07-12,1.7914830595600732e+18,0.0007661857830569719,10
2022-07-13,1.820499872315542e+18,0.01619709022679462,10
2022-07-14,1.810903400741243e+18,-0.005271338779108581,10
2022-07-15,1.7643889468369075e+18,-0.025685773125886147,10
2022-07-18,1.8344092816632878e+18,0.0396853170906043,10
2022-07-19,1.8623214275795633e+18,0.015215876955750773,10
2022-07-20,1.8862540433424643e+18,0.012850958705880256,10
2022-07-21,1.8891799382952453e+18,0.0015511669613688995,10
2022-07-22,1.929213740855227e+18,0.021191100830822485,10
2022-07-25,1.964104466736025e+18,0.018085464115205306,10
2022-07-26,1.9871919102650926e+18,0.011754692237646002,10
2022-07-27,1.9936140303895217e+18,0.003231756375041017,10
2022-07-28,1.9913247180769677e+18,-0.001148322733315954,10
2022-07-29,1.989615832430917e+18,-0.0008581652357035119,10
2022-08-01,2.0010198420343964e+18,0.005731764603795852,10
2022-08-02,1.911449975651949e+18,-0.04476210805155413,10
2022-08-03,1.9278895854370724e+18,0.008600596403008698,10
2022-08-04,1.9768234795156692e+18,0.025382104062511977,10
2022-08-05,1.988490914805403e+18,0.005902112864721876,10
2022-08-08,2.0248734577705016e+18,0.018296559815391,10
2022-08-09,2.0389814050446671e+18,0.0069673229307370965,10
2022-08-10,2.0787593010427576e+18,0.019508709544714696,10
2022-08-11,2.1096416512593185e+18,0.01485614529833713,10
2022-08-12,2.1216775505058862e+18,0.005705186584358058,10
2022-08-15,2.1037278470513743e+18,-0.008460146759922104,10
2022-08-16,2.1400730688238446e+18,0.01727657967897913,10
2022-08-17,2.128086376423976e+18,-0.0056010668862145115,10
2022-08-18,2.1364385035601633e+18,0.003924712468777858,10
2022-08-19,2.116446888102567e+18,-0.009357449523720173,10
2022-08-22,2.120099013711739e+18,0.0017255928460582215,10
2022-08-23,2.1195365250570524e+18,-0.0002653124458096734,10
2022-08-24,2.0793408273333217e+18,-0.018964380773126278,10
2022-08-25,2.061536418518037e+18,-0.008562525479826411,10
2022-08-26,2.0483639184910426e+18,-0.006389651867738278,10
2022-08-29,2.0749532150513638e+18,0.012980748352523486,10
2022-08-30,2.0965267386220662e+18,0.010397113252584078,10
2022-08-31,2.0701071822950333e+18,-0.01260158329504395,10
2022-09-01,2.0827207282375288e+18,0.006093184956979724,10
2022-09-02,2.1172485930675679e+18,0.01657824996021323,10
2022-09-05,2.1071271076083715e+18,-0.004780489873667537,10
2022-09-06,2.115485704674601e+18,0.003966821477474425,10
2022-09-07,2.1027495109334986e+18,-0.0060204584285108,10
2022-09-08,2.079891738624703e+18,-0.010870420936941816,10
2022-09-09,2.0665492328718817e+18,-0.00641500011997922,10
2022-09-13,2.099029729716796e+18,0.015717262540014976,10
2022-09-14,2.095998031178165e+18,-0.0014443333011009863,10
2022-09-15,2.0659123484034854e+18,-0.014353869768555228,10
2022-09-16,1.997217733742887e+18,-0.03325146621718247,10
2022-09-19,1.9676219020416899e+18,-0.014818530399153396,10
2022-09-20,1.984899886745077e+18,0.008781150832616168,10
2022-09-21,1.998542671106652e+18,0.0068732858783860816,10
2022-09-22,2.0051555110365919e+18,0.0033088309924741988,10
2022-09-23,1.9582086358710902e+18,-0.023413084375302106,10
2022-09-26,1.887194729680509e+18,-0.03626472934994053,10
2022-09-27,1.9405806710060365e+18,0.028288517600176633,10
2022-09-28,1.9146760382709563e+18,-0.013348907943956212,10
2022-09-29,1.8953648847514796e+18,-0.010085859504940408,10
2022-09-30,1.8820389892309248e+18,-0.007030781053170121,10
2022-10-10,1.8357892473491963e+18,-0.0245742740434023,10
2022-10-11,1.837844812142861e+18,0.001119717198819581,10
2022-10-12,1.886653488953328e+18,0.026557561600404123,10
2022-10-13,1.9105194916675354e+18,0.01264991311544308,10
2022-10-14,1.9460153701063032e+18,0.018579176288741596,10
2022-10-17,1.9956166220241004e+18,0.025488622895659563,10
2022-10-18,1.9881455214128673e+18,-0.0037437554532168795,10
2022-10-19,1.973818685503534e+18,-0.007206130414011125,10
2022-10-20,1.9786968391330179e+18,0.0024714294505928437,10
2022-10-21,2.005293088712847e+18,0.013441295833616784,10
2022-10-24,1.9700232341918477e+18,-0.01758837883575336,10
2022-10-25,1.948872230631642e+18,-0.01073642340511909,10
2022-10-26,2.0040829856562015e+18,0.028329591933620592,10
2022-10-27,2.0186896993943322e+18,0.0072884774945326195,10
2022-10-28,1.9497350639023324e+18,-0.0341581152926515,10
2022-10-31,1.9955089066378511e+18,0.023476955194057948,10
2022-11-01,2.0167701015092495e+18,0.010654522663705045,10
2022-11-02,2.037154214576623e+18,0.010107306257723325,10
2022-11-03,2.03629715365439e+18,-0.0004207147971912684,10
2022-11-04,2.0815643277828657e+18,0.022230141630968682,10
2022-11-07,2.104625481299628e+18,0.011078760915030373,10
2022-11-08,2.1138954058870748e+18,0.004404548300784794,10
2022-11-09,2.1169349800002483e+18,0.001437901849215617,10
2022-11-10,2.1082090516075085e+18,-0.004121963345675684,10
2022-11-11,2.1413970989234734e+18,0.015742294290340485,10
2022-11-14,2.1458480602904177e+18,0.0020785315199977283,10
2022-11-15,2.165016447958863e+18,0.008932779549103464,10
2022-11-16,2.1661254281404262e+18,0.0005122271392482114,10
2022-11-17,2.192343782277982e+18,0.012103802391564989,10
2022-11-18,2.1938887551060767e+18,0.0007047128468552933,10
2022-11-21,2.1790391018553457e+18,-0.0067686445888241464,10
2022-11-22,2.1568803275132063e+18,-0.010169057693031924,10
2022-11-23,2.1152331172718415e+18,-0.019309003707860893,10
2022-11-24,2.1292485438483008e+18,0.006625948914101521,10
2022-11-25,2.1153178863021842e+18,-0.006542522988386756,10
2022-11-28,2.1015981485655263e+18,-0.006485898798237699,10
2022-11-29,2.1370957375865032e+18,0.016890759560863777,10
2022-11-30,2.1302077385834422e+18,-0.0032230652478114964,10
2022-12-01,2.1405739423707054e+18,0.00486628773311879,10
2022-12-02,2.1813287753665649e+18,0.019039208218485114,10
2022-12-05,2.19033376555597e+18,0.004128213174967943,10
2022-12-06,2.174412154946542e+18,-0.007269033998289587,10
2022-12-07,2.1836034889115026e+18,0.004227043131657981,10
2022-12-08,2.1875330465491474e+18,0.0017995747202271151,10
2022-12-09,2.1833619694583314e+18,-0.0019067492934088047,10
2022-12-12,2.1587091085871726e+18,-0.01129123856511749,10
2022-12-13,2.1606041940780052e+18,0.0008778790450709839,10
2022-12-14,2.1662356279290783e+18,0.0026064162360271647,10
2022-12-15,2.1754262577442458e+18,0.00424267318692102,10
2022-12-16,2.1513883708046828e+18,-0.011049736507496511,10
2022-12-19,2.1007547441721487e+18,-0.02353532598746714,10
2022-12-20,2.1024144121477204e+18,0.0007900341437648728,10
2022-12-21,2.1100030597358446e+18,0.003609491803460285,10
2022-12-22,2.072116281743586e+18,-0.01795579291577031,10
2022-12-23,2.0821267151731612e+18,0.004831019145871274,10
2022-12-26,2.0835752050017e+18,0.0006956780382207483,10
2022-12-27,2.084782878930253e+18,0.0005796161931924338,10
2022-12-28,2.044652791849028e+18,-0.019249048659597832,10
2022-12-29,2.0383228915300575e+18,-0.0030958314018911916,10
2022-12-30,2.046282766732897e+18,0.003905110047046867,10
2023-01-03,2.0994527374587295e+18,0.02598368690301962,10
2023-01-04,2.131308450946184e+18,0.015173341566152198,10
2023-01-05,2.124926660605996e+18,-0.002994306308575179,10
2023-01-06,2.094708406508148e+18,-0.014220845668730187,10
2023-01-09,2.101122062852474e+18,0.003061837306041859,10
2023-01-10,2.0888695320827648e+18,-0.005831422641422046,10
2023-01-11,2.050986170807504e+18,-0.0181358197309184,10
2023-01-12,2.0462286632921088e+18,-0.002319619499687764,10
2023-01-13,2.0456817126440776e+18,-0.0002672969340343667,10
2023-01-16,2.0828824563470395e+18,0.01818501063632185,10
2023-01-17,2.086188150725841e+18,0.0015870767784942675,10
2023-01-18,2.1217056648379428e+18,0.017025077100425712,10
2023-01-19,2.1422987393563008e+18,0.00970590542299885,10
2023-01-20,2.1633193778832315e+18,0.009812188254027765,10
2023-01-30,2.1913227057573916e+18,0.012944611027134022,10
2023-01-31,2.2345062075466575e+18,0.019706591674429053,10
2023-02-01,2.3043634203290084e+18,0.03126293073002904,10
2023-02-02,2.318914005773603e+18,0.0063143622729947444,10
2023-02-03,2.324071786944011e+18,0.00222422269974909,10
2023-02-06,2.3076434788353295e+18,-0.00706876104299835,10
2023-02-07,2.3403846081437056e+18,0.014188122909220313,10
2023-02-08,2.3176805868748856e+18,-0.009700978715130083,10
2023-02-09,2.3205591498792407e+18,0.0012420016030926019,10
2023-02-10,2.3386496531129723e+18,0.007795751827602881,10
2023-02-13,2.366425944473786e+18,0.011877063896184814,10
2023-02-14,2.355743512790101e+18,-0.004514162680066691,10
2023-02-15,2.36437847904852e+18,0.003665495081080372,10
2023-02-16,2.310569622358254e+18,-0.022758140106198265,10
2023-02-17,2.324716832542919e+18,0.006122823587642501,10
2023-02-20,2.3132139867362355e+18,-0.004948063198777252,10
2023-02-21,2.3117065497094467e+18,-0.0006516634584748049,10
2023-02-22,2.334491092067195e+18,0.009856156855467535,10
2023-02-23,2.32487379886857e+18,-0.004119652986171396,10
2023-02-24,2.3355310214185155e+18,0.004584000454188763,10
2023-02-27,2.310854021462834e+18,-0.010565905453353197,10
2023-02-28,2.336369231867599e+18,0.011041463531570251,10
2023-03-01,2.3731129421459794e+18,0.01572684222048639,10
2023-03-02,2.388041013944317e+18,0.006290502037731971,10
2023-03-03,2.38573315063454e+18,-0.00096642532364426,10
2023-03-06,2.405313402810398e+18,0.008207226432952176,10
2023-03-07,2.3816423622481116e+18,-0.009841146078772667,10
2023-03-08,2.4280056031221407e+18,0.019466919806660286,10
2023-03-09,2.453541083888009e+18,0.010517060064866768,10
2023-03-10,2.4417720542243164e+18,-0.004796752636822698,10
2023-03-13,2.418224660755102e+18,-0.009643567436393973,10
2023-03-14,2.3793593604800604e+18,-0.016071831912799282,10
2023-03-15,2.413418485106223e+18,0.014314409664999462,10
2023-03-16,2.3895034690589957e+18,-0.009909187401527287,10
2023-03-17,2.3834412238664607e+18,-0.002537031341880691,10
2023-03-20,2.356929760969463e+18,-0.011123187193175376,10
2023-03-21,2.407956732564461e+18,0.021649763365883822,10
2023-03-22,2.4538676895546977e+18,0.019066354627286564,10
2023-03-23,2.409754475291195e+18,-0.017977014185107842,10
2023-03-24,2.405328660219919e+18,-0.0018366248996139478,10
2023-03-27,2.373922127049213e+18,-0.01305706521113591,10
2023-03-28,2.3717620303418107e+18,-0.000909927365682961,10
2023-03-29,2.3455186465731215e+18,-0.011064931233808006,10
2023-03-30,2.332932284093454e+18,-0.005366131920569872,10
2023-03-31,2.3592665444022605e+18,0.011288051731445814,10
2023-04-03,2.345994337434473e+18,-0.005625564860095178,10
2023-04-04,2.32087909928901e+18,-0.010705583446944023,10
2023-04-06,2.2821652786725732e+18,-0.016680670970020194,10
2023-04-07,2.2960845355033503e+18,0.006099144948376911,10
2023-04-10,2.2517832702190858e+18,-0.01929426578126957,10
2023-04-11,2.257446010152138e+18,0.00251478017797927,10
2023-04-12,2.319977282462737e+18,0.02770000789803373,10
2023-04-13,2.347410762195102e+18,0.011824891536542903,10
2023-04-14,2.344855313238069e+18,-0.0010886245382308868,10
2023-04-17,2.315703368219119e+18,-0.012432300131428408,10
2023-04-18,2.299229365174301e+18,-0.007114038555588964,10
2023-04-19,2.2890812938088586e+18,-0.0044136837842939204,10
2023-04-20,2.2666625790620718e+18,-0.009793760845200805,10
2023-04-21,2.1827373613740626e+18,-0.03702589810378256,10
2023-04-24,2.2055108435094423e+18,0.010433450463799043,10
2023-04-25,2.190259802652175e+18,-0.006914969791306647,10
2023-04-26,2.2027781033603443e+18,0.0057154410143539875,10
2023-04-27,2.2438742143197348e+18,0.018656491498938645,10
2023-04-28,2.330280129334413e+18,0.03850746822761333,10
2023-05-04,2.383770798328764e+18,0.02295460889915805,10
2023-05-05,2.3854130901497784e+18,0.0006889470339034309,10
2023-05-08,2.3676764397925417e+18,-0.007435462826324546,10
2023-05-09,2.31246669055927e+18,-0.023318114040155415,10
2023-05-10,2.3327562325122345e+18,0.008773982360825872,10
2023-05-11,2.3706860949483694e+18,0.016259676818133017,10
2023-05-12,2.3695041393383465e+18,-0.0004985711151475281,10
2023-05-15,2.3722231308761375e+18,0.0011474938965712722,10
2023-05-16,2.342150463850673e+18,-0.012676997637384002,10
2023-05-17,2.378622184969773e+18,0.015571895009314496,10
2023-05-18,2.387745948760145e+18,0.003835734757719811,10
2023-05-19,2.3915148999533066e+18,0.0015784556958913121,10
2023-05-22,2.425555001256834e+18,0.014233698190294474,10
2023-05-23,2.4505471966782904e+18,0.010303701795467978,10
2023-05-24,2.44229876044715e+18,-0.003365956894166766,10
2023-05-25,2.4321433835684536e+18,-0.004158122275276866,10
2023-05-26,2.4013724009508163e+18,-0.012651796282047278,10
2023-05-29,2.3115799116549924e+18,-0.0373921551110817,10
2023-05-30,2.3120730819127583e+18,0.00021334770010746906,10
2023-05-31,2.34890481794423e+18,0.01593017812438737,10
2023-06-01,2.370903501739548e+18,0.00936550669369889,10
2023-06-02,2.435571861991504e+18,0.027275829743601036,10
2023-06-05,2.471181798707478e+18,0.014620770288772005,10
2023-06-06,2.4358912600999987e+18,-0.014280834629786306,10
2023-06-07,2.4696537494160835e+18,0.013860425491529807,10
2023-06-08,2.440569927926238e+18,-0.011776477369235101,10
2023-06-09,2.4296630896198124e+18,-0.004468971850232206,10
2023-06-12,2.449522499608928e+18,0.008173729960322873,10
2023-06-13,2.4995928230120125e+18,0.020440850578461088,10
2023-06-14,2.52955176892415e+18,0.01198553045773133,10
2023-06-15,2.5233912860388306e+18,-0.002435404944465436,10
2023-06-16,2.546141100466427e+18,0.009015571446832137,10
2023-06-19,2.5321360978022277e+18,-0.005500481753204301,10
2023-06-20,2.4736650730594345e+18,-0.023091580580342108,10
2023-06-21,2.4608719322190177e+18,-0.005171735244090259,10
2023-06-26,2.4739865154102927e+18,0.00532924246059765,10
2023-06-27,2.5673083577883187e+18,0.03772124132315624,10
2023-06-28,2.588047761759716e+18,0.0080782676177097,10
2023-06-29,2.619469858212041e+18,0.012141235148983465,10
2023-06-30,2.67176274343546e+18,0.019963155926181197,10
2023-07-03,2.7213602879713603e+18,0.018563603620030057,10
2023-07-04,2.744661905975594e+18,0.008562489173972532,10
2023-07-05,2.7436240683044664e+18,-0.00037812951346331,10
2023-07-06,2.7453472553180534e+18,0.0006280696519226691,10
2023-07-07,2.7267648238927104e+18,-0.0067686998026740275,10
2023-07-10,2.7208024917702333e+18,-0.002186595657327417,10
2023-07-11,2.7545428624049894e+18,0.012400889346732247,10
2023-07-12,2.7184094270087235e+18,-0.013117761168079256,10
2023-07-13,2.7292375928721736e+18,0.003983272628422763,10
2023-07-14,2.749221281431506e+18,0.007322077275911332,10
2023-07-17,2.7627442333064264e+18,0.004918829912402989,10
2023-07-18,2.784868792406203e+18,0.008008182166504174,10
2023-07-19,2.784028061981337e+18,-0.00030189229279243835,10
2023-07-20,2.754225251883269e+18,-0.010704924460013532,10
2023-07-21,2.756438640611501e+18,0.0008036338809683574,10
2023-07-24,2.785948348052457e+18,0.010705737108085733,10
2023-07-25,2.846393904219179e+18,0.02169658177940644,10
2023-07-26,2.835563586741709e+18,-0.0038049257558543936,10
2023-07-27,2.833301855922417e+18,-0.0007976300830872085,10
2023-07-28,2.8316420300219187e+18,-0.0005858274144100783,10
2023-07-31,2.831710871849077e+18,2.431162782182694e-05,10
2023-08-01,2.8618159547607885e+18,0.010631411282484737,10
2023-08-02,2.845689353613039e+18,-0.005635093731629426,10
2023-08-03,2.842969671423987e+18,-0.0009557199859496102,10
2023-08-04,2.8348043807933005e+18,-0.002872099098614922,10
2023-08-07,2.82799079028944e+18,-0.0024035487422078726,10
2023-08-08,2.852812914935036e+18,0.008777300382599629,10
2023-08-09,2.8315472027308933e+18,-0.007454296106419278,10
2023-08-10,2.8727761929970386e+18,0.014560587309433414,10
2023-08-11,2.840609293474847e+18,-0.011197147762712823,10
2023-08-14,2.853193561383744e+18,0.004430129809757277,10
2023-08-15,2.866264520732953e+18,0.00458116810794631,10
2023-08-16,2.8966445643009536e+18,0.010599176505953434,10
2023-08-17,2.947490741959268e+18,0.017553474901600342,10
2023-08-18,2.9907683998613985e+18,0.01468288170885429,10
2023-08-21,2.9956075125884503e+18,0.001618016536244027,10
2023-08-22,2.945651148782141e+18,-0.01667653843047793,10
2023-08-23,2.944984659694438e+18,-0.00022626205685581934,10
2023-08-24,2.89024120667889e+18,-0.01858870566111125,10
2023-08-25,2.836832478524251e+18,-0.01847898647047851,10
2023-08-28,2.8559983065637704e+18,0.0067560662057456365,10
2023-08-29,2.9498866777911153e+18,0.03287409905375882,10
2023-08-30,2.9930119527463194e+18,0.014619298863201225,10
2023-08-31,2.956501693941716e+18,-0.012198500834954074,10
2023-09-01,2.98819160995234e+18,0.010718720735239462,10
2023-09-04,3.016756949631198e+18,0.009559406961628547,10
2023-09-05,3.0000338038857784e+18,-0.005543418321275117,10
2023-09-06,3.011809299762177e+18,0.0039251210640181226,10
2023-09-07,2.959145178723484e+18,-0.017485875032941644,10
2023-09-08,2.97196109565445e+18,0.004330952405820998,10
2023-09-11,2.954672829768969e+18,-0.005817123888586495,10
2023-09-12,2.9408456174997437e+18,-0.004679777784502359,10
2023-09-13,2.916714615845142e+18,-0.008205463595575346,10
2023-09-14,2.8978812539340626e+18,-0.006457046503201424,10
2023-09-15,2.9153824648993654e+18,0.006039312667330221,10
2023-09-18,2.9419389328889774e+18,0.009109085449112219,10
2023-09-19,2.958940664873026e+18,0.0057790907193824405,10
2023-09-20,2.9711993709196815e+18,0.004142937434394889,10
2023-09-21,2.948353986632683e+18,-0.007688943566222961,10
2023-09-22,2.960118463815788e+18,0.003990184773077854,10
2023-09-25,2.939299452503606e+18,-0.0070331682892667,10
2023-09-26,2.9801782012293463e+18,0.013907650236494729,10
2023-09-27,3.032142328747152e+18,0.017436583992316325,10
2023-09-28,3.0747019233847424e+18,0.014036146731666022,10
2023-10-09,3.1006809154298184e+18,0.008449271731835939,10
2023-10-10,3.103823576988845e+18,0.0010135391692155048,10
2023-10-11,3.103617225045261e+18,-6.648314199109162e-05,10
2023-10-12,3.105087257473932e+18,0.0004736513307144863,10
2023-10-13,3.0902918060046356e+18,-0.004764906826268256,10
2023-10-16,3.158268505653526e+18,0.021996854639036813,10
2023-10-17,3.14129111851918e+18,-0.005375536343396959,10
2023-10-18,3.0704520846723994e+18,-0.022550929275276597,10
2023-10-19,3.025405894026408e+18,-0.014670865854204507,10
2023-10-20,3.0345875157876705e+18,0.0030348396489183636,10
2023-10-23,2.9664965304047493e+18,-0.02243830010789697,10
2023-10-24,3.065602334162184e+18,0.03340836665125404,10
2023-10-25,3.16000220968867e+18,0.030793255366007966,10
2023-10-26,3.1466004275668654e+18,-0.004241067326065362,10
2023-10-27,3.1790490793247124e+18,0.010312288612678555,10
2023-10-30,3.1838256968506337e+18,0.001502530287118431,10
2023-10-31,3.185706626383067e+18,0.0005907765410318345,10
2023-11-01,3.2144443290432143e+18,0.009020825214145623,10
2023-11-02,3.214427342313948e+18,-5.2844994429035456e-06,10
2023-11-03,3.2405743669648763e+18,0.008134271478696952,10
2023-11-06,3.270726728110093e+18,0.009304634836526637,10
2023-11-07,3.282913975103628e+18,0.0037261587428849773,10
2023-11-08,3.280452632197096e+18,-0.0007497433454539571,10
2023-11-09,3.2579449478063283e+18,-0.006861152076959964,10
2023-11-10,3.2778793310323983e+18,0.006118698610758422,10
2023-11-13,3.2924281467942994e+18,0.004438484243200791,10
2023-11-14,3.3034856330879524e+18,0.0033584594106994435,10
2023-11-15,3.317547101488628e+18,0.004256555033820919,10
2023-11-16,3.3032274328725724e+18,-0.004316342218511493,10
2023-11-17,3.360867998250536e+18,0.017449771942538696,10
2023-11-20,3.3951294040542223e+18,0.010194213465545577,10
2023-11-21,3.3802559432063964e+18,-0.004380822960699205,10
2023-11-22,3.3936755583875543e+18,0.003969999729792073,10
2023-11-23,3.405711174925915e+18,0.003546484138300754,10
2023-11-24,3.358763610021469e+18,-0.013784951950738311,10
2023-11-27,3.342191161526823e+18,-0.004934091951335773,10
2023-11-28,3.3873460117990543e+18,0.013510552834926182,10
2023-11-29,3.3679688958402765e+18,-0.005720441871389026,10
2023-11-30,3.3715817517180943e+18,0.00107271058301045,10
2023-12-01,3.378080803690612e+18,0.0019275973270427515,10
2023-12-04,3.372020935477142e+18,-0.0017938789998302785,10
2023-12-05,3.342320591436993e+18,-0.008807876525222792,10
2023-12-06,3.3578917364962724e+18,0.004658782613245549,10
2023-12-07,3.3548199324971663e+18,-0.0009148013813902956,10
2023-12-08,3.348444614240293e+18,-0.001900345885964627,10
2023-12-11,3.337344964308555e+18,-0.0033148674117330357,10
2023-12-12,3.3257203782786345e+18,-0.0034831838345271483,10
2023-12-13,3.3355869814422057e+18,0.0029667566846609205,10
2023-12-14,3.34085909640149e+18,0.0015805658759958762,10
2023-12-15,3.3390323992796503e+18,-0.0005467746675719587,10
2023-12-18,3.2849245460854093e+18,-0.016204650546641573,10
2023-12-19,3.32479733141139e+18,0.012138112996688589,10
2023-12-20,3.319223248966612e+18,-0.001676517961596058,10
2023-12-21,3.3650281919613517e+18,0.013799898216849571,10
2023-12-22,3.289738170830634e+18,-0.022374261621515245,10
2023-12-25,3.283418060052104e+18,-0.0019211592079177663,10
2023-12-26,3.268740418836121e+18,-0.004470232223718085,10
2023-12-27,3.316116433886306e+18,0.014493660853942592,10
2023-12-28,3.374928935393129e+18,0.017735354798111846,10
2023-12-29,3.394127988488485e+18,0.00568872810743184,10
2024-01-02,3.4435598740210857e+18,0.014563942697580611,10
2024-01-03,3.439601252441933e+18,-0.001149572455242498,10
2024-01-04,3.439532720581637e+18,-1.9924361943646218e-05,10
2024-01-05,3.394495392863583e+18,-0.013094025083278771,10
2024-01-08,3.32812603522162e+18,-0.01955205412312381,10
2024-01-09,3.362402542952798e+18,0.010299041372961535,10
2024-01-10,3.3545778938309596e+18,-0.0023271006436269928,10
2024-01-11,3.379826937330938e+18,0.007526742350031812,10
2024-01-12,3.363975015985758e+18,-0.004690157703073992,10
2024-01-15,3.346797398224105e+18,-0.005106345225521657,10
2024-01-16,3.3183211954637066e+18,-0.00850849315692321,10
2024-01-17,3.250949272333504e+18,-0.020303014434619262,10
2024-01-18,3.1757061552806354e+18,-0.02314496805385697,10
2024-01-19,3.1668006749254185e+18,-0.002804252005623632,10
2024-01-22,3.041321923490952e+18,-0.03962319208404909,10
2024-01-23,3.055825352895456e+18,0.004768791258985339,10
2024-01-24,3.1117559768313006e+18,0.01830295173212344,10
2024-01-25,3.2636120763661066e+18,0.048800773796357035,10
2024-01-26,3.269371989134123e+18,0.0017648889124192602,10
2024-01-29,3.099960112887621e+18,-0.05181786496291907,10
2024-01-30,2.949111336980965e+18,-0.04866152157233409,10
2024-01-31,2.7609913273540977e+18,-0.06378871060848018,10
2024-02-01,2.67875421345558e+18,-0.02978535755754317,10
2024-02-02,2.529992262815471e+18,-0.055534005282331066,10
2024-02-05,2.1084771237098867e+18,-0.16660728386438078,10
2024-02-06,2.049634835436609e+18,-0.027907482424919094,10
2024-02-07,1.823334654623681e+18,-0.1104099993327455,10
2024-02-08,2.0610550754356163e+18,0.1303767359486723,10
2024-02-19,2.208279767772983e+18,0.07143171188972233,10
2024-02-20,2.2565850871417385e+18,0.021874637477420023,10
2024-02-21,2.40857379638495e+18,0.06735341384167559,10
2024-02-22,2.5533217520011023e+18,0.060096956893497075,10
2024-02-23,2.744004981791475e+18,0.07468045483924217,10
2024-02-26,2.861218555225274e+18,0.0427162392967936,10
2024-02-27,2.9600630571279913e+18,0.03454629557123623,10
2024-02-28,2.636776597542077e+18,-0.10921607186962565,10
2024-02-29,2.7900089569703327e+18,0.05811351616632756,10
2024-03-01,2.8125371119321236e+18,0.008074581590682296,10
2024-03-04,2.759850937000727e+18,-0.01873261501435005,10
2024-03-05,2.6538134991927777e+18,-0.038421436602364266,10
2024-03-06,2.7277536033529605e+18,0.027861831354265676,10
2024-03-07,2.706496005544545e+18,-0.007793078444580248,10
2024-03-08,2.716848600351753e+18,0.003825091478428122,10
2024-03-11,2.7766576332121247e+18,0.022014120644274306,10
2024-03-12,2.8540576305140275e+18,0.027875239776091455,10
2024-03-13,2.8470698264258504e+18,-0.002448375258252378,10
2024-03-14,2.8176984610978524e+18,-0.010316348779148221,10
2024-03-15,2.891546587014648e+18,0.026208668860905095,10
2024-03-18,2.9720784251623987e+18,0.027850783559705626,10
2024-03-19,2.9731190646695117e+18,0.000350138643147091,10
2024-03-20,3.03273801867816e+18,0.02005266278001392,10
2024-03-21,3.019560530970317e+18,-0.004345079471647417,10
2024-03-22,2.967114800086817e+18,-0.01736866353417551,10
2024-03-25,2.888581400066571e+18,-0.026467934445255702,10
2024-03-26,2.871791985270305e+18,-0.005812339162704172,10
2024-03-27,2.764658661666467e+18,-0.03730539125164184,10
2024-03-28,2.8261147389742874e+18,0.022229173590195207,10
2024-03-29,2.888337358665794e+18,0.022017018217062857,10
2024-04-01,2.971244939606218e+18,0.02870425807140533,10
2024-04-02,2.9893650415014216e+18,0.006098488096240395,10
2024-04-03,2.972059363201209e+18,-0.005789081647760619,10
2024-04-08,2.792709418934477e+18,-0.060345343867409904,10
2024-04-09,2.8392808488766577e+18,0.01667607436220475,10
2024-04-10,2.735765976169272e+18,-0.036458130849697734,10
2024-04-11,2.7411539018576604e+18,0.0019694395409995957,10
2024-04-12,2.6920277272091976e+18,-0.017921713412432105,10
2024-04-15,2.402005501013701e+18,-0.10773374407111329,10
2024-04-16,2.1620702787374198e+18,-0.0998895390435297,10
2024-04-17,2.445083010250519e+18,0.13089895101761903,10
2024-04-18,2.3994342760342584e+18,-0.018669605091069373,10
2024-04-19,2.3626563495304243e+18,-0.015327749074511043,10
2024-04-22,2.315031450278494e+18,-0.02015735350652904,10
2024-04-23,2.46782258422082e+18,0.06599959319081616,10
2024-04-24,2.5676632185293297e+18,0.040456974073779794,10
2024-04-25,2.592710701097152e+18,0.009754971908725929,10
2024-04-26,2.594989712742849e+18,0.0008790073048769874,10
2024-04-29,2.8341479100794424e+18,0.09216152039531927,10
2024-04-30,2.8784380166056704e+18,0.015627309488228748,10
2024-05-06,3.0102563490586936e+18,0.045795091536647514,10
2024-05-07,3.0458530929858284e+18,0.011825153674458844,10
2024-05-08,2.979064581514247e+18,-0.02192768640923143,10
2024-05-09,3.0432856746762583e+18,0.021557469267540142,10
2024-05-10,2.9675458862618317e+18,-0.02488750531856777,10
2024-05-13,2.872465896561298e+18,-0.03203993917691518,10
2024-05-14,2.977991790841043e+18,0.036737039909184775,10
2024-05-15,2.972171132676245e+18,-0.0019545581632224975,10
2024-05-16,3.036512715564996e+18,0.021648007472172447,10
2024-05-17,3.067619349325875e+18,0.01024419677264261,10
2024-05-20,3.0748803399647483e+18,0.002366979019241278,10
2024-05-21,3.0106424562108575e+18,-0.020891181656398083,10
2024-05-22,3.0155785785335434e+18,0.0016395578001972666,10
2024-05-23,2.995737882631604e+18,-0.006579399403874087,10
2024-05-24,3.010035789716422e+18,0.004772749701405199,10
2024-05-27,2.9414922293186053e+18,-0.022771676214612145,10
2024-05-28,2.858348977280584e+18,-0.02826567114789933,10
2024-05-29,2.854435316102543e+18,-0.0013692034139808685,10
2024-05-30,2.710836156336961e+18,-0.05030737917076109,10
2024-05-31,2.693577465736484e+18,-0.006366556149154534,10
2024-06-03,2.5298920085746156e+18,-0.060768795122479645,10
2024-06-04,2.435706268140964e+18,-0.037229154491348226,10
2024-06-05,2.438079334984259e+18,0.0009742828494285982,10
2024-06-06,2.270837570275542e+18,-0.068595702489639,10
2024-06-07,2.389262232467967e+18,0.0521502126539396,10
2024-06-11,2.4073219025804575e+18,0.007558680611561064,10
2024-06-12,2.5106088009267917e+18,0.042905312428561646,10
2024-06-13,2.6272245989745864e+18,0.04644921104584112,10
2024-06-14,2.6143561247925345e+18,-0.004898124883222521,10
2024-06-17,2.6036496954506537e+18,-0.004095245188805519,10
2024-06-18,2.6626779064912993e+18,0.022671333683553917,10
2024-06-19,2.6616452759729393e+18,-0.0003878165345658102,10
2024-06-20,2.6509590307210885e+18,-0.0040149021164904266,10
2024-06-21,2.593991655876557e+18,-0.021489345623359545,10
2024-06-24,2.449772556397594e+18,-0.05559736445267337,10
2024-06-25,2.4578952585012424e+18,0.003315696423505077,10
2024-06-26,2.548101048893566e+18,0.03670042085004408,10
2024-06-27,2.5029272878638054e+18,-0.017728402509537743,10
2024-06-28,2.529998382612138e+18,0.010815773546276974,10
2024-07-01,2.5458836206404516e+18,0.006278754222725236,10
2024-07-02,2.6181414292859566e+18,0.028382211998884653,10
2024-07-03,2.680881717294906e+18,0.02396367411903353,10
2024-07-04,2.5768943859078784e+18,-0.038788481683538836,10
2024-07-05,2.664837147802188e+18,0.03412742189793936,10
2024-07-08,2.5783941529880837e+18,-0.03243837803949773,10
2024-07-09,2.56342574580719e+18,-0.005805321565574761,10
2024-07-10,2.502554361555161e+18,-0.02374610786038641,10
2024-07-11,2.6233638380686106e+18,0.04827446642892299,10
2024-07-12,2.627558343529644e+18,0.00159890343846546,10
2024-07-15,2.6033071923258445e+18,-0.00922953861843554,10
2024-07-16,2.645074487977824e+18,0.016043936641478053,10
2024-07-17,2.6175131189702697e+18,-0.010419883875794057,10
2024-07-18,2.6171439893201664e+18,-0.00014102303725933575,10
2024-07-19,2.629109841986255e+18,0.00457210329844957,10
2024-07-22,2.721571726943819e+18,0.035168513494936327,10
2024-07-23,2.708835441808189e+18,-0.004679753617933069,10
2024-07-24,2.6628909293189084e+18,-0.01696098322554861,10
2024-07-25,2.6878377648156385e+18,0.009368327940908494,10
2024-07-26,2.7076111145299016e+18,0.007356600897978427,10
2024-07-29,2.7339664532624645e+18,0.009733797660650745,10
2024-07-30,2.7575927803287485e+18,0.008641776506837017,10
2024-07-31,2.832054607189247e+18,0.027002473821251406,10
2024-08-01,2.8783778722794726e+18,0.01635676973623058,10
2024-08-02,2.841295688736941e+18,-0.012883014387949376,10
2024-08-05,2.839410161596431e+18,-0.0006636152470805845,10
2024-08-06,2.8757025008787533e+18,0.01278164731999042,10
2024-08-07,2.8888077033676933e+18,0.004557217752856957,10
2024-08-08,2.9417884694820183e+18,0.01834001136612916,10
2024-08-09,2.887436987657258e+18,-0.018475659412156877,10
2024-08-12,2.8847408353023785e+18,-0.0009337527940538437,10
2024-08-13,2.912751746681419e+18,0.00971002699315423,10
2024-08-14,2.9134386014518625e+18,0.00023580958151568908,10
2024-08-15,2.907024138649596e+18,-0.0022016811334449105,10
2024-08-16,2.8554846222357504e+18,-0.017729304593179996,10
2024-08-19,2.822870253773936e+18,-0.011421657888767844,10
2024-08-20,2.789773443230066e+18,-0.0117245241787582,10
2024-08-21,2.7881662569709455e+18,-0.0005760992036901502,10
2024-08-22,2.7798916075003034e+18,-0.0029677747695115555,10
2024-08-23,2.719925697047459e+18,-0.02157131245371331,10
2024-08-26,2.7825219874576215e+18,0.023013970741227362,10
2024-08-27,2.7917882867752827e+18,0.0033301800882184706,10
2024-08-28,2.804591309002954e+18,0.004585957426757404,10
2024-08-29,2.859739037150074e+18,0.0196633741144711,10
2024-08-30,2.905171422709824e+18,0.0158868991084677,10
2024-09-02,2.855525788031155e+18,-0.017088710941663164,10
2024-09-03,2.9013181860849505e+18,0.016036415516096213,10
2024-09-04,2.801583246877083e+18,-0.034375732963798054,10
2024-09-05,2.845595407195521e+18,0.015709745683087716,10
2024-09-06,2.8018932583783337e+18,-0.015357822375830433,10
2024-09-09,2.8141619676422006e+18,0.004378721147631481,10
2024-09-10,2.8505569591215406e+18,0.012932799141562267,10
2024-09-11,2.8184416999952e+18,-0.01126631026388535,10
2024-09-12,2.838603773991162e+18,0.00715362464158682,10
2024-09-13,2.79584333629293e+18,-0.015063897994509235,10
2024-09-18,2.7311063789775616e+18,-0.023154715600483045,10
2024-09-19,2.8174207861877704e+18,0.031604190841706334,10
2024-09-20,2.790776851143757e+18,-0.009456853294557166,10
2024-09-23,2.809364299546933e+18,0.0066603133803258665,10
2024-09-24,2.89722935744075e+18,0.03127577933128395,10
2024-09-25,2.953639236345931e+18,0.019470284173500885,10
2024-09-26,3.046765842068523e+18,0.03152944495611563,10
2024-09-27,3.1770879570398024e+18,0.04277391887878088,10
2024-09-30,3.525877070993439e+18,0.10978264331045313,10
2024-10-08,3.9027965162194755e+18,0.10690090370049021,10
2024-10-09,3.565125548491472e+18,-0.08652025959454719,10
2024-10-10,3.5658253116362163e+18,0.00019628008473366877,10
2024-10-11,3.4833889886586604e+18,-0.023118441250765842,10
2024-10-14,3.584951889697952e+18,0.029156347846870802,10
2024-10-15,3.5888185416186214e+18,0.0010785784690112155,10
2024-10-16,3.620253972019267e+18,0.008759269948061487,10
2024-10-17,3.582455419847486e+18,-0.010440856487949235,10
2024-10-18,3.6704071965444096e+18,0.024550696767824155,10
2024-10-21,3.719655387778231e+18,0.013417636953247969,10
2024-10-22,3.8494607487106115e+18,0.034897147020362396,10
2024-10-23,3.960862407769006e+18,0.02893954928510678,10
2024-10-24,3.99329703485118e+18,0.008188779044319982,10
2024-10-25,4.088105343929575e+18,0.023741862488806477,10
2024-10-28,4.296474319245585e+18,0.05096957093471599,10
2024-10-29,4.2566407465891533e+18,-0.009271223262757821,10
2024-10-30,4.2952814817496504e+18,0.00907775343537276,10
2024-10-31,4.419636713696818e+18,0.028951590827177343,10
2024-11-01,4.3430468182643753e+18,-0.01732945497422541,10
2024-11-04,4.436480838002494e+18,0.021513472833216706,10
2024-11-05,4.588339693836391e+18,0.034229575507931355,10
2024-11-06,4.6112494134028104e+18,0.004993030397726439,10
2024-11-07,4.773604051389036e+18,0.03520838354879137,10
2024-11-08,4.755504855878623e+18,-0.003791515868423434,10
2024-11-11,4.971789226578934e+18,0.04548084320278758,10
2024-11-12,4.947637966603367e+18,-0.004857659662331271,10
2024-11-13,4.955697663973224e+18,0.0016289990141275857,10
2024-11-14,4.828500559062588e+18,-0.025666841186727206,10
2024-11-15,4.794547263541338e+18,-0.007031850800456785,10
2024-11-18,4.598769256993525e+18,-0.04083347097994984,10
2024-11-19,4.659825356989274e+18,0.013276617412995417,10
2024-11-20,4.813333855286888e+18,0.03294297243723243,10
2024-11-21,4.851657509462004e+18,0.007961977150830957,10
2024-11-22,4.656607018466658e+18,-0.04020285657323208,10
2024-11-25,4.809338480150683e+18,0.0327988728871341,10
2024-11-26,4.760983403382383e+18,-0.010054413297769248,10
2024-11-27,4.810676603231454e+18,0.010437591488718012,10
2024-11-28,4.841506674655523e+18,0.0064086767760192734,10
2024-11-29,4.867086888060682e+18,0.005283523317042538,10
2024-12-02,4.990649218292864e+18,0.025387327794638058,10
2024-12-03,5.005156785533127e+18,0.002906949898840183,10
2024-12-04,4.952343191304627e+18,-0.01055183613451468,10
2024-12-05,5.052159206893496e+18,0.020155310674778402,10
2024-12-06,5.104430209102743e+18,0.010346269796471163,10
2024-12-09,5.09232179916316e+18,-0.0023721374264243033,10
2024-12-10,5.086822006765559e+18,-0.0010800166632251918,10
2024-12-11,5.121672290780918e+18,0.006851091697135825,10
2024-12-12,5.190686152145917e+18,0.013474868645779159,10
2024-12-13,5.063655896880222e+18,-0.024472728949943855,10
2024-12-16,5.185273402867987e+18,0.024017727204310092,10
2024-12-17,4.929357182457525e+18,-0.049354431391971446,10
2024-12-18,4.935321466053038e+18,0.0012099515970843244,10
2024-12-19,4.877089727079974e+18,-0.011798975887103502,10
2024-12-20,4.963595963872173e+18,0.017737265794367983,10
2024-12-23,4.600785309943473e+18,-0.07309431641282628,10
2024-12-24,4.577384283085002e+18,-0.005086311419030054,10
2024-12-25,4.434888857734582e+18,-0.031130317346740977,10
2024-12-26,4.5607485616301957e+18,0.028379449391637147,10
2024-12-27,4.597051008447944e+18,0.007959756238956584,10
2024-12-30,4.514143792102607e+18,-0.01803486978782264,10
2024-12-31,4.4160460772103424e+18,-0.021731189658575824,10
2025-01-02,4.3905500703417523e+18,-0.005773492038537831,10
2025-01-03,4.199263088793945e+18,-0.04356788522694553,10
2025-01-06,4.1780545965592294e+18,-0.005050527148754302,10
2025-01-07,4.32819753594067e+18,0.03593608841423197,10
2025-01-08,4.283811516948729e+18,-0.010255081618471995,10
2025-01-09,4.3064759500028564e+18,0.005290716681734686,10
2025-01-10,4.146723791764369e+18,-0.03709579714206499,10
2025-01-13,4.18831658640776e+18,0.010030278536032899,10
2025-01-14,4.430835922469967e+18,0.05790377376181366,10
2025-01-15,4.415054442449994e+18,-0.0035617387545181733,10
2025-01-16,4.437449109162634e+18,0.005072342143127151,10
2025-01-17,4.4444660082517524e+18,0.0015812911689803144,10
2025-01-20,4.522771668866641e+18,0.01761868815500074,10
2025-01-21,4.4928759500805683e+18,-0.006610043790595388,10
2025-01-22,4.5006630011694863e+18,0.0017331996644104342,10
2025-01-23,4.5409380910894464e+18,0.00894870153786118,10
2025-01-24,4.609218462290788e+18,0.015036622352400275,10
2025-01-27,4.678606550396974e+18,0.015054198162631694,10
2025-02-05,4.828443281818953e+18,0.032025931184417634,10
2025-02-06,4.883894687404406e+18,0.01148432369377721,10
2025-02-07,4.925203303592937e+18,0.008458130003307895,10
2025-02-10,5.041340395737837e+18,0.023580162073751597,10
2025-02-11,5.037220569107294e+18,-0.0008172085808815898,10
2025-02-12,5.05965590526335e+18,0.004453911804785405,10
2025-02-13,4.98812588210903e+18,-0.014137329591901759,10
2025-02-14,5.041841740567069e+18,0.010768745562476955,10
2025-02-17,5.14612741654428e+18,0.02068404391556351,10
2025-02-18,5.010857800923577e+18,-0.02628571052979063,10
2025-02-19,5.118226113992292e+18,0.021427132306354003,10
2025-02-20,5.157913980972659e+18,0.007754223064093879,10
2025-02-21,5.109899186004007e+18,-0.009308956129508383,10
2025-02-24,5.162307999781085e+18,0.010256330285463444,10
2025-02-25,5.122469662685841e+18,-0.007717156182260631,10
2025-02-26,5.164355929327766e+18,0.008176967244343348,10
2025-02-27,5.148425795094934e+18,-0.003084631355938694,10
2025-02-28,5.029183419721741e+18,-0.02316093891977593,10
2025-03-03,5.128494370404361e+18,0.01974693352665897,10
2025-03-04,5.226372523352738e+18,0.019085163379180925,10
2025-03-05,5.186840560305055e+18,-0.007563939017175636,10
2025-03-06,5.317242121451982e+18,0.025140846268707672,10
2025-03-07,5.253543651129367e+18,-0.01197960688410793,10
2025-03-10,5.355841421144103e+18,0.019472146194644414,10
2025-03-11,5.394780866437456e+18,0.007270462702578262,10
2025-03-12,5.464546442088783e+18,0.012932049953198244,10
2025-03-13,5.424080547380456e+18,-0.007405169877714257,10
2025-03-14,5.531421933995676e+18,0.01978978477136737,10
2025-03-17,5.576009281433757e+18,0.008060738806427038,10
2025-03-18,5.657314410946632e+18,0.014581239988891982,10
2025-03-19,5.571795563504797e+18,-0.015116509571460213,10
2025-03-20,5.574921536056856e+18,0.0005610350409361087,10
2025-03-21,5.417019683087878e+18,-0.028323600959711703,10
2025-03-24,5.144913965671754e+18,-0.05023162796798526,10
2025-03-25,5.152659107723928e+18,0.0015053977780486894,10
2025-03-26,5.329354621922925e+18,0.03429210248629226,10
2025-03-27,5.23721806025426e+18,-0.01728850268091552,10
2025-03-28,5.132203829040323e+18,-0.020051529267207824,10
2025-03-31,5.075233927547426e+18,-0.011100475232596085,10
2025-04-01,5.187044560469679e+18,0.02203063632503053,10
2025-04-02,5.19773199075361e+18,0.0020604084193490803,10
2025-04-03,5.174366879547667e+18,-0.004495251245640775,10
2025-04-07,4.3712714850921667e+18,-0.15520650412900486,10
2025-04-08,4.4715938322569385e+18,0.022950381257927498,10
2025-04-09,4.691467603189345e+18,0.049171230478558495,10
2025-04-10,4.856592129159818e+18,0.03519677421585894,10
2025-04-11,4.835825305008707e+18,-0.004276007455191411,10
2025-04-14,4.908640191705394e+18,0.015057385679600466,10
2025-04-15,4.946589490921217e+18,0.007731122619243802,10
2025-04-16,4.855581833953714e+18,-0.018398061358140726,10
2025-04-17,4.937935782729594e+18,0.01696067569081048,10
2025-04-18,4.929163369470589e+18,-0.0017765344963954766,10
2025-04-21,4.978667482346629e+18,0.01004310654068602,10
2025-04-22,5.019435411867433e+18,0.008188522263308174,10
2025-04-23,5.091776496820732e+18,0.014412195599183043,10
2025-04-24,5.043534574120446e+18,-0.009474477666175629,10
2025-04-25,5.079908093927345e+18,0.007211910471188387,10
2025-04-28,5.122763761356892e+18,0.00843630763335621,10
2025-04-29,5.302040767889946e+18,0.034996149517066,10
2025-04-30,5.438293258816464e+18,0.025698122080027485,10
2025-05-06,5.643870843061506e+18,0.037801857027802366,10
2025-05-07,5.684813908915457e+18,0.007254429981204613,10
2025-05-08,5.769861138240461e+18,0.014960424507761628,10
2025-05-09,5.705489042942957e+18,-0.011156610836068592,10
2025-05-12,5.756250982213957e+18,0.008897035624629979,10
2025-05-13,5.717201098999991e+18,-0.0067839090641850786,10
2025-05-14,5.681415686655307e+18,-0.006259253737102855,10
2025-05-15,5.71179593480827e+18,0.005347302473276483,10
2025-05-16,5.787851239583566e+18,0.013315480042241456,10
2025-05-19,5.87140677165589e+18,0.01443636482929649,10
2025-05-20,6.010108771919756e+18,0.0236232994336975,10
2025-05-21,5.930910481369255e+18,-0.013177513678376284,10
2025-05-22,5.812516668793742e+18,-0.019962164822319096,10
2025-05-23,5.763786554349377e+18,-0.008383651561119554,10
2025-05-26,5.822808663454809e+18,0.010240162183121371,10
2025-05-27,5.873151194013733e+18,0.008645747004342407,10
2025-05-28,5.853205581673502e+18,-0.003396066554622468,10
2025-05-29,5.959648645304266e+18,0.018185430555188266,10
2025-05-30,5.88622446553848e+18,-0.01232021955247955,10
2025-06-03,5.952809709687507e+18,0.011312046378601026,10
2025-06-04,5.998742830831027e+18,0.007716208544138126,10
2025-06-05,5.989637485527604e+18,-0.0015178755883025641,10
2025-06-06,6.07538349049625e+18,0.01431572531323102,10
2025-06-09,6.16842344809833e+18,0.015314252630738823,10
2025-06-10,6.09668288645514e+18,-0.011630291312978191,10
2025-06-11,6.114625659640594e+18,0.002943038619462701,10
2025-06-12,6.141417243969073e+18,0.004381557567017647,10
2025-06-13,6.0004343939756e+18,-0.022956077464353897,10
2025-06-16,6.05649915572836e+18,0.009343450502358519,10
2025-06-17,6.032471782631302e+18,-0.003967204894981769,10
2025-06-18,5.975472773747513e+18,-0.009448698798376643,10
2025-06-19,5.816272447254222e+18,-0.026642298027482948,10
2025-06-20,5.775890198649127e+18,-0.006942977477638346,10
2025-06-23,5.985847487938533e+18,0.03635063722965368,10
2025-06-24,6.212928805776509e+18,0.03793636879247995,10
2025-06-25,6.231189091127111e+18,0.0029390784799631755,10
2025-06-26,6.22321298839721e+18,-0.0012800289981984125,10
2025-06-27,6.286134741919884e+18,0.010110814725446227,10
2025-06-30,6.495237294928777e+18,0.03326409019114181,10
2025-07-01,6.550598457139468e+18,0.00852334713835846,10
2025-07-02,6.578318550093831e+18,0.004231688621388752,10
2025-07-03,6.569703045614621e+18,-0.0013096818607373883,10
2025-07-04,6.483788835703102e+18,-0.013077335355190378,10
2025-07-07,6.585127540020697e+18,0.01562955038874364,10
2025-07-08,6.630447486892107e+18,0.006882166912634757,10
2025-07-09,6.627753396726856e+18,-0.0004063210168811615,10
2025-07-10,6.618414927065589e+18,-0.0014089947380779844,10
2025-07-11,6.600636076011751e+18,-0.0026862702398926077,10
2025-07-14,6.70025938054738e+18,0.015092985492365308,10
2025-07-15,6.597463681858419e+18,-0.01534204765078261,10
2025-07-16,6.678413411830991e+18,0.012269825780953637,10
2025-07-17,6.698115738480696e+18,0.0029501507970143394,10
2025-07-18,6.746457513517458e+18,0.007217220024885207,10
2025-07-21,6.889485213580255e+18,0.021200415147686048,10
2025-07-22,6.889072516376572e+18,-5.9902473245676544e-05,10
2025-07-23,6.835748002028928e+18,-0.007740448982193382,10
2025-07-24,6.969452187796753e+18,0.019559554525436208,10
2025-07-25,7.108498800216931e+18,0.019950866821877654,10
2025-07-28,7.176853015661525e+18,0.009615843986990159,10
2025-07-29,7.143642291203641e+18,-0.004627477305918015,10
2025-07-30,7.107939559053407e+18,-0.004997833135373664,10
2025-07-31,7.03454391602081e+18,-0.010325867633344431,10
2025-08-01,7.234992797456146e+18,0.028494936392226534,10
2025-08-04,7.347628127880379e+18,0.015568133041381238,10
2025-08-05,7.600988955331195e+18,0.03448198834252978,10
2025-08-06,7.646313689261004e+18,0.0059630048400503895,10
2025-08-07,7.632172613409846e+18,-0.0018493978178031668,10
2025-08-08,7.658698156942735e+18,0.003475490515804436,10
2025-08-11,7.824901939749454e+18,0.02170130998778854,10
2025-08-12,7.828209229237019e+18,0.00042266210018101493,10
2025-08-13,7.688411891337595e+18,-0.017858150415462126,10
2025-08-14,7.478817044940801e+18,-0.027261136546669708,10
2025-08-15,7.590483557400976e+18,0.014931039466424035,10
2025-08-18,7.608055281497454e+18,0.002314967678092794,10
2025-08-19,7.753813659463504e+18,0.019158427820645484,10
2025-08-20,7.783217228968559e+18,0.0037921429114005202,10
2025-08-21,7.826107502935465e+18,0.005510609906565667,10
2025-08-22,7.767512489527135e+18,-0.0074871209456745524,10
2025-08-25,7.739862436159974e+18,-0.003559705041278072,10
2025-08-26,7.966970925487206e+18,0.02934270359460136,10
2025-08-27,7.594857658774958e+18,-0.04670699443898031,10
2025-08-28,7.498532482634392e+18,-0.012682946865932954,10
2025-08-29,7.364223696780165e+18,-0.017911342808111807,10
2025-09-01,7.401482895934767e+18,0.00505948769194684,10
2025-09-02,7.316472366332751e+18,-0.011485607789313013,10
2025-09-03,7.121964771874733e+18,-0.026584887459297803,10
2025-09-04,7.217520744510824e+18,0.01341708021548349,10
2025-09-05,7.332331095170666e+18,0.015907172937072465,10
2025-09-08,7.557880029575522e+18,0.030760876926767655,10
2025-09-09,7.52421781050937e+18,-0.004453923446048958,10
2025-09-10,7.53901382055269e+18,0.001966451585525919,10
2025-09-11,7.576022011914736e+18,0.004908890239881924,10
2025-09-12,7.485624687404783e+18,-0.011932030340960641,10
2025-09-15,7.439296094669963e+18,-0.006189008221688108,10
2025-09-16,7.581819891458078e+18,0.01915823687811382,10
2025-09-17,7.516050292781922e+18,-0.008674645351342769,10
2025-09-18,7.33264323710487e+18,-0.024402052744802494,10
2025-09-19,7.2736705878917e+18,-0.008042481722655592,10
2025-09-22,7.2084318901023e+18,-0.008969157593966515,10
2025-09-23,7.079576070396048e+18,-0.017875707459091082,10
2025-09-24,7.278860337232098e+18,0.028149180806090503,10
2025-09-25,7.227019834704999e+18,-0.007122063087531638,10
2025-09-26,7.252968563970825e+18,0.0035905158501456256,10
2025-09-29,7.393141204409079e+18,0.01932624403400309,10
2025-09-30,7.454698788422273e+18,0.008326309793255738,10
2025-10-09,7.366338918164953e+18,-0.011852909522588606,10
2025-10-10,7.418638851951639e+18,0.007099854400904215,10
2025-10-13,7.403129699504333e+18,-0.0020905657704614724,10
2025-10-14,7.355422674664386e+18,-0.0064441698006644675,10
2025-10-15,7.316461107705207e+18,-0.005296985459908509,10
2025-10-16,7.239645297010037e+18,-0.010499039025065415,10
2025-10-17,7.137411013365126e+18,-0.01412144924933455,10
2025-10-20,7.28599252917441e+18,0.02081728452110416,10
2025-10-21,7.483736726564987e+18,0.027140323929618893,10
2025-10-22,7.53090029769301e+18,0.006302141944759443,10
2025-10-23,7.520551638871975e+18,-0.0013741595841077815,10
2025-10-24,7.578379604166232e+18,0.007689324941983933,10
2025-10-27,7.591527906845765e+18,0.0017349754652438154,10
2025-10-28,7.64325449543578e+18,0.006813725672189108,10
2025-10-29,7.410063334872288e+18,-0.030509406785125835,10
2025-10-30,7.347643389297612e+18,-0.008423672343112554,10
2025-10-31,7.489151984165179e+18,0.019259045025740607,10
2025-11-03,7.642369956443183e+18,0.020458654411335563,10
2025-11-04,7.72732701151602e+18,0.011116584980449817,10
2025-11-05,7.869767604943439e+18,0.018433359066484422,10
2025-11-06,7.853793133728331e+18,-0.002029852978768276,10
2025-11-07,7.886647435781808e+18,0.004183240059173832,10
2025-11-10,7.798527998143316e+18,-0.011173244189754628,10
2025-11-11,7.749225229914799e+18,-0.00632206080945723,10
2025-11-12,7.79195044752651e+18,0.005513482489420574,10
2025-11-13,7.808672850399359e+18,0.0021461125793166393,10
2025-11-14,7.968080654044345e+18,0.020414199275467594,10
2025-11-17,7.996925447757115e+18,0.003620042889265962,10
2025-11-18,7.916096333213024e+18,-0.010107523831769872,10
2025-11-19,7.696826475076896e+18,-0.027699240750286624,10
2025-11-20,7.765009793966708e+18,0.00885862752792933,10
2025-11-21,7.338925742156545e+18,-0.0548723135083775,10
2025-11-24,7.479406467373631e+18,0.019141864920383632,10
2025-11-25,7.622868099856868e+18,0.019180884620863915,10
2025-11-26,7.440055798301085e+18,-0.023982089045882404,10
2025-11-27,7.434312094790352e+18,-0.0007719973702407845,10
2025-11-28,7.609431967463243e+18,0.023555625650368728,10
2025-12-01,7.584793939007453e+18,-0.00323782754890749,10
2025-12-02,7.552765966426437e+18,-0.004222655597313163,10
2025-12-03,7.596425860832292e+18,0.005780649711632946,10
2025-12-04,7.333255659249741e+18,-0.034643950510920465,10
2025-12-05,7.422559425825649e+18,0.012177915338771184,10
2025-12-08,7.598273417654535e+18,0.02367296531402856,10
2025-12-09,7.502250712037556e+18,-0.01263743752546087,10
2025-12-10,7.33511817517494e+18,-0.02227765283749421,10
2025-12-11,7.102816734465962e+18,-0.03166976116283734,10
2025-12-12,6.901865760702888e+18,-0.028291730066463884,10
2025-12-15,6.976047607349899e+18,0.01074808598413778,10
2025-12-16,6.735466642052233e+18,-0.03448671494790147,10
2025-12-17,6.714492242765036e+18,-0.003114023185304815,10
2025-12-18,6.816309849954431e+18,0.015163858041403688,10
2025-12-19,6.902367080235066e+18,0.0126251934220994,10
2025-12-22,6.979896553756649e+18,0.011232302284181317,10
2025-12-23,6.834867621122558e+18,-0.02077809198419065,10
2025-12-24,6.853691915854525e+18,0.002754156448296452,10
2025-12-25,6.926511488639105e+18,0.010624868126349173,10
2025-12-26,6.809164092497513e+18,-0.01694177456199495,10
2025-12-29,6.698188559678761e+18,-0.01629796716766272,10
2025-12-30,6.480209327358141e+18,-0.0325430122455486,10
2025-12-31,6.440146994688933e+18,-0.006182259035996585,10
2026-01-05,6.552338751540087e+18,0.01742068262474068,10
2026-01-06,6.535858769043666e+18,-0.002515129806520899,10
2026-01-07,6.423198285287901e+18,-0.017237288585452416,10
2026-01-08,6.593978447597072e+18,0.02658802589051883,10
2026-01-09,6.666722861086575e+18,0.011031945898459928,10
2026-01-12,6.816601602290129e+18,0.02248162167927985,10
2026-01-13,6.809334245990317e+18,-0.0010661260146655027,10
2026-01-14,6.839915341553623e+18,0.004491055139687672,10
2026-01-15,6.744232765214665e+18,-0.013988853890876595,10
2026-01-16,6.582296101949831e+18,-0.0240111320149075,10
2026-01-19,6.658140568716557e+18,0.01152249391276391,10
2026-01-20,6.811931198034701e+18,0.023098134941868475,10
2026-01-21,7.057009042426917e+18,0.03597773337213435,10
2026-01-22,7.333191395511053e+18,0.03913589332587242,10
2026-01-23,7.522453986582048e+18,0.02580903468397814,10
2026-01-26,7.48926454346943e+18,-0.004412050000148743,10
2026-01-27,7.530274522996863e+18,0.005475835349305819,10
2026-01-28,7.376762544433812e+18,-0.020385973724362613,10
2026-01-29,7.307689138930802e+18,-0.009363647682428172,10
2026-01-30,7.447872128907718e+18,0.019182943788633278,10
2026-02-02,7.49868705364146e+18,0.006822743980325868,10
2026-02-03,7.678987016610961e+18,0.024044204229318605,10
2026-02-04,7.768296775260413e+18,0.01163040886203602,10
2026-02-05,7.781725294942271e+18,0.0017286311363160223,10
2026-02-06,7.86677406640971e+18,0.010929295014142332,10
2026-02-09,8.052144972944977e+18,0.02356377658369281,10
2026-02-10,8.130507633813081e+18,0.009731898907856258,10
2026-02-11,8.155664642143115e+18,0.0030941497706012213,10
2026-02-12,7.971719974643274e+18,-0.022554221583528107,10
2026-02-13,7.876689317053756e+18,-0.011920972875589464,10
2026-02-24,8.008085683144293e+18,0.016681674343312334,10
2026-02-25,8.062222750232355e+18,0.006760300679850389,10
2026-02-26,7.989667984320897e+18,-0.008999350198971702,10
2026-02-27,7.939826113262347e+18,-0.006238290646915538,10
2026-03-02,7.618467325443366e+18,-0.04047428536025469,10
2026-03-03,7.38115297167083e+18,-0.031149881417746304,10
2026-03-04,7.334340351650312e+18,-0.006342182610248857,10
2026-03-05,7.439321349098171e+18,0.014313625004358732,10
2026-03-06,7.71558385242518e+18,0.03713544426475103,10
2026-03-09,7.633094051018082e+18,-0.010691323299035894,10
2026-03-10,7.909601237126398e+18,0.03622478437448774,10
2026-03-11,7.794969051591703e+18,-0.014492789471690403,10
2026-03-12,7.633157825965644e+18,-0.020758417968704774,10
2026-03-13,7.620694491272506e+18,-0.001632788811301849,10
2026-03-16,7.641655416546682e+18,0.0027505269103991325,10
2026-03-17,7.512273168386823e+18,-0.016931180628703038,10
2026-03-18,7.659921551019039e+18,0.01965428829898645,10
